Test,Animal,Stage,Trial,Date,Time,Time of day,User,Recorded video file,AQ TRR to End of Test; Duration (s),Base; Duration (s),AQ TRR to End of Test; Distance (m),Base; Distance (m),AQ TRR to End of Test; Mean speed (m/s),Base; Mean speed (m/s),AQ TRR to End of Test; Path efficiency,Base; Path efficiency,AQ TRR to End of Test; Platform : mean distance from (m),Base; Platform : mean distance from (m),AQ TRR to End of Test; Platform : cumulative distance (m·s),Base; Platform : cumulative distance (m·s),AQ TRR to End of Test; Platform : path efficiency to entry,Base; Platform : path efficiency to entry,Platform : CIPL (m·s)
1,Y842,AQ (Day1),1,2/7/2022,9:48,am,Raul,MWM Cohort 127 videos\Test 1.szv,54,30,15.48,9.508,0.287,0.317,0.036,0.066,0.841,0.899,45.16,26.98,0.036,,45.47
2,Y842,AQ (Day1),2,2/7/2022,9:50,am,Raul,MWM Cohort 127 videos\Test 16386.szv,1.8,5.2,0.667,1.415,0.375,0.273,0.854,0.683,0.302,0.707,0.43,3.42,0.917,0.665,1.78
3,Y842,AQ (Day1),3,2/7/2022,9:51,am,Raul,MWM Cohort 127 videos\Test 16387.szv,17.3,20.7,5.199,6.059,0.3,0.292,0.052,0.172,0.798,0.786,13.58,16.04,0.031,0.159,14.42
4,Y843,AQ (Day1),1,2/7/2022,9:55,am,Raul,MWM Cohort 127 videos\Test 16388.szv,87.7,30,13.09,3.885,0.149,0.13,0.016,0.273,0.727,0.694,63.78,20.83,,,63.99
5,Y843,AQ (Day1),2,2/7/2022,9:58,am,Raul,MWM Cohort 127 videos\Test 16389.szv,85,30,19.221,6.418,0.226,0.214,0.064,0.124,0.722,0.699,61.41,20.98,,,63.65
6,Y843,AQ (Day1),3,2/7/2022,10:00,am,Raul,MWM Cohort 127 videos\Test 16390.szv,85,30,18.478,6.648,0.217,0.222,0.071,0.203,0.731,0.686,62.15,20.59,,,64.53
7,Y844,AQ (Day1),1,2/7/2022,10:04,am,Raul,MWM Cohort 127 videos\Test 16391.szv,88.3,30,20.476,8.871,0.232,0.296,0.046,0.147,0.716,0.724,63.21,21.72,,,63.41
8,Y844,AQ (Day1),2,2/7/2022,10:07,am,Raul,MWM Cohort 127 videos\Test 16392.szv,36.3,30,9.846,8.492,0.271,0.283,0.093,0.088,0.685,0.69,24.64,20.71,0.086,,26.26
9,Y844,AQ (Day1),3,2/7/2022,10:08,am,Raul,MWM Cohort 127 videos\Test 16393.szv,15.5,18.7,3.538,4.464,0.228,0.239,0.086,0.234,0.573,0.589,8.68,10.8,0.058,0.207,8.95
10,Y845,AQ (Day1),1,2/7/2022,10:11,am,Raul,MWM Cohort 127 videos\Test 16394.szv,87.7,30,16.804,6.827,0.192,0.228,0.087,0.201,0.73,0.708,64.05,21.25,,,64.34
11,Y845,AQ (Day1),2,2/7/2022,10:14,am,Raul,MWM Cohort 127 videos\Test 16395.szv,11.5,16.2,0.549,1.214,0.048,0.075,0.785,0.776,0.096,0.245,1.08,3.88,0.616,0.727,-1.59
12,Y845,AQ (Day1),3,2/7/2022,10:16,am,Raul,MWM Cohort 127 videos\Test 16396.szv,84.4,30,19.106,6.713,0.226,0.224,0.035,0.086,0.724,0.694,61.09,20.82,,,61.6
13,Y846,AQ (Day1),1,2/7/2022,10:23,am,Raul,MWM Cohort 127 videos\Test 16397.szv,87.1,30,13.803,6.208,0.158,0.207,0.084,0.194,0.755,0.664,65.77,19.92,,,66.35
14,Y846,AQ (Day1),2,2/7/2022,10:26,am,Raul,MWM Cohort 127 videos\Test 16398.szv,84.2,30,16.035,5.815,0.19,0.194,0.001,0.194,0.758,0.763,63.78,22.89,,,67.19
15,Y846,AQ (Day1),3,2/7/2022,10:29,am,Raul,MWM Cohort 127 videos\Test 16399.szv,83.3,30,9.25,6.309,0.111,0.21,0.17,0.028,0.741,0.85,61.71,25.51,,,62.31
16,3261,AQ (Day1),1,2/7/2022,10:37,am,Raul,MWM Cohort 127 videos\Test 16400.szv,87.8,30,16.205,7.519,0.185,0.251,0.066,0.137,0.562,0.774,49.38,23.22,,,49.92
17,3261,AQ (Day1),2,2/7/2022,10:39,am,Raul,MWM Cohort 127 videos\Test 16401.szv,85.5,30,15.228,7.472,0.178,0.249,0.079,0.156,0.62,0.811,52.98,24.32,,,54.97
18,3261,AQ (Day1),3,2/7/2022,10:44,am,Raul,MWM Cohort 127 videos\Test 16402.szv,54.3,30,12.505,6.009,0.23,0.2,0.071,0.148,0.61,0.607,32.96,18.2,0.065,,35.46
19,3262,AQ (Day1),1,2/7/2022,10:48,am,Raul,MWM Cohort 127 videos\Test 16403.szv,87.8,30,17.062,7.623,0.194,0.254,0.044,0.196,0.714,0.777,62.73,23.3,,,63.31
20,3262,AQ (Day1),2,2/7/2022,10:51,am,Raul,MWM Cohort 127 videos\Test 16404.szv,85.4,30,18.986,6.537,0.222,0.218,0.071,0.215,0.699,0.853,59.67,25.58,,,61.82
21,3262,AQ (Day1),3,2/7/2022,10:54,am,Raul,MWM Cohort 127 videos\Test 16405.szv,49.8,30,10.775,6.396,0.217,0.213,0.105,0.217,0.669,0.719,33.04,21.56,0.097,,35.13
22,3264,AQ (Day1),1,2/7/2022,10:58,am,Raul,MWM Cohort 127 videos\Test 16406.szv,88,30,22.239,8.611,0.253,0.287,0.062,0.096,0.748,0.715,65.83,21.46,,,66.28
23,3264,AQ (Day1),2,2/7/2022,11:02,am,Raul,MWM Cohort 127 videos\Test 16407.szv,85.5,30,21.411,8.165,0.25,0.272,0.046,0.119,0.761,0.802,65.06,24.06,,,66.36
24,3264,AQ (Day1),3,2/7/2022,11:04,am,Raul,MWM Cohort 127 videos\Test 16408.szv,85.1,30,17.012,6.451,0.2,0.215,0.077,0.117,0.768,0.81,65.39,24.3,,,66.68
25,3265,AQ (Day1),1,2/7/2022,11:09,am,Raul,MWM Cohort 127 videos\Test 16409.szv,87.5,30,15.014,4.402,0.172,0.147,0.101,0.256,0.718,0.7,62.84,21,,,63.29
26,3265,AQ (Day1),2,2/7/2022,11:12,am,Raul,MWM Cohort 127 videos\Test 16410.szv,84.8,30,14.47,4.785,0.171,0.16,0.041,0.209,0.8,0.768,67.8,23.03,,,69.34
27,3265,AQ (Day1),3,2/7/2022,11:15,am,Raul,MWM Cohort 127 videos\Test 16411.szv,84.1,30,18.049,6.574,0.215,0.219,0.029,0.211,0.716,0.866,60.21,25.97,,,63.67
28,3266,AQ (Day1),1,2/7/2022,11:20,am,Raul,MWM Cohort 127 videos\Test 16412.szv,0.4,2.4,0.087,0.468,0.219,0.194,1,0.992,0.015,0.265,0,0.55,0.478,0.999,0.07
29,3266,AQ (Day1),2,2/7/2022,11:21,am,Raul,MWM Cohort 127 videos\Test 16413.szv,85,30,20.277,6.866,0.239,0.229,0.06,0.21,0.78,0.888,66.33,26.65,,,69.44
30,3266,AQ (Day1),3,2/7/2022,11:24,am,Raul,MWM Cohort 127 videos\Test 16414.szv,84.7,30,13.969,5.225,0.165,0.174,0.084,0.089,0.818,0.901,69.26,27.03,,,70.98
31,Y847,AQ (Day1),1,2/7/2022,11:29,am,Raul,MWM Cohort 127 videos\Test 16415.szv,88.2,30,23.066,8.791,0.262,0.293,0.004,0.146,0.715,0.809,63.06,24.27,,,63.43
32,Y847,AQ (Day1),2,2/7/2022,11:31,am,Raul,MWM Cohort 127 videos\Test 16416.szv,86.1,30,19.319,8.927,0.224,0.298,0.056,0.06,0.803,0.678,69.11,20.35,,,69.33
33,Y847,AQ (Day1),3,2/7/2022,11:34,am,Raul,MWM Cohort 127 videos\Test 16417.szv,85.7,30,14.814,6.38,0.173,0.213,0.083,0.04,0.753,0.898,64.53,26.93,,,65.37
34,291,AQ (Day1),1,2/7/2022,11:38,am,Raul,MWM Cohort 127 videos\Test 16418.szv,88,30,23.729,10.014,0.27,0.334,0.035,0.135,0.716,0.823,63,24.69,,,63.25
35,291,AQ (Day1),2,2/7/2022,11:41,am,Raul,MWM Cohort 127 videos\Test 16419.szv,85.4,30,18.032,7.991,0.211,0.266,0.012,0.178,0.572,0.71,48.85,21.29,,,49.15
36,291,AQ (Day1),3,2/7/2022,11:43,am,Raul,MWM Cohort 127 videos\Test 16420.szv,7.3,12,1.512,2.041,0.208,0.17,0.502,0.472,0.668,0.714,4.63,8.3,0.495,0.457,5.69
37,292,AQ (Day1),1,2/7/2022,11:46,am,Raul,MWM Cohort 127 videos\Test 16421.szv,88,30,21.335,8.934,0.242,0.298,0.005,0.076,0.724,0.727,63.75,21.81,,,64.09
38,292,AQ (Day1),2,2/7/2022,11:48,am,Raul,MWM Cohort 127 videos\Test 16422.szv,16.1,21.1,4.081,4.673,0.254,0.222,0.261,0.239,0.445,0.575,7.01,11.92,0.238,0.219,9.49
39,292,AQ (Day1),3,2/7/2022,11:49,am,Raul,MWM Cohort 127 videos\Test 16423.szv,84.6,30,18.374,7.762,0.217,0.259,0.026,0.098,0.658,0.77,55.68,23.11,,,57.56
40,293,AQ (Day1),1,2/7/2022,11:54,am,Raul,MWM Cohort 127 videos\Test 16424.szv,87.9,30,18.165,6.504,0.207,0.217,0.014,0.192,0.75,0.65,65.94,19.51,,,66.32
41,293,AQ (Day1),2,2/7/2022,11:57,am,Raul,MWM Cohort 127 videos\Test 16425.szv,85.9,30,15.954,6.437,0.186,0.215,0.037,0.125,0.631,0.472,54.23,14.17,,,55.36
42,293,AQ (Day1),3,2/7/2022,12:00,pm,Raul,MWM Cohort 127 videos\Test 16426.szv,0.5,5.5,0.072,1.136,0.151,0.208,0.536,0.976,0.006,0.689,0,3.53,0.102,0.972,0.71
43,294,AQ (Day1),1,2/7/2022,12:03,pm,Raul,MWM Cohort 127 videos\Test 16427.szv,88.3,30,21.705,9.291,0.246,0.31,0.072,0.065,0.7,0.762,61.79,22.87,,,61.96
44,294,AQ (Day1),2,2/7/2022,12:06,pm,Raul,MWM Cohort 127 videos\Test 16428.szv,86,30,18.073,7.519,0.21,0.251,0.029,0.156,0.635,0.805,54.58,24.15,,,56.37
45,294,AQ (Day1),3,2/7/2022,12:08,pm,Raul,MWM Cohort 127 videos\Test 16429.szv,85.8,30,14.527,6.624,0.169,0.221,0.073,0.225,0.727,0.593,62.34,17.79,,,63.26
46,295,AQ (Day1),1,2/7/2022,12:12,pm,Raul,MWM Cohort 127 videos\Test 16430.szv,88.4,30,23.625,8.949,0.267,0.298,0.061,0.149,0.789,0.827,69.75,24.8,,,70.07
47,295,AQ (Day1),2,2/7/2022,12:15,pm,Raul,MWM Cohort 127 videos\Test 16431.szv,86.1,30,21.707,8.14,0.252,0.271,0.017,0.132,0.743,0.713,64,21.4,,,65.32
48,295,AQ (Day1),3,2/7/2022,12:17,pm,Raul,MWM Cohort 127 videos\Test 16432.szv,85.9,30,20.624,6.352,0.24,0.212,0.055,0.126,0.788,0.799,67.67,23.96,,,68.96
49,3268,AQ (Day1),1,2/7/2022,12:23,pm,Raul,MWM Cohort 127 videos\Test 16433.szv,87.6,30,16.852,7.333,0.192,0.244,0.094,0.175,0.686,0.651,60.07,19.52,,,60.64
50,3268,AQ (Day1),2,2/7/2022,12:25,pm,Raul,MWM Cohort 127 videos\Test 16434.szv,15,19.5,2.598,2.953,0.173,0.151,0.327,0.328,0.335,0.446,4.91,8.54,0.286,0.304,5.82
51,3268,AQ (Day1),3,2/7/2022,12:27,pm,Raul,MWM Cohort 127 videos\Test 16435.szv,14.3,19.3,3.31,3.999,0.231,0.207,0.363,0.268,0.455,0.603,6.34,11.42,0.325,0.248,8.97
52,3270,AQ (Day1),1,2/7/2022,12:31,pm,Raul,MWM Cohort 127 videos\Test 16436.szv,86.6,30,12.804,4.868,0.148,0.162,0.112,0.285,0.635,0.548,55.02,16.43,,,55.79
53,3270,AQ (Day1),2,2/7/2022,12:34,pm,Raul,MWM Cohort 127 videos\Test 16437.szv,82.6,30,10.34,4.684,0.125,0.156,0.115,0.25,0.774,0.574,63.9,17.22,,,65.79
54,3270,AQ (Day1),3,2/7/2022,12:36,pm,Raul,MWM Cohort 127 videos\Test 16438.szv,3.5,11.7,0.436,1.299,0.125,0.111,0.713,0.827,0.095,0.684,0.3,7.76,0.602,0.82,2.4
55,3272,AQ (Day1),1,2/7/2022,12:40,pm,Raul,MWM Cohort 127 videos\Test 16439.szv,87.6,30,18.417,8.051,0.21,0.268,0.063,0.101,0.693,0.691,60.69,20.74,,,60.98
56,3272,AQ (Day1),2,2/7/2022,12:43,pm,Raul,MWM Cohort 127 videos\Test 16440.szv,88.3,30,18.148,7.37,0.206,0.246,0.072,0.106,0.731,0.726,64.59,21.77,,,65.39
57,3272,AQ (Day1),3,2/7/2022,12:45,pm,Raul,MWM Cohort 127 videos\Test 16441.szv,84.4,30,13.697,6.684,0.162,0.223,0.089,0.163,0.723,0.619,61.02,18.57,,,61.51
58,3273,AQ (Day1),1,2/7/2022,12:50,pm,Raul,MWM Cohort 127 videos\Test 16442.szv,87.6,30,20.553,7.241,0.235,0.241,0.035,0.206,0.716,0.657,62.75,19.71,,,63.22
59,3273,AQ (Day1),2,2/7/2022,12:53,pm,Raul,MWM Cohort 127 videos\Test 16443.szv,85.2,30,16.207,6.731,0.19,0.224,0.036,0.11,0.866,0.75,73.79,22.49,,,74.88
60,3273,AQ (Day1),3,2/7/2022,12:55,pm,Raul,MWM Cohort 127 videos\Test 16444.szv,71,30,16.619,7.215,0.234,0.241,0.073,0.133,0.775,0.841,54.72,25.22,0.068,,56.5
61,690,AQ (Day1),1,2/7/2022,12:59,pm,Raul,MWM Cohort 127 videos\Test 16445.szv,88.3,30,21.129,8.489,0.239,0.283,0.016,0.151,0.75,0.722,66.24,21.66,,,66.34
62,690,AQ (Day1),2,2/7/2022,13:02,pm,Raul,MWM Cohort 127 videos\Test 16446.szv,26.4,30,6.85,6.931,0.259,0.231,0.154,0.15,0.783,0.829,20.44,24.88,0.152,,22.44
63,690,AQ (Day1),3,2/7/2022,13:03,pm,Raul,MWM Cohort 127 videos\Test 16447.szv,5.5,10.3,1.043,2.394,0.19,0.232,0.301,0.515,0.325,0.562,1.69,5.61,0.297,0.478,2.77
64,691,AQ (Day1),1,2/7/2022,13:05,pm,Raul,MWM Cohort 127 videos\Test 16448.szv,88.1,30,23.886,9.34,0.271,0.311,0.009,0.166,0.783,0.833,68.98,24.99,,,69.4
65,691,AQ (Day1),2,2/7/2022,13:08,pm,Raul,MWM Cohort 127 videos\Test 16449.szv,86.3,30,20.32,8.228,0.235,0.274,0.06,0.039,0.738,0.65,63.72,19.5,,,64.11
66,691,AQ (Day1),3,2/7/2022,13:10,pm,Raul,MWM Cohort 127 videos\Test 16450.szv,86,30,19.019,7.29,0.221,0.243,0.065,0.189,0.689,0.621,59.23,18.64,,,59.37
67,692,AQ (Day1),1,2/7/2022,13:14,pm,Raul,MWM Cohort 127 videos\Test 16451.szv,88.4,30,22.45,9.529,0.254,0.318,0.07,0.052,0.751,0.791,66.36,23.73,,,66.58
68,692,AQ (Day1),2,2/7/2022,13:17,pm,Raul,MWM Cohort 127 videos\Test 16452.szv,85.7,30,20.489,8.492,0.239,0.283,0.051,0.138,0.691,0.782,59.25,23.46,,,61.41
69,692,AQ (Day1),3,2/7/2022,13:20,pm,Raul,MWM Cohort 127 videos\Test 16453.szv,85.9,30,18.964,7.486,0.221,0.25,0.038,0.091,0.747,0.73,64.18,21.9,,,64.31
70,693,AQ (Day1),1,2/7/2022,13:23,pm,Raul,MWM Cohort 127 videos\Test 16454.szv,2,3.9,0.504,0.581,0.259,0.151,0.81,0.929,0.142,0.324,0.22,1.11,0.899,0.922,0.33
71,693,AQ (Day1),2,2/7/2022,13:25,pm,Raul,MWM Cohort 127 videos\Test 16455.szv,86.1,30,27.954,9.968,0.325,0.332,0.023,0.09,0.807,0.831,69.48,24.92,,,71.19
72,693,AQ (Day1),3,2/7/2022,13:27,pm,Raul,MWM Cohort 127 videos\Test 16456.szv,86.3,30,21.953,8.781,0.254,0.293,0.036,0.132,0.774,0.724,66.83,21.72,,,67.46
73,Y842,AQ (Day2),1,2/8/2022,10:01,am,Raul,MWM Cohort 127 videos\Test 16475.szv,86.1,30,22.444,7.681,0.261,0.256,0.06,0.127,0.762,0.785,65.58,23.54,,,67.09
74,Y842,AQ (Day2),2,2/8/2022,10:03,am,Raul,MWM Cohort 127 videos\Test 16476.szv,35.6,30,10.789,8.78,0.303,0.293,0.059,0.021,0.681,0.667,24.04,20,0.058,,24.6
76,Y843,AQ (Day2),1,2/8/2022,10:07,am,Raul,MWM Cohort 127 videos\Test 16478.szv,84.8,30,17.812,5.771,0.21,0.192,0.031,0.197,0.759,0.779,64.39,23.37,,,65.55
77,Y843,AQ (Day2),2,2/8/2022,10:09,am,Raul,MWM Cohort 127 videos\Test 16479.szv,87.5,30,21.049,8.313,0.241,0.277,0.043,0.138,0.651,0.8,56.95,24.01,,,57.74
79,Y844,AQ (Day2),1,2/8/2022,10:15,am,Raul,MWM Cohort 127 videos\Test 16481.szv,3.2,3.2,1.102,1.102,0.345,0.345,0.95,0.95,0.657,0.657,1.87,1.87,0.945,0.945,0.38
80,Y844,AQ (Day2),2,2/8/2022,10:16,am,Raul,MWM Cohort 127 videos\Test 16482.szv,5.5,7.2,2.136,2.621,0.391,0.366,0.098,0.195,0.345,0.35,1.77,2.39,0.076,0.186,2.04
82,Y845,AQ (Day2),1,2/8/2022,10:21,am,Raul,MWM Cohort 127 videos\Test 16484.szv,57.7,30,10.807,6.468,0.187,0.216,0.093,0.186,0.782,0.922,44.87,27.66,0.09,,48.02
83,Y845,AQ (Day2),2,2/8/2022,10:23,am,Raul,MWM Cohort 127 videos\Test 16485.szv,9.1,11.9,2.615,3.231,0.287,0.271,0.273,0.193,0.771,0.709,6.77,8.21,0.25,0.164,7.67
85,Y846,AQ (Day2),1,2/8/2022,10:27,am,Raul,MWM Cohort 127 videos\Test 16487.szv,83.3,30,15.987,2.237,0.192,0.075,0.072,0.307,0.869,0.925,72.36,27.74,,,75.72
86,Y846,AQ (Day2),2,2/8/2022,10:30,am,Raul,MWM Cohort 127 videos\Test 16488.szv,86.5,30,16.553,6.556,0.191,0.219,0.092,0.197,0.787,0.653,68.05,19.59,,,69.14
88,3261,AQ (Day2),1,2/8/2022,10:38,am,Raul,MWM Cohort 127 videos\Test 16490.szv,85,30,20.303,7.004,0.239,0.233,0.071,0.007,0.748,0.695,63.54,20.84,,,65.18
89,3261,AQ (Day2),2,2/8/2022,10:40,am,Raul,MWM Cohort 127 videos\Test 16491.szv,52,30,11.487,6.873,0.221,0.229,0.05,0.196,0.7,0.738,36.18,22.15,0.042,,36.75
91,3262,AQ (Day2),1,2/8/2022,10:45,am,Raul,MWM Cohort 127 videos\Test 16493.szv,85.1,30,21.003,9.258,0.247,0.309,0.069,0.141,0.662,0.601,56.33,18.04,,,57.12
92,3262,AQ (Day2),2,2/8/2022,10:48,am,Raul,MWM Cohort 127 videos\Test 16494.szv,56.7,30,11.918,6.586,0.21,0.22,0.04,0.212,0.488,0.53,27.64,15.9,,,28.05
94,3264,AQ (Day2),1,2/8/2022,10:54,am,Raul,MWM Cohort 127 videos\Test 16496.szv,63.8,30,15.685,8.819,0.246,0.294,0.033,0.109,0.704,0.748,44.67,22.43,0.026,,46.03
95,3264,AQ (Day2),2,2/8/2022,10:56,am,Raul,MWM Cohort 127 videos\Test 16497.szv,1.4,3.8,0.333,0.705,0.245,0.187,0.834,0.862,0.096,0.319,0.1,1.09,0.674,0.816,0.29
97,3265,AQ (Day2),1,2/8/2022,11:00,am,Raul,MWM Cohort 127 videos\Test 16499.szv,84.3,30,17.986,6.689,0.213,0.223,0.052,0.087,0.856,0.89,72.19,26.71,,,75.29
98,3265,AQ (Day2),2,2/8/2022,11:03,am,Raul,MWM Cohort 127 videos\Test 16500.szv,86.9,30,17.548,6.592,0.202,0.22,0.058,0.225,0.761,0.806,66.17,24.18,,,67.29
100,3266,AQ (Day2),1,2/8/2022,11:09,am,Raul,MWM Cohort 127 videos\Test 16502.szv,84.6,30,18.793,8.196,0.222,0.273,0.065,0.055,0.705,0.685,59.67,20.55,,,61.89
101,3266,AQ (Day2),2,2/8/2022,11:11,am,Raul,MWM Cohort 127 videos\Test 16503.szv,19.8,22.2,4.237,4.572,0.214,0.206,0.11,0.121,0.782,0.744,15.25,16.31,0.098,0.103,15.73
103,Y847,AQ (Day2),1,2/8/2022,11:16,am,Raul,MWM Cohort 127 videos\Test 16505.szv,3.5,3.5,1.087,1.087,0.315,0.315,0.984,0.984,0.699,0.699,2.18,2.18,0.98,0.98,0.49
104,Y847,AQ (Day2),2,2/8/2022,11:17,am,Raul,MWM Cohort 127 videos\Test 16506.szv,4.3,6,1.473,1.948,0.343,0.322,0.255,0.274,0.319,0.333,1.28,1.91,0.191,0.229,1.59
106,291,AQ (Day2),1,2/8/2022,11:22,am,Raul,MWM Cohort 127 videos\Test 16508.szv,84.7,30,17.633,5.584,0.208,0.186,0.003,0.201,0.64,0.534,54.21,16.03,,,56.21
107,291,AQ (Day2),2,2/8/2022,11:24,am,Raul,MWM Cohort 127 videos\Test 16509.szv,2.9,5.3,0.426,0.776,0.148,0.147,0.687,0.756,0.069,0.227,0.17,1.12,0.407,0.629,0.28
109,292,AQ (Day2),1,2/8/2022,11:28,am,Raul,MWM Cohort 127 videos\Test 16511.szv,80,30,16.623,6.054,0.208,0.202,0.04,0.108,0.672,0.759,53.55,22.76,0.036,,55.5
110,292,AQ (Day2),2,2/8/2022,11:30,am,Raul,MWM Cohort 127 videos\Test 16512.szv,1.2,3.3,0.172,0.487,0.144,0.146,0.823,0.911,0.051,0.26,0.05,0.78,0.96,0.895,0.16
112,293,AQ (Day2),1,2/8/2022,11:35,am,Raul,MWM Cohort 127 videos\Test 16514.szv,2.1,6.9,0.377,1.642,0.179,0.238,0.904,0.653,0.168,0.475,0.3,3.12,0.697,0.624,0.91
113,293,AQ (Day2),2,2/8/2022,11:36,am,Raul,MWM Cohort 127 videos\Test 16515.szv,59,30,14.181,8.001,0.24,0.267,0.034,0.057,0.679,0.659,39.8,19.76,0.031,,40
115,294,AQ (Day2),1,2/8/2022,11:40,am,Raul,MWM Cohort 127 videos\Test 16517.szv,30,30,10.509,11.289,0.35,0.376,0.055,0.126,0.734,0.76,21.74,22.81,0.056,,22.62
116,294,AQ (Day2),2,2/8/2022,11:42,am,Raul,MWM Cohort 127 videos\Test 16518.szv,50.8,30,16.013,9.961,0.315,0.332,0.016,0.149,0.561,0.688,28.32,20.63,0.011,,28.6
118,295,AQ (Day2),1,2/8/2022,11:46,am,Raul,MWM Cohort 127 videos\Test 16520.szv,10.9,14.9,2.539,3.698,0.234,0.249,0.353,0.274,0.545,0.597,5.92,8.87,,,6.76
119,295,AQ (Day2),2,2/8/2022,11:46,am,Raul,MWM Cohort 127 videos\Test 16521.szv,15.3,16.9,4.323,4.6,0.283,0.272,0.055,0.108,0.635,0.605,9.51,10.05,0.028,0.092,9.7
121,3268,AQ (Day2),1,2/8/2022,11:51,am,Raul,MWM Cohort 127 videos\Test 16523.szv,41.5,30,10.153,7.77,0.245,0.259,0.046,0.173,0.546,0.64,22.5,19.21,0.042,,24.18
122,3268,AQ (Day2),2,2/8/2022,11:53,am,Raul,MWM Cohort 127 videos\Test 16524.szv,46.2,30,9.882,6.809,0.214,0.227,0.028,0.037,0.594,0.646,27.19,19.37,0.019,,27.53
124,3270,AQ (Day2),1,2/8/2022,11:58,am,Raul,MWM Cohort 127 videos\Test 16526.szv,1.8,9.9,0.291,1.319,0.162,0.133,0.985,0.843,0.091,0.704,0.14,6.77,0.771,0.81,2.42
125,3270,AQ (Day2),2,2/8/2022,11:59,am,Raul,MWM Cohort 127 videos\Test 16527.szv,28.9,30,4.755,4.885,0.165,0.163,0.087,0.232,0.754,0.774,21.5,23.21,0.064,,22.66
127,3272,AQ (Day2),1,2/8/2022,12:04,pm,Raul,MWM Cohort 127 videos\Test 16529.szv,84.6,30,17.798,7.969,0.21,0.266,0.025,0.118,0.689,0.677,58.28,20.32,,,60.7
128,3272,AQ (Day2),2,2/8/2022,12:07,pm,Raul,MWM Cohort 127 videos\Test 16530.szv,20.7,23.5,4.541,4.897,0.219,0.208,0.05,0.119,0.657,0.631,13.4,14.64,0.038,0.114,13.85
130,3273,AQ (Day2),1,2/8/2022,12:12,pm,Raul,MWM Cohort 127 videos\Test 16532.szv,85,30,17.553,7.052,0.207,0.235,0.079,0.221,0.649,0.638,55.18,19.14,,,55.82
131,3273,AQ (Day2),2,2/8/2022,12:14,pm,Raul,MWM Cohort 127 videos\Test 16533.szv,87.9,30,17.4,7.011,0.198,0.234,0.034,0.183,0.719,0.65,63.16,19.5,,,63.39
133,690,AQ (Day2),1,2/8/2022,12:20,pm,Raul,MWM Cohort 127 videos\Test 16535.szv,85.7,30,21.646,7.764,0.253,0.259,0.017,0.052,0.772,0.842,66.16,25.25,,,68.49
134,690,AQ (Day2),2,2/8/2022,12:23,pm,Raul,MWM Cohort 127 videos\Test 16537.szv,69.7,30,17.393,7.568,0.25,0.252,0.028,0.043,0.612,0.525,42.46,15.75,0.025,,42.87
136,691,AQ (Day2),1,2/8/2022,12:28,pm,Raul,MWM Cohort 127 videos\Test 16539.szv,85.8,30,21.375,8.239,0.249,0.275,0.052,0.18,0.721,0.756,61.9,22.69,,,62.49
137,691,AQ (Day2),2,2/8/2022,12:30,pm,Raul,MWM Cohort 127 videos\Test 16540.szv,45.4,30,11.145,7.157,0.245,0.239,0.023,0.061,0.576,0.551,25.98,16.52,0.009,,26.17
139,692,AQ (Day2),1,2/8/2022,12:34,pm,Raul,MWM Cohort 127 videos\Test 16542.szv,85.7,30,23.458,10.344,0.274,0.345,0.026,0.032,0.697,0.813,59.77,24.38,,,61.1
140,692,AQ (Day2),2,2/8/2022,12:37,pm,Raul,MWM Cohort 127 videos\Test 16543.szv,87.9,30,17.661,6.156,0.201,0.205,0.058,0.079,0.646,0.497,56.8,14.9,,,56.98
142,693,AQ (Day2),1,2/8/2022,12:43,pm,Raul,MWM Cohort 127 videos\Test 16545.szv,86.2,30,26.896,9.17,0.312,0.306,0.046,0.139,0.774,0.836,66.7,25.07,,,67.86
143,693,AQ (Day2),2,2/8/2022,12:45,pm,Raul,MWM Cohort 127 videos\Test 16546.szv,7.9,9.7,2.608,3.01,0.33,0.31,0.274,0.196,0.753,0.706,5.69,6.61,0.242,0.164,6.2
145,Y842,AQ (Day3),1,2/9/2022,10:04,am,Raul,MWM Cohort 127 videos\Test 16566.szv,12.3,14.7,3.439,3.979,0.28,0.271,0.197,0.151,0.656,0.633,7.83,9.08,0.19,0.14,8.47
146,Y842,AQ (Day3),2,2/9/2022,10:05,am,Raul,MWM Cohort 127 videos\Test 16567.szv,11,15.4,3.081,4.099,0.28,0.266,0.135,0.258,0.599,0.611,6.4,9.21,0.124,0.249,7.22
147,Y842,AQ (Day3),3,2/9/2022,10:06,am,Raul,MWM Cohort 127 videos\Test 16568.szv,1.3,2.7,0.362,0.362,0.283,0.135,0.788,0.934,0.128,0.244,0.12,0.57,0.905,0.916,0.2
148,Y843,AQ (Day3),1,2/9/2022,10:08,am,Raul,MWM Cohort 127 videos\Test 16569.szv,65.5,30,11.997,5.512,0.183,0.184,0.045,0.126,0.622,0.654,40.5,19.63,0.046,,40.98
149,Y843,AQ (Day3),2,2/9/2022,10:10,am,Raul,MWM Cohort 127 videos\Test 16570.szv,5.6,10,1.459,2.513,0.261,0.25,0.689,0.388,0.623,0.707,3.29,6.84,0.618,0.346,5.28
150,Y843,AQ (Day3),3,2/9/2022,10:11,am,Raul,MWM Cohort 127 videos\Test 16571.szv,88.2,30,19.985,7.833,0.227,0.261,0.021,0.04,0.641,0.678,56.49,20.33,,,56.62
151,Y844,AQ (Day3),1,2/9/2022,10:14,am,Raul,MWM Cohort 127 videos\Test 16572.szv,1.9,1.9,0.546,0.625,0.287,0.321,1.096,0.97,0.371,0.371,0.6,0.6,0.973,0.973,0.09
152,Y844,AQ (Day3),2,2/9/2022,10:15,am,Raul,MWM Cohort 127 videos\Test 16573.szv,86.3,30,19.587,7.126,0.227,0.238,0.039,0.132,0.694,0.644,59.93,19.31,,,60.27
153,Y844,AQ (Day3),3,2/9/2022,10:17,am,Raul,MWM Cohort 127 videos\Test 16574.szv,87.2,30,19.001,7.503,0.218,0.25,0.05,0.167,0.659,0.666,57.42,19.98,,,57.76
154,Y845,AQ (Day3),1,2/9/2022,10:25,am,Raul,MWM Cohort 127 videos\Test 16575.szv,87.2,30,18.066,6.568,0.207,0.219,0.021,0.024,0.734,0.669,63.98,20.07,,,64.74
155,Y845,AQ (Day3),2,2/9/2022,10:28,am,Raul,MWM Cohort 127 videos\Test 16576.szv,85.2,30,19.726,5.564,0.232,0.185,0.016,0.24,0.73,0.702,62.21,21.05,,,63.86
156,Y845,AQ (Day3),3,2/9/2022,10:31,am,Raul,MWM Cohort 127 videos\Test 16577.szv,50,30,9.927,5.673,0.199,0.189,0.019,0.235,0.546,0.452,27.1,13.56,0.008,,27.18
157,Y846,AQ (Day3),1,2/9/2022,10:38,am,Raul,MWM Cohort 127 videos\Test 157.szv,86.6,30,19.066,5.403,0.22,0.18,0.071,0.199,0.811,0.784,70.2,23.53,,,71.19
158,Y846,AQ (Day3),2,2/9/2022,10:41,am,Raul,MWM Cohort 127 videos\Test 16579.szv,24.8,30,3.358,3.617,0.135,0.121,0.229,0.278,0.77,0.818,18.85,24.55,0.228,,20.29
159,Y846,AQ (Day3),3,2/9/2022,10:42,am,Raul,MWM Cohort 127 videos\Test 16580.szv,87.2,30,19.6,6.186,0.225,0.206,0.066,0.172,0.802,0.791,69.94,23.74,,,70.79
160,3261,AQ (Day3),1,2/9/2022,10:46,am,Raul,MWM Cohort 127 videos\Test 16581.szv,44.3,30,10.747,6.606,0.243,0.22,0.043,0.074,0.658,0.614,28.92,18.42,0.038,,29.47
161,3261,AQ (Day3),2,2/9/2022,10:47,am,Raul,MWM Cohort 127 videos\Test 16582.szv,53.8,30,12.242,6.059,0.228,0.202,0.042,0.137,0.609,0.591,32.55,17.73,0.033,,33.78
162,3261,AQ (Day3),3,2/9/2022,10:49,am,Raul,MWM Cohort 127 videos\Test 16583.szv,88.2,30,17.72,6.076,0.201,0.203,0.065,0.21,0.73,0.643,64.42,19.28,,,64.63
163,3262,AQ (Day3),1,2/9/2022,10:53,am,Raul,MWM Cohort 127 videos\Test 16584.szv,87.7,30,18.872,7.838,0.215,0.261,0.013,0.159,0.588,0.567,51.59,17.02,,,51.93
164,3262,AQ (Day3),2,2/9/2022,10:55,am,Raul,MWM Cohort 127 videos\Test 16585.szv,4.3,9.2,0.865,1.727,0.201,0.187,0.509,0.605,0.228,0.487,0.91,4.33,0.446,0.569,1.66
165,3262,AQ (Day3),3,2/9/2022,10:56,am,Raul,MWM Cohort 127 videos\Test 16586.szv,17.4,19.6,3.081,3.301,0.177,0.169,0.102,0.146,0.477,0.463,8.12,8.9,0.083,0.132,8.31
166,3264,AQ (Day3),1,2/9/2022,10:58,am,Raul,MWM Cohort 127 videos\Test 16587.szv,87.6,30,21.642,7.77,0.247,0.259,0.028,0.199,0.754,0.833,66.07,24.98,,,66.52
167,3264,AQ (Day3),2,2/9/2022,11:01,am,Raul,MWM Cohort 127 videos\Test 16588.szv,85.4,30,17.347,7.673,0.203,0.256,0.066,0.143,0.705,0.733,60.17,21.99,,,61.61
168,3264,AQ (Day3),3,2/9/2022,11:04,am,Raul,MWM Cohort 127 videos\Test 16589.szv,88.2,30,18.454,5.238,0.209,0.175,0.07,0.13,0.708,0.55,62.47,16.49,,,62.72
169,3265,AQ (Day3),1,2/9/2022,11:07,am,Raul,MWM Cohort 127 videos\Test 16590.szv,86.6,30,16.532,5.776,0.191,0.193,0.044,0.204,0.802,0.749,69.44,22.46,,,70.47
170,3265,AQ (Day3),2,2/9/2022,11:10,am,Raul,MWM Cohort 127 videos\Test 16591.szv,83.9,30,15.017,5.415,0.179,0.181,0.031,0.041,0.705,0.607,59.16,18.2,,,60.24
171,3265,AQ (Day3),3,2/9/2022,11:12,am,Raul,MWM Cohort 127 videos\Test 16592.szv,87.2,30,15.656,4.411,0.18,0.147,0.088,0.22,0.686,0.466,59.8,13.97,,,60.2
172,3266,AQ (Day3),1,2/9/2022,11:16,am,Raul,MWM Cohort 127 videos\Test 16593.szv,86.8,30,18.997,7.323,0.219,0.244,0.049,0.107,0.736,0.655,63.85,19.65,,,64.77
173,3266,AQ (Day3),2,2/9/2022,11:18,am,Raul,MWM Cohort 127 videos\Test 16594.szv,84.1,30,14.913,5.832,0.177,0.194,0.063,0.143,0.673,0.584,56.56,17.51,,,57.57
174,3266,AQ (Day3),3,2/9/2022,11:21,am,Raul,MWM Cohort 127 videos\Test 16595.szv,3.5,5.5,0.177,0.359,0.051,0.066,0.747,0.868,0.1,0.169,0.31,0.87,0.65,0.874,0.03
175,Y847,AQ (Day3),1,2/9/2022,11:23,am,Raul,MWM Cohort 127 videos\Test 16596.szv,88,30,20.774,6.511,0.236,0.217,0.05,0.214,0.661,0.573,58.21,17.18,,,58.5
176,Y847,AQ (Day3),2,2/9/2022,11:25,am,Raul,MWM Cohort 127 videos\Test 16597.szv,13.9,18,3.082,3.977,0.222,0.221,0.236,0.263,0.354,0.485,4.78,8.54,0.212,0.255,6.2
177,Y847,AQ (Day3),3,2/9/2022,11:26,am,Raul,MWM Cohort 127 videos\Test 16598.szv,10.2,12.1,2.708,3.009,0.266,0.249,0.223,0.179,0.554,0.542,5.44,6.35,0.202,0.154,5.9
178,291,AQ (Day3),1,2/9/2022,11:29,am,Raul,MWM Cohort 127 videos\Test 16599.szv,35,30,6.649,6.342,0.19,0.211,0.044,0.077,0.41,0.455,14.22,13.66,0.038,,14.77
179,291,AQ (Day3),2,2/9/2022,11:31,am,Raul,MWM Cohort 127 videos\Test 16600.szv,1.6,7.2,0.181,1.259,0.113,0.174,0.724,0.814,0.056,0.408,0.07,2.81,0.575,0.772,0.1
180,291,AQ (Day3),3,2/9/2022,11:32,am,Raul,MWM Cohort 127 videos\Test 16601.szv,2.3,5.1,0.383,0.639,0.169,0.126,0.859,0.783,0.15,0.325,0.29,1.53,0.815,0.766,0.64
181,292,AQ (Day3),1,2/9/2022,11:33,am,Raul,MWM Cohort 127 videos\Test 16602.szv,74.5,30,14.502,5.112,0.195,0.17,0.018,0.299,0.532,0.397,39.43,11.9,0.015,,39.78
182,292,AQ (Day3),2,2/9/2022,11:36,am,Raul,MWM Cohort 127 videos\Test 16603.szv,84.3,30,16.032,5.673,0.19,0.189,0.041,0.108,0.754,0.792,63.56,23.77,,,64.95
183,292,AQ (Day3),3,2/9/2022,11:38,am,Raul,MWM Cohort 127 videos\Test 16604.szv,28.3,30,4.545,4.621,0.161,0.154,0.076,0.086,0.579,0.568,16.17,17.03,0.07,,16.46
184,293,AQ (Day3),1,2/9/2022,11:41,am,Raul,MWM Cohort 127 videos\Test 16605.szv,25.7,27.9,5.539,5.803,0.216,0.208,0.047,0.088,0.505,0.496,12.84,13.69,0.035,0.08,13.16
185,293,AQ (Day3),2,2/9/2022,11:42,am,Raul,MWM Cohort 127 videos\Test 16606.szv,12.1,16.8,2.801,3.675,0.231,0.219,0.153,0.293,0.421,0.522,4.96,8.61,0.128,0.269,6.34
186,293,AQ (Day3),3,2/9/2022,11:43,am,Raul,MWM Cohort 127 videos\Test 16607.szv,1.4,3.1,0.325,0.397,0.236,0.129,0.855,0.969,0.104,0.241,0.11,0.66,0.764,0.973,0.13
187,294,AQ (Day3),1,2/9/2022,11:45,am,Raul,MWM Cohort 127 videos\Test 16608.szv,87.9,30,22.674,7.893,0.258,0.263,0.042,0.086,0.712,0.692,62.56,20.75,,,62.83
188,294,AQ (Day3),2,2/9/2022,11:47,am,Raul,MWM Cohort 127 videos\Test 16609.szv,34.9,30,8.419,7.096,0.241,0.237,0.104,0.214,0.616,0.632,21.27,18.96,0.097,,23.53
189,294,AQ (Day3),3,2/9/2022,11:49,am,Raul,MWM Cohort 127 videos\Test 16610.szv,39.1,30,8.991,7.048,0.23,0.235,0.039,0.142,0.739,0.741,28.61,22.23,0.025,,28.79
190,295,AQ (Day3),1,2/9/2022,11:51,am,Raul,MWM Cohort 127 videos\Test 16611.szv,68,30,12.48,5.023,0.184,0.167,0.066,0.083,0.587,0.516,39.72,15.48,0.058,,40.84
191,295,AQ (Day3),2,2/9/2022,11:53,am,Raul,MWM Cohort 127 videos\Test 16612.szv,5.8,11.1,0.891,1.724,0.154,0.155,0.798,0.579,0.317,0.526,1.74,5.67,0.705,0.548,2.77
192,295,AQ (Day3),3,2/9/2022,11:54,am,Raul,MWM Cohort 127 videos\Test 16613.szv,2.7,5.2,0.229,0.622,0.085,0.12,0.649,0.74,0.069,0.19,0.16,0.92,0.447,0.707,0.14
193,3268,AQ (Day3),1,2/9/2022,11:56,am,Raul,MWM Cohort 127 videos\Test 16614.szv,7.6,10,1.745,2.187,0.23,0.219,0.315,0.284,0.509,0.519,3.68,5,0.283,0.254,4.27
194,3268,AQ (Day3),2,2/9/2022,11:57,am,Raul,MWM Cohort 127 videos\Test 16615.szv,22.6,26.6,6.179,7.178,0.274,0.27,0.166,0.138,0.682,0.696,15.18,18.28,0.16,0.13,16.62
195,3268,AQ (Day3),3,2/9/2022,11:58,am,Raul,MWM Cohort 127 videos\Test 16616.szv,88.5,30,18.812,7.613,0.213,0.254,0.041,0.079,0.747,0.693,66.13,20.79,,,66.35
196,3270,AQ (Day3),1,2/9/2022,12:02,pm,Raul,MWM Cohort 127 videos\Test 16617.szv,9,13.3,1.951,2.599,0.217,0.195,0.496,0.273,0.664,0.672,5.78,8.74,0.436,0.226,7.83
197,3270,AQ (Day3),2,2/9/2022,12:04,pm,Raul,MWM Cohort 127 videos\Test 16618.szv,82.7,30,10.87,4.508,0.131,0.15,0.03,0.292,0.658,0.693,54.39,20.78,,,55.26
198,3270,AQ (Day3),3,2/9/2022,12:06,pm,Raul,MWM Cohort 127 videos\Test 16619.szv,3.4,6.2,0.422,0.503,0.124,0.081,0.92,0.776,0.202,0.286,0.62,1.68,0.853,0.782,0.77
199,3272,AQ (Day3),1,2/9/2022,12:09,pm,Raul,MWM Cohort 127 videos\Test 16620.szv,87.3,30,17.061,6.819,0.195,0.227,0.033,0.117,0.6,0.592,52.38,17.76,,,52.55
200,3272,AQ (Day3),2,2/9/2022,12:11,pm,Raul,MWM Cohort 127 videos\Test 16621.szv,84.6,30,15.507,6.29,0.183,0.21,0.012,0.01,0.718,0.668,60.77,20.03,,,61.14
201,3272,AQ (Day3),3,2/9/2022,12:14,pm,Raul,MWM Cohort 127 videos\Test 16622.szv,87.6,30,13.868,4.522,0.158,0.151,0.016,0.31,0.564,0.561,49.44,16.82,,,49.57
202,3273,AQ (Day3),1,2/9/2022,12:18,pm,Raul,MWM Cohort 127 videos\Test 16623.szv,87.6,30,19.307,7.851,0.22,0.262,0.06,0.153,0.718,0.785,62.92,23.55,,,63.69
203,3273,AQ (Day3),2,2/9/2022,12:20,pm,Raul,MWM Cohort 127 videos\Test 16624.szv,44.2,30,8.546,5.967,0.193,0.199,0.024,0.238,0.655,0.663,28.74,19.88,0.013,,29.11
204,3273,AQ (Day3),3,2/9/2022,12:22,pm,Raul,MWM Cohort 127 videos\Test 16625.szv,24.5,26.3,5.776,6.121,0.236,0.233,0.045,0.078,0.585,0.565,14.12,14.65,0.031,0.066,14.27
205,690,AQ (Day3),1,2/9/2022,12:24,pm,Raul,MWM Cohort 127 videos\Test 16626.szv,35.8,30,8.357,7.087,0.233,0.236,0.039,0.061,0.591,0.669,21.11,20.06,0.031,,21.59
206,690,AQ (Day3),2,2/9/2022,12:26,pm,Raul,MWM Cohort 127 videos\Test 16627.szv,5.4,10,1.03,1.818,0.191,0.181,0.729,0.543,0.418,0.612,2.13,5.94,0.712,0.523,3.4
207,690,AQ (Day3),3,2/9/2022,12:26,pm,Raul,MWM Cohort 127 videos\Test 16628.szv,19.9,22.2,5.885,6.265,0.296,0.282,0.065,0.088,0.597,0.577,11.69,12.63,0.052,0.074,12.22
208,691,AQ (Day3),1,2/9/2022,12:29,pm,Raul,MWM Cohort 127 videos\Test 16629.szv,13.4,15.3,4.092,4.375,0.306,0.286,0.063,0.132,0.755,0.709,9.85,10.6,0.037,0.113,10.16
209,691,AQ (Day3),2,2/9/2022,12:30,pm,Raul,MWM Cohort 127 videos\Test 16630.szv,82,30,21.686,6.775,0.265,0.226,0.051,0.149,0.637,0.676,52.05,20.29,0.047,,53.93
210,691,AQ (Day3),3,2/9/2022,12:32,pm,Raul,MWM Cohort 127 videos\Test 16631.szv,88.4,30,20.484,6.597,0.232,0.22,0.018,0.12,0.562,0.604,49.71,18.13,,,50.01
211,692,AQ (Day3),1,2/9/2022,12:35,pm,Raul,MWM Cohort 127 videos\Test 16632.szv,63.4,30,16.607,9.395,0.262,0.313,0.01,0.043,0.715,0.729,45.1,21.86,0.005,,45.39
212,692,AQ (Day3),2,2/9/2022,12:37,pm,Raul,MWM Cohort 127 videos\Test 16633.szv,49.7,30,11.755,8.296,0.237,0.277,0.094,0.167,0.658,0.797,32.47,23.91,0.092,,35.26
213,692,AQ (Day3),3,2/9/2022,12:39,pm,Raul,MWM Cohort 127 videos\Test 16634.szv,21.6,24,4.628,5.009,0.215,0.209,0.162,0.124,0.666,0.655,14.13,15.46,0.138,0.103,14.8
214,693,AQ (Day3),1,2/9/2022,12:41,pm,Raul,MWM Cohort 127 videos\Test 16635.szv,6,7.7,1.604,1.959,0.269,0.255,0.353,0.276,0.503,0.485,2.84,3.56,0.317,0.231,3.14
215,693,AQ (Day3),2,2/9/2022,12:42,pm,Raul,MWM Cohort 127 videos\Test 16636.szv,15.9,19.3,4.842,5.487,0.305,0.285,0.088,0.183,0.446,0.486,6.91,9.19,0.061,0.167,7.68
216,693,AQ (Day3),3,2/9/2022,12:43,pm,Raul,MWM Cohort 127 videos\Test 16637.szv,74.8,30,22.967,8.999,0.307,0.3,0.014,0.153,0.612,0.582,45.51,17.47,0.01,,45.72
217,Y842,AQ (Day4),1,2/10/2022,10:30,am,Raul,MWM Cohort 127 videos\Test 16656.szv,18.5,22.7,3.789,4.741,0.205,0.209,0.143,0.211,0.586,0.594,10.65,13.3,0.124,0.205,11
218,Y842,AQ (Day4),2,2/10/2022,10:31,am,Raul,MWM Cohort 127 videos\Test 16657.szv,9.7,11.9,3.125,3.407,0.324,0.287,0.168,0.158,0.648,0.621,6.01,7.13,0.155,0.148,6.66
220,Y843,AQ (Day4),1,2/10/2022,10:35,am,Raul,MWM Cohort 127 videos\Test 16659.szv,32.9,30,6.96,6.494,0.212,0.216,0.12,0.226,0.629,0.701,20.49,21.03,0.107,,21.45
221,Y843,AQ (Day4),2,2/10/2022,10:36,am,Raul,MWM Cohort 127 videos\Test 16660.szv,2,4.5,0.26,0.617,0.13,0.137,0.543,0.89,0.058,0.23,0.1,0.96,0.591,0.85,-0.1
223,Y844,AQ (Day4),1,2/10/2022,10:39,am,Raul,MWM Cohort 127 videos\Test 16662.szv,56.1,30,13.372,7.361,0.238,0.245,0.039,0.193,0.714,0.717,39.87,21.51,0.029,,40.61
224,Y844,AQ (Day4),2,2/10/2022,10:41,am,Raul,MWM Cohort 127 videos\Test 16663.szv,4.4,6.1,0.881,1.408,0.2,0.229,0.352,0.318,0.326,0.324,1.34,1.88,0.352,0.295,1.5
226,Y845,AQ (Day4),1,2/10/2022,10:45,am,Raul,MWM Cohort 127 videos\Test 16665.szv,9.2,14.1,0.966,1.29,0.105,0.092,0.702,0.773,0.349,0.5,3.09,6.88,0.673,0.752,1.79
227,Y845,AQ (Day4),2,2/10/2022,10:46,am,Raul,MWM Cohort 127 videos\Test 16666.szv,50.6,30,12.367,6.41,0.245,0.214,0.054,0.059,0.706,0.767,35.43,23.01,0.047,,36.31
229,Y846,AQ (Day4),1,2/10/2022,10:51,am,Raul,MWM Cohort 127 videos\Test 16668.szv,3.4,9.7,0.85,1.106,0.25,0.114,0.989,0.953,0.373,0.772,1.15,7.24,0.943,0.952,2.34
230,Y846,AQ (Day4),2,2/10/2022,10:52,am,Raul,MWM Cohort 127 videos\Test 16669.szv,0.6,3.5,0.076,0.502,0.135,0.145,0.564,0.94,0.028,0.301,0.01,0.94,0.324,0.907,0.22
232,3261,AQ (Day4),1,2/10/2022,10:56,am,Raul,MWM Cohort 127 videos\Test 16671.szv,0.6,5.1,0.087,1.169,0.144,0.227,1.452,0.886,0.033,0.677,0.01,3.25,0.568,0.884,1.02
233,3261,AQ (Day4),2,2/10/2022,10:57,am,Raul,MWM Cohort 127 videos\Test 16672.szv,87.9,30,22.524,9.265,0.256,0.309,0.05,0.098,0.657,0.59,57.74,17.71,,,58.09
235,3262,AQ (Day4),1,2/10/2022,11:03,am,Raul,MWM Cohort 127 videos\Test 16674.szv,0.7,5.6,0.207,1.265,0.295,0.225,0.721,0.798,0.041,0.582,0.02,3.07,0.995,0.803,0.81
236,3262,AQ (Day4),2,2/10/2022,11:04,am,Raul,MWM Cohort 127 videos\Test 16675.szv,10,12.2,2.326,2.548,0.233,0.209,0.124,0.206,0.561,0.524,5.4,6.19,0.1,0.178,5.68
238,3264,AQ (Day4),1,2/10/2022,11:09,am,Raul,MWM Cohort 127 videos\Test 16677.szv,85.1,30,22.119,8.71,0.26,0.29,0.065,0.107,0.736,0.744,62.67,22.31,,,64.9
239,3264,AQ (Day4),2,2/10/2022,11:12,am,Raul,MWM Cohort 127 videos\Test 16678.szv,1,3.4,0.189,0.544,0.189,0.16,0.891,0.98,0.066,0.311,0.04,0.95,0.554,0.977,0.03
241,3265,AQ (Day4),1,2/10/2022,11:16,am,Raul,MWM Cohort 127 videos\Test 16680.szv,83.9,30,16.641,6.013,0.198,0.2,0.033,0.256,0.759,0.702,63.67,21.06,,,65.93
242,3265,AQ (Day4),2,2/10/2022,11:18,am,Raul,MWM Cohort 127 videos\Test 16681.szv,6.6,9.9,0.691,0.996,0.105,0.101,1.013,0.571,0.39,0.455,2.42,4.33,0.966,0.556,2.7
244,3266,AQ (Day4),1,2/10/2022,11:23,am,Raul,MWM Cohort 127 videos\Test 16683.szv,49.1,30,10.334,6.488,0.21,0.216,0.076,0.055,0.636,0.584,31.01,17.51,0.073,,32.41
245,3266,AQ (Day4),2,2/10/2022,11:25,am,Raul,MWM Cohort 127 videos\Test 16684.szv,87,30,15.44,5.049,0.177,0.168,0.02,0.025,0.759,0.653,65.99,19.6,,,66.6
247,Y847,AQ (Day4),1,2/10/2022,11:30,am,Raul,MWM Cohort 127 videos\Test 16686.szv,1.3,5.3,0.178,1.419,0.137,0.265,1.144,0.725,0.051,0.555,0.05,2.79,0.473,0.677,1
248,Y847,AQ (Day4),2,2/10/2022,11:31,am,Raul,MWM Cohort 127 videos\Test 16687.szv,46.6,30,12.345,8.102,0.265,0.27,0.016,0.13,0.589,0.537,27.25,16.12,0.006,,27.52
250,291,AQ (Day4),1,2/10/2022,11:36,am,Raul,MWM Cohort 127 videos\Test 16689.szv,84.1,30,15.941,6.391,0.19,0.213,0.038,0.222,0.609,0.68,51.2,20.4,,,53.14
251,291,AQ (Day4),2,2/10/2022,11:38,am,Raul,MWM Cohort 127 videos\Test 16690.szv,87.2,30,15.785,5.074,0.181,0.169,0.037,0.047,0.575,0.423,50.1,12.7,,,50.63
253,292,AQ (Day4),1,2/10/2022,11:43,am,Raul,MWM Cohort 127 videos\Test 16692.szv,84.5,30,16.433,6.142,0.194,0.205,0.06,0.204,0.742,0.693,62.72,20.78,,,64.17
254,292,AQ (Day4),2,2/10/2022,11:46,am,Raul,MWM Cohort 127 videos\Test 16693.szv,85.1,30,14.216,4.255,0.167,0.142,0.029,0.37,0.795,0.786,67.4,23.57,0.025,,67.81
256,293,AQ (Day4),1,2/10/2022,11:51,am,Raul,MWM Cohort 127 videos\Test 16695.szv,83.8,30,19.95,6.732,0.238,0.224,0.029,0.142,0.609,0.514,50.84,15.43,0.023,,52.05
257,293,AQ (Day4),2,2/10/2022,11:54,am,Raul,MWM Cohort 127 videos\Test 16696.szv,87.6,30,22.168,6.536,0.253,0.218,0.05,0.15,0.596,0.549,52.24,16.48,,,52.91
259,294,AQ (Day4),1,2/10/2022,12:00,pm,Raul,MWM Cohort 127 videos\Test 16698.szv,85.5,30,19.088,7.76,0.223,0.259,0.01,0.174,0.672,0.612,57.49,18.36,,,57.86
260,294,AQ (Day4),2,2/10/2022,12:02,pm,Raul,MWM Cohort 127 videos\Test 16699.szv,88,30,17.408,6.456,0.198,0.215,0.05,0.065,0.606,0.59,53.31,17.71,,,53.56
262,295,AQ (Day4),1,2/10/2022,12:08,pm,Raul,MWM Cohort 127 videos\Test 16701.szv,35.1,30,7.738,6.034,0.22,0.201,0.065,0.099,0.575,0.612,19.99,18.37,0.06,,21.65
263,295,AQ (Day4),2,2/10/2022,12:09,pm,Raul,MWM Cohort 127 videos\Test 16702.szv,35.9,30,8.473,6.731,0.236,0.224,0.028,0.177,0.632,0.647,22.49,19.4,0.016,,22.74
265,3268,AQ (Day4),1,2/10/2022,12:16,pm,Raul,MWM Cohort 127 videos\Test 265.szv,38.7,30,8.899,7.064,0.23,0.235,0.07,0.203,0.547,0.625,20.97,18.74,0.06,,21.58
266,3268,AQ (Day4),2,2/10/2022,12:14,pm,Raul,MWM Cohort 127 videos\Test 16705.szv,45.4,30,11.485,7.831,0.253,0.261,0.024,0.008,0.525,0.54,23.68,16.19,0.021,,23.74
268,3270,AQ (Day4),1,2/10/2022,12:21,pm,Raul,MWM Cohort 127 videos\Test 16707.szv,83.1,30,12.369,5.254,0.149,0.175,0.041,0.13,0.649,0.593,53.97,17.8,,,55.08
269,3270,AQ (Day4),2,2/10/2022,12:24,pm,Raul,MWM Cohort 127 videos\Test 16708.szv,14.1,17.8,1.847,2.203,0.131,0.124,0.218,0.288,0.465,0.457,6.35,7.93,0.15,0.231,6.87
271,3272,AQ (Day4),1,2/10/2022,12:30,pm,Raul,MWM Cohort 127 videos\Test 16710.szv,25.8,30,5.077,5.922,0.197,0.197,0.145,0.191,0.607,0.658,15.41,19.75,0.124,,17.16
272,3272,AQ (Day4),2,2/10/2022,12:31,pm,Raul,MWM Cohort 127 videos\Test 16711.szv,42,30,9.756,7.112,0.232,0.237,0.029,0.142,0.647,0.59,26.95,17.71,0.022,,27.29
274,3273,AQ (Day4),1,2/10/2022,12:37,pm,Raul,MWM Cohort 127 videos\Test 16713.szv,85.8,30,19.771,7.876,0.23,0.263,0.051,0.105,0.743,0.705,63.73,21.14,,,63.72
275,3273,AQ (Day4),2,2/10/2022,12:39,pm,Raul,MWM Cohort 127 videos\Test 16714.szv,16.8,18.7,4.449,4.963,0.265,0.265,0.09,0.097,0.651,0.625,10.75,11.51,0.075,0.089,11.12
277,690,AQ (Day4),1,2/10/2022,12:45,pm,Raul,MWM Cohort 127 videos\Test 16716.szv,7.5,12,1.389,2.385,0.185,0.199,0.73,0.42,0.537,0.653,3.84,7.61,0.678,0.386,5.49
278,690,AQ (Day4),2,2/10/2022,12:46,pm,Raul,MWM Cohort 127 videos\Test 16717.szv,1.2,3.2,0.247,0.424,0.206,0.132,0.904,0.951,0.081,0.269,0.07,0.77,0.999,0.958,0.2
280,691,AQ (Day4),1,2/10/2022,12:50,pm,Raul,MWM Cohort 127 videos\Test 16719.szv,18.1,22,4.64,5.384,0.256,0.244,0.119,0.197,0.58,0.634,10.3,13.72,0.107,0.188,11.59
281,691,AQ (Day4),2,2/10/2022,12:51,pm,Raul,MWM Cohort 127 videos\Test 16720.szv,15.2,16.9,4.414,4.797,0.29,0.283,0.077,0.108,0.443,0.435,6.59,7.22,0.063,0.091,6.86
283,692,AQ (Day4),1,2/10/2022,12:56,pm,Raul,MWM Cohort 127 videos\Test 16722.szv,42.3,30,7.92,6.156,0.187,0.205,0.013,0.202,0.602,0.588,25.24,17.65,0.007,,25.51
284,692,AQ (Day4),2,2/10/2022,12:58,pm,Raul,MWM Cohort 127 videos\Test 16723.szv,0.6,2.3,0.077,0.435,0.128,0.186,0.805,0.896,0.015,0.195,0,0.39,0.415,0.888,0.01
286,693,AQ (Day4),1,2/10/2022,13:03,pm,Raul,MWM Cohort 127 videos\Test 16725.szv,1,4.3,0.159,0.994,0.167,0.234,0.809,0.912,0.046,0.508,0.03,1.98,0.953,0.898,0.31
287,693,AQ (Day4),2,2/10/2022,13:03,pm,Raul,MWM Cohort 127 videos\Test 16726.szv,88.3,30,25.863,8.981,0.293,0.299,0.02,0.095,0.619,0.593,54.64,17.78,,,55.08
289,Y842,AQ (Day5),1,2/11/2022,10:05,am,Raul,MWM Cohort 127 videos\Test 16746.szv,41.9,30,11.446,7.728,0.273,0.258,0.023,0.164,0.524,0.538,21.82,16.13,0.013,,21.95
290,Y842,AQ (Day5),2,2/11/2022,10:07,am,Raul,MWM Cohort 127 videos\Test 16747.szv,10.5,14.4,3.342,4.379,0.319,0.305,0.14,0.27,0.582,0.667,5.89,9.36,0.108,0.253,7.32
291,Y842,AQ (Day5),3,2/11/2022,10:08,am,Raul,MWM Cohort 127 videos\Test 16748.szv,8,11.4,2.405,2.951,0.301,0.259,0.262,0.342,0.587,0.645,4.5,7.13,0.232,0.321,5.38
292,Y843,AQ (Day5),1,2/11/2022,10:10,am,Raul,MWM Cohort 127 videos\Test 16749.szv,44.7,30,8.906,5.886,0.199,0.196,0.02,0.244,0.622,0.54,27.59,16.2,0.013,,27.86
293,Y843,AQ (Day5),2,2/11/2022,10:12,am,Raul,MWM Cohort 127 videos\Test 16750.szv,1.7,7.3,0.265,1.097,0.16,0.151,0.763,0.934,0.083,0.521,0.11,3.6,0.951,0.932,0.04
294,Y843,AQ (Day5),3,2/11/2022,10:13,am,Raul,MWM Cohort 127 videos\Test 16751.szv,5.1,10.5,0.721,1.643,0.142,0.157,0.213,0.618,0.145,0.389,0.68,3.92,0.14,0.582,0.99
295,Y844,AQ (Day5),1,2/11/2022,10:15,am,Raul,MWM Cohort 127 videos\Test 16752.szv,22.8,24.8,5.144,5.693,0.226,0.23,0.087,0.102,0.518,0.513,11.61,12.52,0.063,0.088,11.94
296,Y844,AQ (Day5),2,2/11/2022,10:16,am,Raul,MWM Cohort 127 videos\Test 16753.szv,5.7,9.8,1.405,2.733,0.246,0.278,0.279,0.394,0.441,0.51,2.38,4.84,0.28,0.38,2.91
297,Y844,AQ (Day5),3,2/11/2022,10:17,am,Raul,MWM Cohort 127 videos\Test 16754.szv,3.9,3.9,1.128,1.128,0.291,0.291,0.954,0.954,0.618,0.618,2.18,2.18,0.938,0.938,0.42
298,Y845,AQ (Day5),1,2/11/2022,10:19,am,Raul,MWM Cohort 127 videos\Test 16755.szv,2.7,4.6,0.301,0.47,0.112,0.102,0.784,0.939,0.091,0.186,0.22,0.8,0.602,0.864,0.03
299,Y845,AQ (Day5),2,2/11/2022,10:20,am,Raul,MWM Cohort 127 videos\Test 16756.szv,4,9.5,0.879,1.95,0.22,0.204,0.877,0.58,0.279,0.671,0.99,6.07,0.771,0.548,3.31
300,Y845,AQ (Day5),3,2/11/2022,10:21,am,Raul,MWM Cohort 127 videos\Test 16757.szv,64.9,30,16.867,7.935,0.26,0.265,0.06,0.048,0.618,0.57,39.84,17.1,0.054,,40.87
301,Y846,AQ (Day5),1,2/11/2022,10:25,am,Raul,MWM Cohort 127 videos\Test 16758.szv,57,30,11.406,5.474,0.2,0.182,0.066,0.29,0.595,0.583,33.73,17.5,0.056,,34.82
302,Y846,AQ (Day5),2,2/11/2022,10:27,am,Raul,MWM Cohort 127 videos\Test 16759.szv,9.9,16.3,1.459,1.968,0.147,0.121,0.513,0.517,0.539,0.628,5.15,10.03,0.477,0.504,5.98
303,Y846,AQ (Day5),3,2/11/2022,10:28,am,Raul,MWM Cohort 127 videos\Test 16760.szv,12.3,18.7,1.648,2.312,0.134,0.124,0.318,0.465,0.446,0.549,5.31,10.05,0.26,0.427,6.01
304,3261,AQ (Day5),1,2/11/2022,10:30,am,Raul,MWM Cohort 127 videos\Test 16761.szv,75.5,30,21.111,8.535,0.28,0.284,0.026,0.112,0.709,0.601,53.29,18.02,0.022,,53.69
305,3261,AQ (Day5),2,2/11/2022,10:32,am,Raul,MWM Cohort 127 videos\Test 16762.szv,67.2,30,17.052,7.36,0.254,0.245,0.07,0.195,0.599,0.691,40.02,20.73,0.066,,42.19
306,3261,AQ (Day5),3,2/11/2022,10:34,am,Raul,MWM Cohort 127 videos\Test 16763.szv,6.9,11,1.813,2.672,0.263,0.243,0.55,0.407,0.663,0.786,4.36,8.38,0.496,0.376,6.26
307,3262,AQ (Day5),1,2/11/2022,10:37,am,Raul,MWM Cohort 127 videos\Test 16764.szv,11,13.2,2.536,3.009,0.231,0.228,0.206,0.165,0.604,0.577,6.45,7.43,0.181,0.151,6.96
308,3262,AQ (Day5),2,2/11/2022,10:38,am,Raul,MWM Cohort 127 videos\Test 16765.szv,4.8,4.8,1.035,1.035,0.216,0.216,0.999,0.999,0.605,0.605,2.7,2.7,0.981,0.981,0.34
309,3262,AQ (Day5),3,2/11/2022,10:39,am,Raul,MWM Cohort 127 videos\Test 16766.szv,19.2,23.8,3.736,4.565,0.195,0.192,0.087,0.222,0.461,0.506,8.69,11.86,0.073,0.209,9.47
310,3264,AQ (Day5),1,2/11/2022,10:41,am,Raul,MWM Cohort 127 videos\Test 16767.szv,87.8,30,20.949,7.533,0.239,0.251,0.057,0.124,0.648,0.639,56.87,19.16,,,57.36
311,3264,AQ (Day5),2,2/11/2022,10:44,am,Raul,MWM Cohort 127 videos\Test 16768.szv,2.6,7.7,0.546,1.204,0.214,0.157,0.859,0.933,0.203,0.627,0.45,4.59,0.939,0.919,0.68
312,3264,AQ (Day5),3,2/11/2022,10:45,am,Raul,MWM Cohort 127 videos\Test 16769.szv,85.4,30,19.191,5.761,0.225,0.192,0.026,0.229,0.708,0.625,60.5,18.75,,,61.92
313,3265,AQ (Day5),1,2/11/2022,10:48,am,Raul,MWM Cohort 127 videos\Test 16770.szv,20.8,23.1,4.176,4.398,0.201,0.191,0.054,0.108,0.515,0.498,10.51,11.32,0.039,0.098,10.81
314,3265,AQ (Day5),2,2/11/2022,10:49,am,Raul,MWM Cohort 127 videos\Test 16771.szv,67.5,30,14.016,5.616,0.208,0.187,0.058,0.245,0.737,0.874,49.46,26.21,0.055,,52.32
315,3265,AQ (Day5),3,2/11/2022,10:51,am,Raul,MWM Cohort 127 videos\Test 16772.szv,84.4,30,14.825,5.277,0.176,0.176,0.088,0.099,0.507,0.609,42.76,18.28,,,44.9
316,3266,AQ (Day5),1,2/11/2022,10:56,am,Raul,MWM Cohort 127 videos\Test 16773.szv,11.9,14.4,2.925,3.448,0.246,0.239,0.029,0.15,0.656,0.594,7.6,8.36,0.021,0.134,7.9
317,3266,AQ (Day5),2,2/11/2022,10:57,am,Raul,MWM Cohort 127 videos\Test 16774.szv,33.6,30,5.828,5.075,0.173,0.169,0.156,0.037,0.739,0.865,24.59,25.95,0.14,,27.54
318,3266,AQ (Day5),3,2/11/2022,10:58,am,Raul,MWM Cohort 127 videos\Test 16775.szv,21.6,27.3,3.538,4.15,0.164,0.152,0.25,0.272,0.595,0.656,12.68,17.72,0.228,0.251,14.14
319,Y847,AQ (Day5),1,2/11/2022,11:01,am,Raul,MWM Cohort 127 videos\Test 16776.szv,9.8,11.7,2.546,2.943,0.26,0.252,0.211,0.194,0.525,0.516,4.96,5.85,0.181,0.165,5.37
320,Y847,AQ (Day5),2,2/11/2022,11:02,am,Raul,MWM Cohort 127 videos\Test 16777.szv,57.2,30,15.833,8.202,0.277,0.273,0.031,0.033,0.592,0.639,33.65,19.18,0.026,,34.91
321,Y847,AQ (Day5),3,2/11/2022,11:03,am,Raul,MWM Cohort 127 videos\Test 16778.szv,5.5,9.4,1.412,2.354,0.257,0.25,0.628,0.459,0.522,0.701,2.7,6.37,0.584,0.431,4.3
322,291,AQ (Day5),1,2/11/2022,11:06,am,Raul,MWM Cohort 127 videos\Test 16779.szv,87.9,30,15.756,5.69,0.179,0.19,0.055,0.114,0.697,0.776,61.26,23.27,,,61.64
323,291,AQ (Day5),2,2/11/2022,11:08,am,Raul,MWM Cohort 127 videos\Test 16780.szv,26.1,30,6.679,7.308,0.256,0.244,0.106,0.15,0.6,0.654,15.45,19.61,0.09,,17.5
324,291,AQ (Day5),3,2/11/2022,11:10,am,Raul,MWM Cohort 127 videos\Test 16781.szv,14.7,19.6,3.793,4.732,0.258,0.241,0.288,0.228,0.535,0.669,7.71,12.92,0.274,0.22,10.67
325,292,AQ (Day5),1,2/11/2022,11:12,am,Raul,MWM Cohort 127 videos\Test 16782.szv,15.1,17.3,3.572,3.824,0.237,0.222,0.187,0.151,0.722,0.703,10.63,11.89,0.166,0.13,11.31
326,292,AQ (Day5),2,2/11/2022,11:13,am,Raul,MWM Cohort 127 videos\Test 16783.szv,58.8,30,13.592,7.024,0.231,0.234,0.046,0.199,0.597,0.648,34.87,19.43,0.037,,36.85
327,292,AQ (Day5),3,2/11/2022,11:15,am,Raul,MWM Cohort 127 videos\Test 16784.szv,12.1,16.6,2.677,3.381,0.222,0.204,0.429,0.319,0.641,0.76,7.5,12.32,0.391,0.296,9.81
328,293,AQ (Day5),1,2/11/2022,11:17,am,Raul,MWM Cohort 127 videos\Test 16785.szv,2.4,4.1,0.36,0.434,0.152,0.107,0.872,0.973,0.133,0.23,0.27,0.85,0.796,0.95,0.09
329,293,AQ (Day5),2,2/11/2022,11:18,am,Raul,MWM Cohort 127 videos\Test 16786.szv,4.2,9.1,0.979,2.027,0.233,0.222,0.77,0.559,0.418,0.648,1.63,5.7,0.707,0.53,3.1
330,293,AQ (Day5),3,2/11/2022,11:19,am,Raul,MWM Cohort 127 videos\Test 16787.szv,85.7,30,22.871,7.712,0.267,0.257,0.031,0.106,0.629,0.606,53.92,18.18,,,55.18
331,294,AQ (Day5),1,2/11/2022,11:22,am,Raul,MWM Cohort 127 videos\Test 16788.szv,1.2,2.7,0.18,0.351,0.156,0.133,0.955,0.975,0.051,0.209,0.03,0.45,0.623,0.898,0.14
332,294,AQ (Day5),2,2/11/2022,11:23,am,Raul,MWM Cohort 127 videos\Test 16789.szv,45.4,30,11.752,6.827,0.259,0.228,0.05,0.126,0.644,0.674,29.04,20.23,0.041,,31.17
333,294,AQ (Day5),3,2/11/2022,11:24,am,Raul,MWM Cohort 127 videos\Test 16790.szv,85.6,30,18.487,6.226,0.216,0.208,0.058,0.058,0.553,0.655,47.31,19.64,,,48.67
334,295,AQ (Day5),1,2/11/2022,11:28,am,Raul,MWM Cohort 127 videos\Test 16791.szv,2.1,4.1,0.156,0.487,0.075,0.119,0.82,0.856,0.054,0.168,0.09,0.63,0.593,0.806,-0.03
335,295,AQ (Day5),2,2/11/2022,11:29,am,Raul,MWM Cohort 127 videos\Test 16792.szv,42.8,30,10.246,6.509,0.24,0.217,0.062,0.078,0.58,0.558,24.61,16.73,0.056,,25.98
336,295,AQ (Day5),3,2/11/2022,11:30,am,Raul,MWM Cohort 127 videos\Test 16793.szv,9.8,14.8,2.469,3.251,0.252,0.219,0.331,0.322,0.49,0.576,4.66,8.37,0.303,0.297,6.23
337,3268,AQ (Day5),1,2/11/2022,11:33,am,Raul,MWM Cohort 127 videos\Test 16794.szv,35.4,30,8.784,7.896,0.248,0.263,0.01,0.044,0.553,0.541,19.39,16.24,0.005,,19.49
338,3268,AQ (Day5),2,2/11/2022,11:34,am,Raul,MWM Cohort 127 videos\Test 16795.szv,62.9,30,12.664,6.767,0.201,0.226,0.027,0.193,0.648,0.717,40.54,21.51,0.018,,41.7
339,3268,AQ (Day5),3,2/11/2022,11:36,am,Raul,MWM Cohort 127 videos\Test 16796.szv,67.3,30,11.878,6.09,0.176,0.203,0.052,0.121,0.711,0.717,47.62,21.5,0.048,,47.75
340,3270,AQ (Day5),1,2/11/2022,11:40,am,Raul,MWM Cohort 127 videos\Test 16797.szv,1.1,4,0.081,0.348,0.073,0.086,0.933,0.975,0.025,0.206,0.02,0.76,0.999,0.97,-0.04
341,3270,AQ (Day5),2,2/11/2022,11:41,am,Raul,MWM Cohort 127 videos\Test 16798.szv,81.7,30,11.403,4.488,0.14,0.15,0.042,0.355,0.808,0.878,66.02,26.35,,,68.62
342,3270,AQ (Day5),3,2/11/2022,11:44,am,Raul,MWM Cohort 127 videos\Test 16799.szv,17.9,25.3,2.821,3.453,0.158,0.137,0.32,0.291,0.58,0.66,10.19,16.48,0.305,0.283,12.93
343,3272,AQ (Day5),1,2/11/2022,11:47,am,Raul,MWM Cohort 127 videos\Test 16800.szv,87.7,30,18.325,6.824,0.209,0.227,0.024,0.079,0.647,0.509,56.75,15.27,,,57.09
344,3272,AQ (Day5),2,2/11/2022,11:49,am,Raul,MWM Cohort 127 videos\Test 16801.szv,81.7,30,16.402,6.658,0.201,0.222,0.03,0.236,0.612,0.644,49.78,19.33,0.03,,50.04
345,3272,AQ (Day5),3,2/11/2022,11:52,am,Raul,MWM Cohort 127 videos\Test 16802.szv,25,29.8,5.18,6.119,0.208,0.206,0.139,0.167,0.845,0.83,20.8,24.43,0.14,0.164,21.97
346,3273,AQ (Day5),1,2/11/2022,11:55,am,Raul,MWM Cohort 127 videos\Test 16803.szv,0.3,2,0.081,0.481,0.271,0.235,1,0.961,0.02,0.269,0,0.46,,0.974,0.09
347,3273,AQ (Day5),2,2/11/2022,11:55,am,Raul,MWM Cohort 127 videos\Test 16804.szv,41.4,30,11.124,8.57,0.269,0.286,0.033,0.175,0.692,0.68,28.43,20.39,0.035,,29.27
348,3273,AQ (Day5),3,2/11/2022,11:57,am,Raul,MWM Cohort 127 videos\Test 16805.szv,86,30,19.322,7.942,0.225,0.265,0.031,0.073,0.707,0.644,60.83,19.31,,,61.15
349,690,AQ (Day5),1,2/11/2022,12:01,pm,Raul,MWM Cohort 127 videos\Test 16806.szv,87.9,30,15.249,3.381,0.173,0.113,0.087,0.311,0.516,0.549,45.38,16.46,,,45.62
350,690,AQ (Day5),2,2/11/2022,12:03,pm,Raul,MWM Cohort 127 videos\Test 16807.szv,55.1,30,10.751,5.178,0.195,0.173,0.092,0.211,0.762,0.896,41.71,26.87,0.089,,43.4
351,690,AQ (Day5),3,2/11/2022,12:05,pm,Raul,MWM Cohort 127 videos\Test 16808.szv,48.5,30,11.082,7.462,0.229,0.249,0.071,0.148,0.628,0.613,30.2,18.39,0.065,,31.73
352,691,AQ (Day5),1,2/11/2022,12:08,pm,Raul,MWM Cohort 127 videos\Test 16809.szv,6.6,8.2,1.891,2.151,0.286,0.262,0.222,0.22,0.519,0.498,3.24,3.9,0.187,0.206,3.52
353,691,AQ (Day5),2,2/11/2022,12:08,pm,Raul,MWM Cohort 127 videos\Test 16810.szv,69.8,30,19.92,9,0.285,0.3,0.048,0.073,0.697,0.684,48.38,20.53,0.044,,49.45
354,691,AQ (Day5),3,2/11/2022,12:10,pm,Raul,MWM Cohort 127 videos\Test 16811.szv,57.6,30,15.399,7.646,0.267,0.255,0.076,0.119,0.662,0.798,37.92,23.93,0.069,,39.34
355,692,AQ (Day5),1,2/11/2022,12:15,pm,Raul,MWM Cohort 127 videos\Test 16812.szv,29.8,30,5.117,5.161,0.172,0.172,0.112,0.037,0.571,0.585,16.79,17.55,0.099,,17.24
356,692,AQ (Day5),2,2/11/2022,12:16,pm,Raul,MWM Cohort 127 videos\Test 16813.szv,80,30,15.128,5.304,0.189,0.177,0.028,0.162,0.626,0.684,50.08,20.51,0.026,,51.19
357,692,AQ (Day5),3,2/11/2022,12:19,pm,Raul,MWM Cohort 127 videos\Test 16814.szv,85.8,30,16.351,6.75,0.191,0.225,0.069,0.193,0.613,0.728,52.59,21.84,,,54.35
358,693,AQ (Day5),1,2/11/2022,12:22,pm,Raul,MWM Cohort 127 videos\Test 16815.szv,88.5,30,25.93,7.848,0.293,0.262,0.03,0.134,0.596,0.559,52.71,16.78,,,52.92
359,693,AQ (Day5),2,2/11/2022,12:24,pm,Raul,MWM Cohort 127 videos\Test 16816.szv,62.4,30,15.819,7.12,0.254,0.237,0.037,0.072,0.66,0.709,40.94,21.28,0.03,,42.15
360,693,AQ (Day5),3,2/11/2022,12:26,pm,Raul,MWM Cohort 127 videos\Test 16817.szv,30.1,30,7.179,7.298,0.238,0.243,0.037,0.209,0.47,0.496,13.98,14.87,0.02,,14.58
361,Y842,AQ (Day6),1,2/12/2022,10:06,am,Raul,MWM Cohort 127 videos\Test 16836.szv,8.5,12.1,2.582,3.701,0.304,0.306,0.125,0.298,0.571,0.584,4.66,6.86,0.108,0.279,5.1
362,Y842,AQ (Day6),2,2/12/2022,10:08,am,Raul,MWM Cohort 127 videos\Test 16837.szv,36,30,9.597,7.866,0.267,0.262,0.05,0.132,0.529,0.495,18.86,14.86,0.044,,19.24
364,Y843,AQ (Day6),1,2/12/2022,10:12,am,Raul,MWM Cohort 127 videos\Test 16839.szv,41.1,30,7.472,6.37,0.182,0.212,0.035,0.212,0.56,0.529,22.84,15.88,0.03,,23.03
365,Y843,AQ (Day6),2,2/12/2022,10:13,am,Raul,MWM Cohort 127 videos\Test 16840.szv,18.2,23.6,3.796,4.851,0.209,0.205,0.049,0.216,0.547,0.532,9.8,12.4,0.039,0.197,10.11
367,Y844,AQ (Day6),1,2/12/2022,10:19,am,Raul,MWM Cohort 127 videos\Test 16842.szv,43.4,30,8.487,6.454,0.196,0.215,0.054,0.13,0.604,0.572,25.99,17.15,0.052,,25.46
368,Y844,AQ (Day6),2,2/12/2022,10:21,am,Raul,MWM Cohort 127 videos\Test 16843.szv,89,30,21.188,7.608,0.238,0.254,0.039,0.133,0.752,0.603,66.94,18.09,,,67.43
370,Y845,AQ (Day6),1,2/12/2022,10:26,am,Raul,MWM Cohort 127 videos\Test 16845.szv,26.6,30,4.809,5.17,0.181,0.172,0.171,0.167,0.452,0.564,11.85,16.93,0.147,,13.64
371,Y845,AQ (Day6),2,2/12/2022,10:28,am,Raul,MWM Cohort 127 videos\Test 16846.szv,85.2,30,18.786,6.414,0.22,0.214,0.014,0.116,0.524,0.508,44.64,15.23,,,45.36
373,Y846,AQ (Day6),1,2/12/2022,10:34,am,Raul,MWM Cohort 127 videos\Test 16848.szv,7.7,14.6,1.424,2.553,0.186,0.175,0.117,0.444,0.262,0.454,1.92,6.46,0.04,0.419,3.14
374,Y846,AQ (Day6),2,2/12/2022,10:35,am,Raul,MWM Cohort 127 videos\Test 16849.szv,9.5,15.4,1.573,2.585,0.166,0.167,0.297,0.386,0.352,0.474,3.24,7.16,0.221,0.355,4.62
376,3261,AQ (Day6),1,2/12/2022,10:39,am,Raul,MWM Cohort 127 videos\Test 16851.szv,85.7,30,19.737,7.146,0.23,0.238,0.033,0.139,0.587,0.514,50.27,15.41,,,50.71
377,3261,AQ (Day6),2,2/12/2022,10:42,am,Raul,MWM Cohort 127 videos\Test 16852.szv,44.3,30,10.428,6.845,0.235,0.228,0.111,0.08,0.609,0.704,26.78,21.12,0.102,,28.85
379,3262,AQ (Day6),1,2/12/2022,10:47,am,Raul,MWM Cohort 127 videos\Test 16854.szv,8.7,13.4,1.723,2.702,0.198,0.201,0.373,0.396,0.478,0.526,4,6.88,0.326,0.367,4.38
380,3262,AQ (Day6),2,2/12/2022,10:48,am,Raul,MWM Cohort 127 videos\Test 16855.szv,73.2,30,14.905,6.084,0.204,0.203,0.022,0.014,0.603,0.523,43.95,15.68,0.015,,44.48
382,3264,AQ (Day6),1,2/12/2022,11:02,am,Raul,MWM Cohort 127 videos\Test 16857.szv,85,30,19.253,6.288,0.227,0.21,0.04,0.218,0.713,0.717,60.56,21.5,,,61.39
383,3264,AQ (Day6),2,2/12/2022,11:05,am,Raul,MWM Cohort 127 videos\Test 16858.szv,34.1,30,7.248,6.572,0.213,0.219,0.092,0.117,0.473,0.578,15.95,17.34,0.076,,17.35
385,3265,AQ (Day6),1,2/12/2022,11:10,am,Raul,MWM Cohort 127 videos\Test 16860.szv,84.3,30,15.699,4.76,0.186,0.159,0.02,0.182,0.481,0.471,40.54,14.13,,,42.87
386,3265,AQ (Day6),2,2/12/2022,11:13,am,Raul,MWM Cohort 127 videos\Test 16861.szv,84.4,30,16.056,5.637,0.19,0.188,0.067,0.099,0.774,0.75,65.34,22.51,,,67.14
388,3266,AQ (Day6),1,2/12/2022,11:19,am,Raul,MWM Cohort 127 videos\Test 16863.szv,51.6,30,9.315,6.152,0.181,0.205,0.071,0.215,0.541,0.732,27.77,21.96,0.06,,29.33
389,3266,AQ (Day6),2,2/12/2022,11:20,am,Raul,MWM Cohort 127 videos\Test 16864.szv,84.4,30,14.108,4.256,0.167,0.142,0.03,0.37,0.681,0.627,57.5,18.81,,,58.84
391,Y847,AQ (Day6),1,2/12/2022,11:26,am,Raul,MWM Cohort 127 videos\Test 16866.szv,12.1,16.3,2.94,3.932,0.244,0.242,0.108,0.289,0.388,0.508,4.55,8.09,0.081,0.276,5.66
392,Y847,AQ (Day6),2,2/12/2022,11:27,am,Raul,MWM Cohort 127 videos\Test 16867.szv,37.4,30,10.314,8.491,0.276,0.283,0.015,0.152,0.524,0.507,19.43,15.2,0.004,,19.95
394,291,AQ (Day6),1,2/12/2022,11:31,am,Raul,MWM Cohort 127 videos\Test 16869.szv,42.8,30,9.566,7.105,0.223,0.237,0.046,0.114,0.473,0.511,20.08,15.33,0.04,,21.65
395,291,AQ (Day6),2,2/12/2022,11:33,am,Raul,MWM Cohort 127 videos\Test 16870.szv,1.9,6.4,0.268,1.028,0.143,0.161,0.909,0.908,0.11,0.544,0.17,3.29,0.745,0.875,0.7
397,292,AQ (Day6),1,2/12/2022,11:39,am,Raul,MWM Cohort 127 videos\Test 16872.szv,53.2,30,11.512,7.02,0.216,0.234,0.027,0.084,0.763,0.635,40.32,19.06,0.023,,40.47
398,292,AQ (Day6),2,2/12/2022,11:41,am,Raul,MWM Cohort 127 videos\Test 16873.szv,5.9,10.5,1.472,2.587,0.249,0.246,0.453,0.433,0.453,0.635,2.52,6.46,0.439,0.405,4.25
400,293,AQ (Day6),1,2/12/2022,11:44,am,Raul,MWM Cohort 127 videos\Test 16875.szv,16.5,21.2,4.256,4.977,0.258,0.235,0.1,0.222,0.578,0.627,9.33,13.06,0.072,0.205,10.8
401,293,AQ (Day6),2,2/12/2022,11:45,am,Raul,MWM Cohort 127 videos\Test 16876.szv,48.2,30,12.984,8.298,0.269,0.277,0.024,0.06,0.655,0.632,31.37,18.96,0.016,,32.54
403,294,AQ (Day6),1,2/12/2022,11:50,am,Raul,MWM Cohort 127 videos\Test 16878.szv,85.4,30,18.488,6.392,0.216,0.213,0.052,0.022,0.702,0.688,59.95,20.65,,,60.86
404,294,AQ (Day6),2,2/12/2022,11:52,am,Raul,MWM Cohort 127 videos\Test 16879.szv,30.2,30,7.484,7.221,0.248,0.241,0.058,0.04,0.545,0.571,16.26,17.12,0.049,,17.53
406,295,AQ (Day6),1,2/12/2022,11:57,am,Raul,MWM Cohort 127 videos\Test 16881.szv,45.7,30,8.542,4.663,0.187,0.155,0.074,0.181,0.523,0.512,23.72,15.37,0.064,,24.6
407,295,AQ (Day6),2,2/12/2022,11:59,am,Raul,MWM Cohort 127 videos\Test 16882.szv,24.4,29.4,5.564,6.304,0.228,0.214,0.103,0.164,0.672,0.689,16.2,20.06,0.087,0.152,17.88
409,3268,AQ (Day6),1,2/12/2022,12:04,pm,Raul,MWM Cohort 127 videos\Test 16884.szv,58.7,30,15.746,8.613,0.268,0.287,0.01,0.025,0.695,0.672,40.54,20.17,0.004,,42.08
410,3268,AQ (Day6),2,2/12/2022,12:05,pm,Raul,MWM Cohort 127 videos\Test 16885.szv,51.8,30,11.421,7.094,0.221,0.236,0.043,0.022,0.666,0.732,34.22,21.96,0.04,,34.9
412,3270,AQ (Day6),1,2/12/2022,12:10,pm,Raul,MWM Cohort 127 videos\Test 16887.szv,2.3,10.3,0.326,1.523,0.142,0.147,1.161,0.73,0.159,0.717,0.32,7.17,0.858,0.728,3.09
413,3270,AQ (Day6),2,2/12/2022,12:11,pm,Raul,MWM Cohort 127 videos\Test 16888.szv,82.5,30,13.234,5.428,0.16,0.181,0.031,0.282,0.736,0.73,60.74,21.89,,,62.44
415,3272,AQ (Day6),1,2/12/2022,12:18,pm,Raul,MWM Cohort 127 videos\Test 16890.szv,34,30,7.4,6.729,0.218,0.224,0.084,0.081,0.459,0.528,15.6,15.84,,,16.58
416,3272,AQ (Day6),2,2/12/2022,12:19,pm,Raul,MWM Cohort 127 videos\Test 16891.szv,85.3,30,16.876,6.809,0.198,0.227,0.019,0.174,0.698,0.752,59.52,22.55,,,60.26
418,3273,AQ (Day6),1,2/12/2022,12:25,pm,Raul,MWM Cohort 127 videos\Test 16893.szv,76.2,30,18.076,8.24,0.237,0.275,0.034,0.13,0.71,0.804,53.82,24.13,0.031,,54.02
419,3273,AQ (Day6),2,2/12/2022,12:27,pm,Raul,MWM Cohort 127 videos\Test 16894.szv,36.2,30,8.335,7.068,0.23,0.236,0.054,0.085,0.709,0.654,25.41,19.63,0.046,,25.92
421,690,AQ (Day6),1,2/12/2022,12:32,pm,Raul,MWM Cohort 127 videos\Test 16896.szv,8.8,14,1.191,2.492,0.135,0.178,0.308,0.442,0.304,0.424,2.59,5.82,0.268,0.429,2.58
422,690,AQ (Day6),2,2/12/2022,12:33,pm,Raul,MWM Cohort 127 videos\Test 16897.szv,39.9,30,10.573,7.737,0.265,0.258,0.091,0.081,0.675,0.714,26.69,21.43,0.083,,28.86
424,691,AQ (Day6),1,2/12/2022,12:37,pm,Raul,MWM Cohort 127 videos\Test 16899.szv,29,30,9.509,9.566,0.328,0.319,0.078,0.102,0.581,0.616,16.65,18.48,0.068,,17.61
425,691,AQ (Day6),2,2/12/2022,12:38,pm,Raul,MWM Cohort 127 videos\Test 16900.szv,36.8,30,11.355,8.621,0.309,0.287,0.076,0.161,0.658,0.672,23.99,20.16,0.066,,25.57
427,692,AQ (Day6),1,2/12/2022,12:42,pm,Raul,MWM Cohort 127 videos\Test 16902.szv,84.4,30,18.215,6.423,0.216,0.214,0.037,0.209,0.633,0.612,53.39,18.36,,,55.26
428,692,AQ (Day6),2,2/12/2022,12:44,pm,Raul,MWM Cohort 127 videos\Test 16903.szv,11,16.5,2.201,3.258,0.201,0.198,0.486,0.345,0.41,0.596,4.36,9.62,0.454,0.328,6.78
430,693,AQ (Day6),1,2/12/2022,12:49,pm,Raul,MWM Cohort 127 videos\Test 16905.szv,21.6,25.9,5.321,6.261,0.246,0.242,0.152,0.186,0.468,0.551,9.96,14.1,0.13,0.176,11.54
431,693,AQ (Day6),2,2/12/2022,12:50,pm,Raul,MWM Cohort 127 videos\Test 16906.szv,35.6,30,9.82,7.787,0.276,0.26,0.106,0.078,0.631,0.666,22.23,19.98,0.102,,24.2
433,Y842,AQ (Day7),1,2/13/2022,10:17,am,Raul,MWM Cohort 127 videos\Test 16926.szv,3.4,5.3,1.087,1.361,0.32,0.256,0.338,0.374,0.21,0.294,0.65,1.47,0.265,0.352,1.03
434,Y842,AQ (Day7),2,2/13/2022,10:18,am,Raul,MWM Cohort 127 videos\Test 16927.szv,67.2,30,18.188,8.296,0.271,0.277,0.02,0.085,0.526,0.465,35.18,13.94,0.015,,35.42
435,Y842,AQ (Day7),3,2/13/2022,10:20,am,Raul,MWM Cohort 127 videos\Test 16928.szv,85,30,20.934,7.212,0.246,0.24,0.036,0.094,0.717,0.705,60.66,21.15,0.034,,61.58
436,Y843,AQ (Day7),1,2/13/2022,10:24,am,Raul,MWM Cohort 127 videos\Test 16929.szv,16.1,18.6,2.909,3.232,0.181,0.174,0.186,0.199,0.456,0.463,7.18,8.44,0.157,0.167,7.57
437,Y843,AQ (Day7),2,2/13/2022,10:25,am,Raul,MWM Cohort 127 videos\Test 16930.szv,20.5,24.6,4.815,6.549,0.235,0.267,0.057,0.141,0.496,0.486,9.98,11.78,0.058,0.135,10.14
438,Y843,AQ (Day7),3,2/13/2022,10:26,am,Raul,MWM Cohort 127 videos\Test 16931.szv,85.2,30,19.93,7.006,0.234,0.234,0.058,0.026,0.644,0.633,54.85,18.99,,,56.45
439,Y844,AQ (Day7),1,2/13/2022,10:29,am,Raul,MWM Cohort 127 videos\Test 16932.szv,11.9,13.4,3.171,3.676,0.266,0.274,0.106,0.111,0.598,0.56,6.93,7.32,0.109,0.1,7.07
440,Y844,AQ (Day7),2,2/13/2022,10:30,am,Raul,MWM Cohort 127 videos\Test 16933.szv,5.8,7.7,1.338,1.896,0.232,0.248,0.526,0.277,0.56,0.536,3.04,3.93,0.503,0.25,3.48
441,Y844,AQ (Day7),3,2/13/2022,10:31,am,Raul,MWM Cohort 127 videos\Test 16934.szv,18.6,22.7,3.528,4.689,0.19,0.207,0.141,0.223,0.551,0.545,10.04,12.17,0.136,0.212,9.73
442,Y845,AQ (Day7),1,2/13/2022,10:33,am,Raul,MWM Cohort 127 videos\Test 16935.szv,12.5,15.7,1.246,1.586,0.1,0.101,0.483,0.383,0.489,0.492,5.96,7.57,0.455,0.349,6.03
443,Y845,AQ (Day7),2,2/13/2022,10:35,am,Raul,MWM Cohort 127 videos\Test 16936.szv,40.2,30,9.188,6.217,0.229,0.207,0.024,0.105,0.543,0.551,21.67,16.54,0.017,,22.06
444,Y845,AQ (Day7),3,2/13/2022,10:36,am,Raul,MWM Cohort 127 videos\Test 16937.szv,46.3,30,9.74,6.786,0.21,0.226,0.053,0.092,0.712,0.754,32.73,22.63,0.047,,35.35
445,Y846,AQ (Day7),1,2/13/2022,10:39,am,Raul,MWM Cohort 127 videos\Test 16938.szv,3.1,6.1,0.415,0.574,0.136,0.095,0.856,0.979,0.202,0.339,0.55,1.94,0.849,0.978,0.12
446,Y846,AQ (Day7),2,2/13/2022,10:40,am,Raul,MWM Cohort 127 videos\Test 16939.szv,43.6,30,8.049,4.987,0.185,0.166,0.062,0.078,0.526,0.422,22.75,12.67,0.054,,23.27
447,Y846,AQ (Day7),3,2/13/2022,10:41,am,Raul,MWM Cohort 127 videos\Test 16940.szv,41.3,30,9.242,5.753,0.224,0.192,0.078,0.213,0.581,0.645,23.77,19.36,0.071,,26.3
448,3261,AQ (Day7),1,2/13/2022,10:44,am,Raul,MWM Cohort 127 videos\Test 16941.szv,87.4,30,18.586,3.248,0.213,0.108,0.039,0.475,0.605,0.581,52.9,17.43,,,53.13
449,3261,AQ (Day7),2,2/13/2022,10:46,am,Raul,MWM Cohort 127 videos\Test 16942.szv,12,14.6,2.497,2.79,0.208,0.191,0.309,0.208,0.591,0.586,6.89,8.35,0.299,0.178,7.67
450,3261,AQ (Day7),3,2/13/2022,10:47,am,Raul,MWM Cohort 127 videos\Test 16943.szv,22.4,27.7,5.01,5.761,0.224,0.208,0.132,0.184,0.559,0.59,12.34,16.15,0.121,0.176,13.61
451,3262,AQ (Day7),1,2/13/2022,10:50,am,Raul,MWM Cohort 127 videos\Test 16944.szv,25,27.2,5.551,5.917,0.222,0.217,0.061,0.087,0.612,0.59,15.12,15.86,0.055,0.077,15.36
452,3262,AQ (Day7),2,2/13/2022,10:51,am,Raul,MWM Cohort 127 videos\Test 16945.szv,12.5,14.4,2.76,2.977,0.221,0.207,0.132,0.164,0.584,0.551,7.08,7.73,0.098,0.134,7.33
453,3262,AQ (Day7),3,2/13/2022,10:52,am,Raul,MWM Cohort 127 videos\Test 16946.szv,17.9,23.2,3.263,4.274,0.182,0.184,0.072,0.262,0.359,0.416,6.31,9.52,0.053,0.254,6.26
454,3264,AQ (Day7),1,2/13/2022,10:55,am,Raul,MWM Cohort 127 videos\Test 16947.szv,0.5,3.3,0.087,0.588,0.175,0.178,0.781,0.975,0.02,0.326,0,0.97,0.418,0.975,0.06
455,3264,AQ (Day7),2,2/13/2022,10:55,am,Raul,MWM Cohort 127 videos\Test 16948.szv,24,26.2,5.65,5.964,0.236,0.228,0.084,0.09,0.577,0.563,13.63,14.54,0.068,0.074,14.09
456,3264,AQ (Day7),3,2/13/2022,10:57,am,Raul,MWM Cohort 127 videos\Test 16949.szv,14.3,19.9,2.998,3.792,0.21,0.19,0.111,0.313,0.491,0.543,6.86,10.64,0.077,0.292,7.39
457,3265,AQ (Day7),1,2/13/2022,10:59,am,Raul,MWM Cohort 127 videos\Test 16950.szv,87,30,18.17,6.349,0.209,0.212,0.055,0.202,0.727,0.704,63.22,21.12,,,63.99
458,3265,AQ (Day7),2,2/13/2022,11:01,am,Raul,MWM Cohort 127 videos\Test 16951.szv,64.9,30,13.591,6.371,0.209,0.212,0.029,0.215,0.746,0.686,48.21,20.58,0.025,,48.83
459,3265,AQ (Day7),3,2/13/2022,11:03,am,Raul,MWM Cohort 127 videos\Test 16952.szv,29.4,30,5.848,5.879,0.199,0.196,0.064,0.013,0.629,0.678,18.24,20.33,0.057,,20.54
460,3266,AQ (Day7),1,2/13/2022,11:06,am,Raul,MWM Cohort 127 videos\Test 16953.szv,86.9,30,14.856,4.892,0.171,0.163,0.011,0.203,0.751,0.886,65.22,26.58,,,66.25
461,3266,AQ (Day7),2,2/13/2022,11:08,am,Raul,MWM Cohort 127 videos\Test 16954.szv,45.4,30,5.988,4.092,0.132,0.136,0.062,0.397,0.781,0.694,35.2,20.83,0.057,,35.44
462,3266,AQ (Day7),3,2/13/2022,11:10,am,Raul,MWM Cohort 127 videos\Test 16955.szv,28,30,3.599,3.851,0.129,0.128,0.195,0.318,0.439,0.588,12.21,17.65,0.185,,13.6
463,Y847,AQ (Day7),1,2/13/2022,11:12,am,Raul,MWM Cohort 127 videos\Test 16956.szv,0.2,3,0,0.49,0,0.161,,0.985,0,0.334,0,0.9,,0.981,0.15
464,Y847,AQ (Day7),2,2/13/2022,11:13,am,Raul,MWM Cohort 127 videos\Test 16957.szv,26.6,28.3,6.07,6.261,0.228,0.221,0.039,0.061,0.468,0.455,12.31,12.73,0.031,0.051,12.49
465,Y847,AQ (Day7),3,2/13/2022,11:14,am,Raul,MWM Cohort 127 videos\Test 465.szv,5,5,1.143,1.143,0.229,0.229,0.943,0.943,0.659,0.659,3.07,3.07,0.941,0.941,0.63
466,291,AQ (Day7),1,2/13/2022,11:16,am,Raul,MWM Cohort 127 videos\Test 16959.szv,14.4,17,2.705,3.018,0.188,0.178,0.134,0.182,0.54,0.513,7.59,8.55,0.111,0.159,7.84
467,291,AQ (Day7),2,2/13/2022,11:17,am,Raul,MWM Cohort 127 videos\Test 16960.szv,68.6,30,13.928,6.075,0.203,0.203,0.041,0.078,0.618,0.572,42.4,17.15,,,42.66
468,291,AQ (Day7),3,2/13/2022,11:20,am,Raul,MWM Cohort 127 videos\Test 16961.szv,6.8,12.6,1.57,2.475,0.231,0.196,0.279,0.454,0.529,0.648,3.43,7.95,0.258,0.443,4.85
469,292,AQ (Day7),1,2/13/2022,11:22,am,Raul,MWM Cohort 127 videos\Test 16962.szv,0.5,2.9,0.083,0.544,0.166,0.187,0.781,0.988,0.022,0.312,0,0.79,0.386,0.983,0.04
470,292,AQ (Day7),2,2/13/2022,11:22,am,Raul,MWM Cohort 127 videos\Test 16963.szv,11.1,13.2,2.665,3.025,0.24,0.228,0.173,0.176,0.473,0.463,5.11,5.97,0.132,0.151,5.49
471,292,AQ (Day7),3,2/13/2022,11:23,am,Raul,MWM Cohort 127 videos\Test 16964.szv,16.3,21.3,4.07,4.93,0.25,0.232,0.164,0.237,0.757,0.778,12.06,16.29,0.137,0.219,13.75
472,293,AQ (Day7),1,2/13/2022,11:25,am,Raul,MWM Cohort 127 videos\Test 16965.szv,73.1,30,17.532,6.696,0.24,0.223,0.017,0.119,0.597,0.6,43.47,17.99,0.013,,43.84
473,293,AQ (Day7),2,2/13/2022,11:27,am,Raul,MWM Cohort 127 videos\Test 16966.szv,87.7,30,21.818,7.746,0.249,0.258,0.042,0.039,0.614,0.62,53.84,18.59,,,54.33
474,293,AQ (Day7),3,2/13/2022,11:30,am,Raul,MWM Cohort 127 videos\Test 16967.szv,26.1,30,5.542,5.701,0.212,0.19,0.183,0.161,0.697,0.752,18.18,22.57,0.174,,19.83
475,294,AQ (Day7),1,2/13/2022,11:32,am,Raul,MWM Cohort 127 videos\Test 16968.szv,87.6,30,24.172,8.422,0.276,0.281,0.039,0.123,0.731,0.632,64.05,18.97,,,64.43
476,294,AQ (Day7),2,2/13/2022,11:34,am,Raul,MWM Cohort 127 videos\Test 16969.szv,5,7.2,0.739,0.822,0.149,0.114,0.688,0.598,0.414,0.432,1.92,2.95,0.653,0.548,2.04
477,294,AQ (Day7),3,2/13/2022,11:35,am,Raul,MWM Cohort 127 videos\Test 16970.szv,10.3,14.7,2.32,3.284,0.226,0.224,0.155,0.301,0.496,0.553,4.91,7.91,0.151,0.28,5.96
478,295,AQ (Day7),1,2/13/2022,11:37,am,Raul,MWM Cohort 127 videos\Test 16971.szv,59.9,30,12.902,6.35,0.215,0.212,0.047,0.145,0.589,0.602,35.07,18.06,0.041,,35.48
479,295,AQ (Day7),2,2/13/2022,11:39,am,Raul,MWM Cohort 127 videos\Test 16972.szv,50.6,30,12.909,7.353,0.255,0.245,0.037,0.192,0.69,0.733,34.64,21.99,0.031,,34.98
480,295,AQ (Day7),3,2/13/2022,11:41,am,Raul,MWM Cohort 127 videos\Test 16973.szv,11.3,15.7,2.521,3.571,0.223,0.228,0.131,0.312,0.546,0.594,5.98,9.12,0.126,0.301,6.55
481,3268,AQ (Day7),1,2/13/2022,11:42,am,Raul,MWM Cohort 127 videos\Test 16974.szv,13.6,16.1,3.66,4.25,0.269,0.264,0.112,0.149,0.734,0.691,9.72,10.88,0.084,0.13,10.28
482,3268,AQ (Day7),2,2/13/2022,11:44,am,Raul,MWM Cohort 127 videos\Test 16975.szv,0.5,2.8,0.105,0.54,0.21,0.191,1.422,0.986,0.034,0.379,0.01,0.94,0.48,0.989,0.06
483,3268,AQ (Day7),3,2/13/2022,11:44,am,Raul,MWM Cohort 127 videos\Test 16976.szv,37.1,30,8.105,6.36,0.218,0.212,0.107,0.16,0.583,0.736,21.45,22.09,0.102,,22.9
484,3270,AQ (Day7),1,2/13/2022,11:48,am,Raul,MWM Cohort 127 videos\Test 16977.szv,20.3,24.4,3.235,3.694,0.159,0.151,0.245,0.171,0.55,0.564,10.98,13.59,0.226,0.153,12.51
485,3270,AQ (Day7),2,2/13/2022,11:49,am,Raul,MWM Cohort 127 videos\Test 16978.szv,77.1,30,10.191,5.054,0.132,0.168,0.033,0.029,0.605,0.746,46.53,22.38,0.03,,47.1
486,3270,AQ (Day7),3,2/13/2022,11:51,am,Raul,MWM Cohort 127 videos\Test 16979.szv,82.2,30,11.998,3.563,0.146,0.119,0.093,0.167,0.614,0.701,50.51,21.03,,,54
487,3272,AQ (Day7),1,2/13/2022,11:55,am,Raul,MWM Cohort 127 videos\Test 16980.szv,2.7,5.3,0.516,1.16,0.191,0.218,0.236,0.453,0.104,0.199,0.25,0.99,0.194,0.434,0.41
488,3272,AQ (Day7),2,2/13/2022,11:56,am,Raul,MWM Cohort 127 videos\Test 16981.szv,87.5,30,17.305,6.43,0.198,0.214,0.049,0.209,0.517,0.536,45.24,16.07,,,45.68
489,3272,AQ (Day7),3,2/13/2022,11:58,am,Raul,MWM Cohort 127 videos\Test 16982.szv,22.6,27.6,3.5,4.389,0.155,0.159,0.228,0.227,0.352,0.419,7.84,11.42,0.212,0.216,8.57
490,3273,AQ (Day7),1,2/13/2022,12:01,pm,Raul,MWM Cohort 127 videos\Test 16983.szv,64.8,30,14.254,7.122,0.22,0.237,0.051,0.061,0.731,0.672,47.13,20.15,0.048,,47.84
491,3273,AQ (Day7),2,2/13/2022,12:03,pm,Raul,MWM Cohort 127 videos\Test 16984.szv,0.7,2.5,0.176,0.459,0.252,0.184,0.84,0.995,0.033,0.251,0.01,0.54,0.417,0.947,0.08
492,3273,AQ (Day7),3,2/13/2022,12:03,pm,Raul,MWM Cohort 127 videos\Test 16985.szv,38.1,30,8.421,6.71,0.221,0.224,0.108,0.152,0.625,0.579,23.61,17.38,0.102,,25.18
493,690,AQ (Day7),1,2/13/2022,12:06,pm,Raul,MWM Cohort 127 videos\Test 16986.szv,10.8,14,1.235,1.6,0.114,0.114,0.198,0.374,0.143,0.179,1.54,2.51,,,1.48
494,690,AQ (Day7),2,2/13/2022,12:07,pm,Raul,MWM Cohort 127 videos\Test 16987.szv,20.1,22.6,3.847,4.188,0.191,0.185,0.061,0.103,0.629,0.589,12.46,13.13,0.044,0.092,12.69
495,690,AQ (Day7),3,2/13/2022,12:08,pm,Raul,MWM Cohort 127 videos\Test 16988.szv,16.9,23.8,3.69,4.808,0.219,0.202,0.201,0.226,0.589,0.634,9.74,14.87,0.186,0.215,12.14
496,691,AQ (Day7),1,2/13/2022,12:10,pm,Raul,MWM Cohort 127 videos\Test 16989.szv,0.4,2.2,0.076,0.475,0.196,0.217,0.644,0.963,0.018,0.293,0,0.54,0.109,0.944,0.14
497,691,AQ (Day7),2,2/13/2022,12:11,pm,Raul,MWM Cohort 127 videos\Test 16990.szv,47.7,30,15.003,9.21,0.315,0.307,0.045,0.103,0.577,0.586,27.3,17.57,0.038,,27.88
498,691,AQ (Day7),3,2/13/2022,12:13,pm,Raul,MWM Cohort 127 videos\Test 16991.szv,19.5,23.7,5.808,6.649,0.298,0.281,0.14,0.172,0.489,0.542,9.34,12.63,0.132,0.159,10.62
499,692,AQ (Day7),1,2/13/2022,12:15,pm,Raul,MWM Cohort 127 videos\Test 16992.szv,33.1,30,8.86,8.13,0.268,0.271,0.019,0.091,0.699,0.702,22.91,21.07,0.014,,23.21
500,692,AQ (Day7),2,2/13/2022,12:16,pm,Raul,MWM Cohort 127 videos\Test 16993.szv,40.7,30,9.904,7.22,0.244,0.241,0.042,0.117,0.608,0.6,24.52,17.99,0.035,,24.87
501,692,AQ (Day7),3,2/13/2022,12:17,pm,Raul,MWM Cohort 127 videos\Test 16994.szv,3.4,8.3,0.407,1.429,0.12,0.172,0.571,0.763,0.136,0.515,0.42,4.1,0.578,0.74,0.89
502,693,AQ (Day7),1,2/13/2022,12:19,pm,Raul,MWM Cohort 127 videos\Test 16995.szv,21.9,24.6,5.519,5.915,0.252,0.241,0.138,0.102,0.616,0.613,13.29,14.88,0.131,0.094,14.21
503,693,AQ (Day7),2,2/13/2022,12:20,pm,Raul,MWM Cohort 127 videos\Test 16996.szv,8.8,11.1,2.156,2.535,0.245,0.228,0.303,0.216,0.367,0.395,3.1,4.25,0.277,0.19,3.72
504,693,AQ (Day7),3,2/13/2022,12:21,pm,Raul,MWM Cohort 127 videos\Test 16997.szv,1.3,6.2,0.169,1.291,0.13,0.208,1.221,0.823,0.069,0.543,0.07,3.18,0.592,0.76,0.79
505,Y842,AQ (Day8),1,2/14/2022,10:04,am,Raul,MWM Cohort 127 videos\Test 17016.szv,88.2,30,25.298,8.985,0.287,0.299,0.047,0.171,0.653,0.679,57.61,20.38,,,57.89
506,Y842,AQ (Day8),2,2/14/2022,10:06,am,Raul,MWM Cohort 127 videos\Test 17017.szv,26.1,28.1,5.826,6.136,0.223,0.219,0.094,0.101,0.641,0.63,16.71,17.7,,,17.06
508,Y843,AQ (Day8),1,2/14/2022,10:11,am,Raul,MWM Cohort 127 videos\Test 17019.szv,1.3,3.2,0.261,0.54,0.208,0.171,0.582,0.8,0.061,0.233,0.06,0.66,0.81,0.797,0.14
509,Y843,AQ (Day8),2,2/14/2022,10:12,am,Raul,MWM Cohort 127 videos\Test 17020.szv,30.9,30,7.687,7.131,0.249,0.238,0.085,0.196,0.515,0.529,15.74,15.87,0.077,,16.45
511,Y844,AQ (Day8),1,2/14/2022,10:16,am,Raul,MWM Cohort 127 videos\Test 17022.szv,5.1,6.8,1.258,1.76,0.247,0.259,0.473,0.274,0.313,0.35,1.49,2.26,0.427,0.242,1.91
512,Y844,AQ (Day8),2,2/14/2022,10:17,am,Raul,MWM Cohort 127 videos\Test 17023.szv,4.1,5.9,0.721,1.325,0.176,0.225,0.507,0.366,0.21,0.243,0.78,1.34,0.417,0.321,0.93
514,Y845,AQ (Day8),1,2/14/2022,10:22,am,Raul,MWM Cohort 127 videos\Test 17025.szv,1.4,3.4,0.134,0.363,0.096,0.107,1.294,0.967,0.064,0.202,0.07,0.62,0.831,0.95,0.11
515,Y845,AQ (Day8),2,2/14/2022,10:22,am,Raul,MWM Cohort 127 videos\Test 17026.szv,50.4,30,11.272,5.498,0.224,0.183,0.042,0.097,0.55,0.521,27.57,15.64,0.037,,28.31
517,Y846,AQ (Day8),1,2/14/2022,10:27,am,Raul,MWM Cohort 127 videos\Test 17028.szv,16.8,19.3,3.545,3.798,0.211,0.197,0.143,0.147,0.483,0.478,7.94,9.06,0.11,0.124,8.48
518,Y846,AQ (Day8),2,2/14/2022,10:28,am,Raul,MWM Cohort 127 videos\Test 17029.szv,32.1,30,8.526,7.89,0.266,0.263,0.04,0.08,0.647,0.647,20.51,19.41,0.039,,20.89
520,3261,AQ (Day8),1,2/14/2022,10:33,am,Raul,MWM Cohort 127 videos\Test 17031.szv,14.4,16.9,1.692,2.252,0.118,0.133,0.44,0.256,0.477,0.491,6.7,8.13,0.402,0.22,7.19
521,3261,AQ (Day8),2,2/14/2022,10:34,am,Raul,MWM Cohort 127 videos\Test 17032.szv,64.6,30,14.554,6.429,0.225,0.214,0.049,0.127,0.532,0.519,34.37,15.58,,,35.35
523,3262,AQ (Day8),1,2/14/2022,10:40,am,Raul,MWM Cohort 127 videos\Test 17034.szv,20.3,22.3,3.791,4.137,0.187,0.185,0.111,0.11,0.499,0.486,9.98,10.7,0.102,0.098,10.24
524,3262,AQ (Day8),2,2/14/2022,10:41,am,Raul,MWM Cohort 127 videos\Test 17035.szv,7.1,9.3,1.552,2.034,0.22,0.22,0.125,0.247,0.368,0.347,2.47,3.1,0.084,0.223,2.62
526,3264,AQ (Day8),1,2/14/2022,10:45,am,Raul,MWM Cohort 127 videos\Test 17037.szv,24.9,27.3,5.082,5.415,0.204,0.198,0.097,0.092,0.555,0.546,13.62,14.72,0.086,0.086,14.15
527,3264,AQ (Day8),2,2/14/2022,10:46,am,Raul,MWM Cohort 127 videos\Test 17038.szv,31.1,30,6.024,5.681,0.194,0.189,0.061,0.153,0.732,0.755,22.49,22.65,0.041,,22.82
529,3265,AQ (Day8),1,2/14/2022,10:51,am,Raul,MWM Cohort 127 videos\Test 17040.szv,37,30,8.311,6.71,0.225,0.224,0.071,0.169,0.724,0.707,26.5,21.22,0.06,,27.44
530,3265,AQ (Day8),2,2/14/2022,10:52,am,Raul,MWM Cohort 127 videos\Test 17041.szv,,0.4,,0,,0,,,,0,,0,,,
532,3266,AQ (Day8),1,2/14/2022,10:58,am,Raul,MWM Cohort 127 videos\Test 17043.szv,15.5,17.8,4.107,4.436,0.265,0.249,0.078,0.114,0.72,0.67,10.94,11.73,0.057,0.093,11.37
533,3266,AQ (Day8),2,2/14/2022,10:59,am,Raul,MWM Cohort 127 videos\Test 17044.szv,54,30,10.419,6.127,0.193,0.204,0.079,0.108,0.578,0.564,31.06,16.93,0.071,,32.06
535,Y847,AQ (Day8),1,2/14/2022,11:04,am,Raul,MWM Cohort 127 videos\Test 17046.szv,7,9.5,0.801,1.258,0.115,0.133,0.415,0.394,0.257,0.294,1.7,2.68,0.37,0.359,1.92
536,Y847,AQ (Day8),2,2/14/2022,11:05,am,Raul,MWM Cohort 127 videos\Test 17047.szv,0.2,3,0,0.523,0,0.172,,0.994,0,0.336,0,0.91,,0.98,0.21
538,291,AQ (Day8),1,2/14/2022,11:08,am,Raul,MWM Cohort 127 videos\Test 17049.szv,1.2,3.2,0.258,0.417,0.215,0.13,0.922,0.979,0.087,0.243,0.07,0.69,0.703,0.983,0.06
539,291,AQ (Day8),2,2/14/2022,11:09,am,Raul,MWM Cohort 127 videos\Test 17050.szv,25.3,27.9,5.949,6.216,0.236,0.223,0.059,0.087,0.419,0.418,10.45,11.49,0.045,0.078,10.94
541,292,AQ (Day8),1,2/14/2022,11:13,am,Raul,MWM Cohort 127 videos\Test 17052.szv,34,30,7.435,6.58,0.219,0.219,0.061,0.22,0.602,0.615,20.26,18.45,0.048,,20.5
542,292,AQ (Day8),2,2/14/2022,11:15,am,Raul,MWM Cohort 127 videos\Test 17053.szv,29.8,30,6.817,6.809,0.229,0.227,0.051,0.069,0.669,0.686,19.71,20.57,0.042,,20.13
544,293,AQ (Day8),1,2/14/2022,11:20,am,Raul,MWM Cohort 127 videos\Test 17055.szv,69.9,30,18.511,8.001,0.265,0.267,0.036,0.035,0.596,0.579,41.48,17.36,0.03,,42.08
545,293,AQ (Day8),2,2/14/2022,11:22,am,Raul,MWM Cohort 127 videos\Test 17056.szv,12.6,14.9,2.823,2.966,0.225,0.2,0.203,0.194,0.647,0.629,7.91,9.13,0.182,0.178,8.42
547,294,AQ (Day8),1,2/14/2022,11:26,am,Raul,MWM Cohort 127 videos\Test 17058.szv,52.8,30,13.909,8.679,0.264,0.289,0.014,0.083,0.61,0.534,31.97,16.02,0.011,,32.07
548,294,AQ (Day8),2,2/14/2022,11:28,am,Raul,MWM Cohort 127 videos\Test 17059.szv,15,17.7,3.162,3.482,0.211,0.197,0.25,0.174,0.397,0.436,5.8,7.55,0.244,0.167,6.67
550,295,AQ (Day8),1,2/14/2022,11:31,am,Raul,MWM Cohort 127 videos\Test 17061.szv,47.5,30,12.11,7.538,0.255,0.251,0.021,0.111,0.563,0.556,26.55,16.69,0.009,,26.68
551,295,AQ (Day8),2,2/14/2022,11:33,am,Raul,MWM Cohort 127 videos\Test 17062.szv,10,11.9,2.77,3.024,0.278,0.255,0.132,0.162,0.619,0.584,5.95,6.72,0.116,0.15,6.31
553,3268,AQ (Day8),1,2/14/2022,11:36,am,Raul,MWM Cohort 127 videos\Test 17064.szv,49.5,30,12.499,8.023,0.253,0.267,0.024,0.116,0.565,0.568,27.76,17.03,0.015,,28.03
554,3268,AQ (Day8),2,2/14/2022,11:38,am,Raul,MWM Cohort 127 videos\Test 17065.szv,17,19.4,3.382,3.712,0.199,0.191,0.178,0.156,0.667,0.649,11.12,12.37,0.167,0.142,11.63
556,3270,AQ (Day8),1,2/14/2022,11:42,am,Raul,MWM Cohort 127 videos\Test 17067.szv,87.1,30,12.122,4.056,0.139,0.135,0.068,0.326,0.751,0.673,65.4,20.18,,,65.87
557,3270,AQ (Day8),2,2/14/2022,11:44,am,Raul,MWM Cohort 127 videos\Test 17068.szv,85.3,30,11.083,4.134,0.13,0.138,0.112,0.179,0.802,0.85,68.43,25.51,,,70.07
559,3272,AQ (Day8),1,2/14/2022,11:50,am,Raul,MWM Cohort 127 videos\Test 17070.szv,63.5,30,11.42,5.412,0.18,0.18,0.045,0.135,0.696,0.71,43.94,21.29,0.04,,44.2
560,3272,AQ (Day8),2,2/14/2022,11:52,am,Raul,MWM Cohort 127 videos\Test 17071.szv,1.2,3.8,0.186,0.648,0.162,0.173,0.897,0.815,0.062,0.302,0.05,1.03,0.692,0.764,0.37
562,3273,AQ (Day8),1,2/14/2022,11:57,am,Raul,MWM Cohort 127 videos\Test 17073.szv,49.2,30,12.314,7.908,0.25,0.264,0.023,0.183,0.662,0.723,32.35,21.7,0.017,,32.5
563,3273,AQ (Day8),2,2/14/2022,11:58,am,Raul,MWM Cohort 127 videos\Test 17074.szv,35.8,30,8.318,7.042,0.232,0.235,0.062,0.158,0.495,0.512,17.55,15.37,0.058,,17.99
565,690,AQ (Day8),1,2/14/2022,12:02,pm,Raul,MWM Cohort 127 videos\Test 17076.szv,22.7,25.6,3.574,3.924,0.157,0.153,0.125,0.135,0.585,0.564,13.1,14.26,0.103,0.113,13.6
566,690,AQ (Day8),2,2/14/2022,12:03,pm,Raul,MWM Cohort 127 videos\Test 17077.szv,1.2,3,0.234,0.317,0.195,0.105,0.846,0.962,0.079,0.202,0.07,0.54,0.699,0.964,0.1
568,691,AQ (Day8),1,2/14/2022,12:06,pm,Raul,MWM Cohort 127 videos\Test 17079.szv,23.9,25.7,6.542,6.916,0.274,0.269,0.088,0.08,0.528,0.523,12.46,13.27,0.077,0.064,12.89
569,691,AQ (Day8),2,2/14/2022,12:08,pm,Raul,MWM Cohort 127 videos\Test 17080.szv,1.1,2.9,0.232,0.508,0.211,0.174,0.859,0.916,0.073,0.271,0.06,0.7,0.671,0.929,0.08
571,692,AQ (Day8),1,2/14/2022,12:11,pm,Raul,MWM Cohort 127 videos\Test 17082.szv,0.3,2,0.08,0.427,0.268,0.211,0.62,0.998,0,0.231,0,0.39,,0.947,0.05
572,692,AQ (Day8),2,2/14/2022,12:11,pm,Raul,MWM Cohort 127 videos\Test 17083.szv,51.5,30,10.275,6.035,0.2,0.201,0.022,0.027,0.503,0.504,25.74,15.11,0.017,,25.96
574,693,AQ (Day8),1,2/14/2022,12:16,pm,Raul,MWM Cohort 127 videos\Test 17085.szv,4.3,6.3,0.781,1.212,0.183,0.193,0.377,0.369,0.156,0.211,0.61,1.25,0.258,0.329,0.82
575,693,AQ (Day8),2,2/14/2022,12:17,pm,Raul,MWM Cohort 127 videos\Test 17086.szv,11.5,13.6,1.92,2.308,0.167,0.169,0.054,0.197,0.334,0.328,3.72,4.36,0.036,0.187,3.8
