Test,Animal,Trial,Date,Time,Time of day,User,Recorded video file,AQ D4: TTR to End of test; Duration (s),Base; Duration (s),AQ D4: TTR to End of test; Distance (m),Base; Distance (m),AQ D4: TTR to End of test; Mean speed (m/s),Base; Mean speed (m/s),AQ D4: TTR to End of test; Path efficiency,Base; Path efficiency,AQ D4: TTR to End of test; Platform : mean distance from (m),Base; Platform : mean distance from (m),AQ D4: TTR to End of test; Platform : cumulative distance (m·s),Base; Platform : cumulative distance (m·s),AQ D4: TTR to End of test; Platform : path efficiency to entry,Base; Platform : path efficiency to entry,Platform : CIPL (m·s),AQ D4: TTR to End of test; Avg speed: AQ D4 (m/s),Base; Avg speed: AQ D4 (m/s)
181,9897,19,8/27/2015,9:21,am,"mzempare, ncarey",CAS2_August24-2015_Middle videos\Test 181.szv,36.4,39.8,9.493,10.613,0.261,0.267,0.131,0.091,0.52,0.565,18.91,22.47,,,20.92,0.2503,0.2613
182,9897,20,8/27/2015,9:22,am,"mzempare, ncarey",CAS2_August24-2015_Middle videos\Test 182.szv,35.4,39.4,7.638,8.65,0.216,0.22,0.084,0.127,0.622,0.641,22.01,25.23,0.081,0.121,22.67,0.2503,0.2613
183,9898,19,8/27/2015,9:23,am,"mzempare, ncarey",CAS2_August24-2015_Middle videos\Test 183.szv,33.2,36.6,9.334,10.41,0.281,0.285,0.144,0.097,0.728,0.752,24.15,27.52,0.127,0.084,26.13,0.261,0.2583
184,9898,20,8/27/2015,9:24,am,"mzempare, ncarey",CAS2_August24-2015_Middle videos\Test 184.szv,14.3,17.3,3.503,4.003,0.245,0.232,0.19,0.235,0.473,0.504,6.74,8.71,,,7.39,0.261,0.2583
185,9899,19,8/27/2015,9:25,am,"mzempare, ncarey",CAS2_August24-2015_Middle videos\Test 185.szv,9.1,11.1,2.398,2.987,0.264,0.27,0.365,0.239,0.78,0.753,6.98,8.24,0.334,0.189,7.62,0.3017,0.2852
186,9899,20,8/27/2015,9:25,am,"mzempare, ncarey",CAS2_August24-2015_Middle videos\Test 186.szv,28.3,29.7,6.382,6.704,0.226,0.226,0.034,0.079,0.454,0.445,12.83,13.22,0.014,0.058,12.86,0.3017,0.2852
187,9900,19,8/27/2015,9:27,am,"mzempare, ncarey",CAS2_August24-2015_Middle videos\Test 187.szv,3.2,3.2,1.059,1.059,0.331,0.331,0.923,0.923,0.495,0.495,1.58,1.58,,,0.22,0.2568,0.2842
188,9900,20,8/27/2015,9:27,am,"mzempare, ncarey",CAS2_August24-2015_Middle videos\Test 188.szv,9.1,10.8,2.697,3.186,0.296,0.295,0.349,0.212,0.578,0.582,5.26,6.28,,,5.86,0.2568,0.2842
189,9901,19,8/27/2015,9:28,am,"mzempare, ncarey",CAS2_August24-2015_Middle videos\Test 189.szv,20.9,24.5,5.685,6.751,0.272,0.276,0.183,0.153,0.676,0.732,14.12,17.94,,,16.08,0.3208,0.2752
190,9901,20,8/27/2015,9:28,am,"mzempare, ncarey",CAS2_August24-2015_Middle videos\Test 190.szv,0.1,3,0.048,0.834,0.535,0.279,1,0.992,0.01,0.421,0,1.26,,0.988,0.1,0.3208,0.2752
191,9902,19,8/27/2015,9:29,am,"mzempare, ncarey",CAS2_August24-2015_Middle videos\Test 191.szv,1.9,4.7,0.48,1.276,0.253,0.271,0.932,0.728,0.147,0.425,0.28,2,0.855,0.657,0.69,0.2748,0.2928
192,9902,20,8/27/2015,9:29,am,"mzempare, ncarey",CAS2_August24-2015_Middle videos\Test 192.szv,4.7,6.6,1.601,2.27,0.341,0.344,0.587,0.317,0.569,0.591,2.63,3.85,0.527,0.245,3.37,0.2748,0.2928
193,9903,19,8/27/2015,9:30,am,"mzempare, ncarey",CAS2_August24-2015_Middle videos\Test 193.szv,56,60,15.879,17.084,0.284,0.285,0.058,0.092,0.828,0.838,46.33,50.25,,,47.84,0.274,0.2908
194,9903,20,8/27/2015,9:33,am,"mzempare, ncarey",CAS2_August24-2015_Middle videos\Test 194.szv,6.3,10.1,1.98,3.041,0.315,0.302,0.582,0.416,0.553,0.776,3.47,7.82,,,5.69,0.274,0.2908
195,9904,19,8/27/2015,9:33,am,"mzempare, ncarey",CAS2_August24-2015_Middle videos\Test 195.szv,8.3,10.2,2.242,2.444,0.27,0.24,0.243,0.261,0.633,0.605,5.25,6.17,,,5.52,0.2855,0.2885
196,9904,20,8/27/2015,9:34,am,"mzempare, ncarey",CAS2_August24-2015_Middle videos\Test 196.szv,27.8,31.3,7.317,8.439,0.263,0.27,0.047,0.137,0.597,0.6,16.59,18.77,0.03,0.12,16.82,0.2855,0.2885
197,9905,19,8/27/2015,9:35,am,"mzempare, ncarey",CAS2_August24-2015_Middle videos\Test 197.szv,1.3,5.4,0.364,1.568,0.28,0.29,0.969,0.689,0.171,0.732,0.22,3.95,,,1.85,0.2565,0.264
198,9905,20,8/27/2015,9:35,am,"mzempare, ncarey",CAS2_August24-2015_Middle videos\Test 198.szv,2.7,6.2,0.697,1.608,0.262,0.261,0.851,0.596,0.272,0.613,0.72,3.77,0.771,0.574,2.1,0.2565,0.264
199,9906,19,8/27/2015,9:36,am,"mzempare, ncarey",CAS2_August24-2015_Middle videos\Test 199.szv,45.8,47.4,12.868,13.357,0.281,0.282,0.069,0.05,0.759,0.754,34.78,35.75,,,35.28,0.2908,0.303
200,9906,20,8/27/2015,9:37,am,"mzempare, ncarey",CAS2_August24-2015_Middle videos\Test 200.szv,14.4,16,3.666,4.053,0.255,0.253,0.069,0.115,0.405,0.4,5.83,6.39,,,5.92,0.2908,0.303
201,9897,21,8/27/2015,10:39,am,"mzempare, ncarey",CAS2_August24-2015_Middle videos\Test 201.szv,6.7,9.6,1.522,2.361,0.227,0.246,0.525,0.4,0.208,0.369,1.39,3.54,,,2.33,0.2503,0.2613
202,9897,22,8/27/2015,10:40,am,"mzempare, ncarey",CAS2_August24-2015_Middle videos\Test 202.szv,8.3,12.7,1.719,2.98,0.207,0.235,0.154,0.411,0.409,0.507,3.38,6.43,0.11,0.384,3.59,0.2503,0.2613
203,9898,21,8/27/2015,10:40,am,"mzempare, ncarey",CAS2_August24-2015_Middle videos\Test 203.szv,58,60,16.831,17.486,0.29,0.291,0.056,0.07,0.731,0.717,42.42,43.04,,,42.59,0.261,0.2583
204,9898,22,8/27/2015,10:42,am,"mzempare, ncarey",CAS2_August24-2015_Middle videos\Test 204.szv,9.7,14.2,2.387,3.416,0.246,0.241,0.505,0.39,0.576,0.721,5.59,10.24,,,7.33,0.261,0.2583
205,9899,21,8/27/2015,10:43,am,"mzempare, ncarey",CAS2_August24-2015_Middle videos\Test 205.szv,0.1,3.2,0.043,0.962,0.428,0.3,0.597,0.912,0.023,0.496,0,1.59,,,0.24,0.3017,0.2852
206,9899,22,8/27/2015,10:43,am,"mzempare, ncarey",CAS2_August24-2015_Middle videos\Test 206.szv,17.4,20,5.063,5.824,0.291,0.291,0.122,0.159,0.59,0.595,10.26,11.9,,,10.92,0.3017,0.2852
207,9900,21,8/27/2015,10:44,am,"mzempare, ncarey",CAS2_August24-2015_Middle videos\Test 207.szv,57.1,60,14.888,15.769,0.261,0.263,0.04,0.065,0.614,0.619,35.04,37.13,,,35.8,0.2568,0.2842
208,9900,22,8/27/2015,10:46,am,"mzempare, ncarey",CAS2_August24-2015_Middle videos\Test 208.szv,2.1,5.8,0.397,1.51,0.189,0.26,0.724,0.832,0.09,0.438,0.19,2.54,,,0.31,0.2568,0.2842
209,9901,21,8/27/2015,10:47,am,"mzempare, ncarey",CAS2_August24-2015_Middle videos\Test 209.szv,5.7,8.5,1.532,2.415,0.269,0.284,0.8,0.336,0.701,0.749,4,6.36,,,5.28,0.3208,0.2752
210,9901,22,8/27/2015,10:47,am,"mzempare, ncarey",CAS2_August24-2015_Middle videos\Test 210.szv,28.8,30.7,7.868,8.455,0.273,0.276,0.03,0.08,0.749,0.723,21.54,22.16,0.018,0.062,21.64,0.3208,0.2752
211,9902,21,8/27/2015,10:48,am,"mzempare, ncarey",CAS2_August24-2015_Middle videos\Test 211.szv,33.2,36.9,9.569,10.879,0.288,0.295,0.1,0.109,0.555,0.611,18.43,22.56,,,20.55,0.2748,0.2928
212,9902,22,8/27/2015,10:49,am,"mzempare, ncarey",CAS2_August24-2015_Middle videos\Test 212.szv,30.2,32.7,8.335,9.047,0.276,0.277,0.041,0.095,0.581,0.575,17.54,18.78,0.022,0.082,17.74,0.2748,0.2928
213,9903,21,8/27/2015,10:50,am,"mzempare, ncarey",CAS2_August24-2015_Middle videos\Test 213.szv,36.9,38.6,11.156,11.589,0.302,0.3,0.024,0.04,0.554,0.547,20.45,21.12,,,20.67,0.274,0.2908
214,9903,22,8/27/2015,10:51,am,"mzempare, ncarey",CAS2_August24-2015_Middle videos\Test 214.szv,8.1,9.6,2.411,2.62,0.299,0.274,0.212,0.198,0.362,0.377,2.92,3.6,0.167,0.161,3.25,0.274,0.2908
215,9904,21,8/27/2015,10:52,am,"mzempare, ncarey",CAS2_August24-2015_Middle videos\Test 215.szv,4.2,7,1.378,2.348,0.328,0.335,0.671,0.391,0.534,0.66,2.24,4.62,,,3.6,0.2855,0.2885
216,9904,22,8/27/2015,10:52,am,"mzempare, ncarey",CAS2_August24-2015_Middle videos\Test 216.szv,1.4,5.4,0.375,1.624,0.268,0.301,0.987,0.743,0.155,0.678,0.22,3.65,0.994,0.729,1.32,0.2855,0.2885
217,9905,21,8/27/2015,10:53,am,"mzempare, ncarey",CAS2_August24-2015_Middle videos\Test 217.szv,11.6,15.9,3.222,4.528,0.278,0.285,0.075,0.252,0.622,0.632,7.17,9.99,0.052,0.25,7.69,0.2565,0.264
218,9905,22,8/27/2015,10:54,am,"mzempare, ncarey",CAS2_August24-2015_Middle videos\Test 218.szv,11,15,2.87,3.961,0.261,0.264,0.348,0.316,0.439,0.615,4.83,9.22,,,7.01,0.2565,0.264
219,9906,21,8/27/2015,10:54,am,"mzempare, ncarey",CAS2_August24-2015_Middle videos\Test 219.szv,1.1,5,0.329,1.633,0.299,0.327,0.983,0.745,0.177,0.733,0.19,3.67,,,1.43,0.2908,0.303
220,9906,22,8/27/2015,10:54,am,"mzempare, ncarey",CAS2_August24-2015_Middle videos\Test 220.szv,12,13.7,4.075,4.519,0.34,0.33,0.056,0.11,0.697,0.657,8.36,9,,,8.58,0.2908,0.303
221,9897,23,8/27/2015,14:53,pm,"mzempare, ncarey",CAS2_August24-2015_Middle videos\Test 221.szv,11,13.4,2.996,3.935,0.273,0.294,0.323,0.162,0.335,0.412,3.68,5.52,0.323,0.162,4.79,0.2503,0.2613
222,9897,24,8/27/2015,14:54,pm,"mzempare, ncarey",CAS2_August24-2015_Middle videos\Test 222.szv,17.5,19.1,5.56,5.845,0.318,0.306,0.133,0.093,0.577,0.567,10.1,10.83,,,10.54,0.2503,0.2613
223,9898,23,8/27/2015,14:54,pm,"mzempare, ncarey",CAS2_August24-2015_Middle videos\Test 223.szv,22.2,26.1,5.727,6.543,0.258,0.251,0.145,0.182,0.612,0.657,13.6,17.15,,,15.04,0.261,0.2583
224,9898,24,8/27/2015,14:55,pm,"mzempare, ncarey",CAS2_August24-2015_Middle videos\Test 224.szv,55.9,60,13.77,14.999,0.246,0.25,0.063,0.089,0.633,0.661,35.37,39.63,,,37.35,0.261,0.2583
225,9899,23,8/27/2015,14:57,pm,"mzempare, ncarey",CAS2_August24-2015_Middle videos\Test 225.szv,5.9,8,1.839,2.519,0.312,0.315,0.107,0.284,0.49,0.459,2.85,3.63,0.115,0.24,3.01,0.3017,0.2852
226,9899,24,8/27/2015,14:57,pm,"mzempare, ncarey",CAS2_August24-2015_Middle videos\Test 226.szv,1.1,4.5,0.314,1.388,0.289,0.309,0.917,0.798,0.09,0.555,0.1,2.49,0.717,0.714,0.87,0.3017,0.2852
227,9900,23,8/27/2015,14:58,pm,"mzempare, ncarey",CAS2_August24-2015_Middle videos\Test 227.szv,0.7,2.1,0.124,0.555,0.179,0.266,0.634,0.909,0.043,0.182,0.03,0.38,,,0.05,0.2568,0.2842
228,9900,24,8/27/2015,14:58,pm,"mzempare, ncarey",CAS2_August24-2015_Middle videos\Test 228.szv,7,9.8,1.995,2.844,0.285,0.29,0.53,0.339,0.543,0.632,3.8,6.2,,,5.02,0.2568,0.2842
229,9901,23,8/27/2015,14:59,pm,"mzempare, ncarey",CAS2_August24-2015_Middle videos\Test 229.szv,3.9,7.6,1.177,2.38,0.302,0.313,0.568,0.469,0.492,0.603,1.86,4.51,0.617,0.432,2.78,0.3208,0.2752
230,9901,24,8/27/2015,14:59,pm,"mzempare, ncarey",CAS2_August24-2015_Middle videos\Test 230.szv,0.9,2.4,0.239,0.528,0.274,0.223,0.935,0.788,0.106,0.264,0.09,0.62,0.95,0.785,0.22,0.3208,0.2752
231,9902,23,8/27/2015,15:00,pm,"mzempare, ncarey",CAS2_August24-2015_Middle videos\Test 231.szv,1.6,4.9,0.343,1.416,0.214,0.289,0.838,0.807,0.095,0.4,0.15,1.96,,,0.3,0.2748,0.2928
232,9902,24,8/27/2015,15:00,pm,"mzempare, ncarey",CAS2_August24-2015_Middle videos\Test 232.szv,6.5,7.8,1.795,2.187,0.277,0.281,0.24,0.204,0.261,0.273,1.69,2.12,0.179,0.172,1.85,0.2748,0.2928
233,9903,23,8/27/2015,15:00,pm,"mzempare, ncarey",CAS2_August24-2015_Middle videos\Test 233.szv,19.4,22.1,5.69,6.598,0.293,0.299,0.174,0.119,0.406,0.471,7.85,10.39,0.169,0.12,9.3,0.274,0.2908
234,9903,24,8/27/2015,15:01,pm,"mzempare, ncarey",CAS2_August24-2015_Middle videos\Test 234.szv,0.8,4.5,0.12,1.284,0.151,0.285,0.834,0.884,0.025,0.554,0.02,2.49,0.287,0.831,0.45,0.274,0.2908
235,9904,23,8/27/2015,15:01,pm,"mzempare, ncarey",CAS2_August24-2015_Middle videos\Test 235.szv,8.8,10.4,2.656,3.11,0.303,0.3,0.331,0.191,0.599,0.593,5.25,6.15,,,5.75,0.2855,0.2885
236,9904,24,8/27/2015,15:02,pm,"mzempare, ncarey",CAS2_August24-2015_Middle videos\Test 236.szv,21.9,24.7,6.158,7.035,0.281,0.285,0.043,0.136,0.369,0.391,8.07,9.64,0.028,0.115,8.44,0.2855,0.2885
237,9905,23,8/27/2015,15:03,pm,"mzempare, ncarey",CAS2_August24-2015_Middle videos\Test 237.szv,15,19,4.189,5.349,0.28,0.282,0.034,0.198,0.488,0.523,7.3,9.92,0.028,0.196,7.9,0.2565,0.264
238,9905,24,8/27/2015,15:03,pm,"mzempare, ncarey",CAS2_August24-2015_Middle videos\Test 238.szv,1.2,2.7,0.213,0.544,0.178,0.202,0.707,0.829,0.043,0.185,0.05,0.5,,,0.09,0.2565,0.264
239,9906,23,8/27/2015,15:04,pm,"mzempare, ncarey",CAS2_August24-2015_Middle videos\Test 239.szv,3.5,6.9,0.965,2.223,0.279,0.324,0.148,0.513,0.221,0.403,0.76,2.76,0.033,0.464,1.09,0.2908,0.303
240,9906,24,8/27/2015,15:04,pm,"mzempare, ncarey",CAS2_August24-2015_Middle videos\Test 240.szv,7.9,11.3,2.298,3.412,0.291,0.302,0.443,0.35,0.399,0.598,3.15,6.75,0.403,0.308,4.88,0.2908,0.303
