subject_id,age,sex,strain,genotype,watermaze_date,watermaze_protocol_id,pi_name,subsequent_measures,index_calc_type,calculated_index_value,tracking_system,light_on,light_off,source_id,housing,pool_diam,probe_weight_p_2,probe_weight_p_3,probe_weight_p_4,date_s_1,ttr_duration_s_1,ttr_mean_speed_s_1,ttr_dist_s_1,ttr_cum_dist_s_1,ttr_cum_dist_mean_s_1,block_s_1,trial_num_s_1,date_s_2,ttr_duration_s_2,ttr_mean_speed_s_2,ttr_dist_s_2,ttr_cum_dist_s_2,ttr_cum_dist_mean_s_2,block_s_2,trial_num_s_2,date_s_3,ttr_duration_s_3,ttr_mean_speed_s_3,ttr_dist_s_3,ttr_cum_dist_s_3,ttr_cum_dist_mean_s_3,block_s_3,trial_num_s_3,date_s_4,ttr_duration_s_4,ttr_mean_speed_s_4,ttr_dist_s_4,ttr_cum_dist_s_4,ttr_cum_dist_mean_s_4,block_s_4,trial_num_s_4,date_s_5,ttr_duration_s_5,ttr_mean_speed_s_5,ttr_dist_s_5,ttr_cum_dist_s_5,ttr_cum_dist_mean_s_5,block_s_5,trial_num_s_5,date_p_1,ttr_duration_p_1,ttr_mean_speed_p_1,ttr_dist_p_1,ttr_cum_dist_p_1,ttr_cum_dist_mean_p_1,block_p_1,trial_num_p_1,date_s_6,ttr_duration_s_6,ttr_mean_speed_s_6,ttr_dist_s_6,ttr_cum_dist_s_6,ttr_cum_dist_mean_s_6,block_s_6,trial_num_s_6,date_s_7,ttr_duration_s_7,ttr_mean_speed_s_7,ttr_dist_s_7,ttr_cum_dist_s_7,ttr_cum_dist_mean_s_7,block_s_7,trial_num_s_7,date_s_8,ttr_duration_s_8,ttr_mean_speed_s_8,ttr_dist_s_8,ttr_cum_dist_s_8,ttr_cum_dist_mean_s_8,block_s_8,trial_num_s_8,date_s_9,ttr_duration_s_9,ttr_mean_speed_s_9,ttr_dist_s_9,ttr_cum_dist_s_9,ttr_cum_dist_mean_s_9,block_s_9,trial_num_s_9,date_s_10,ttr_duration_s_10,ttr_mean_speed_s_10,ttr_dist_s_10,ttr_cum_dist_s_10,ttr_cum_dist_mean_s_10,block_s_10,trial_num_s_10,date_p_2,ttr_duration_p_2,ttr_mean_speed_p_2,ttr_dist_p_2,ttr_cum_dist_p_2,ttr_cum_dist_mean_p_2,block_p_2,trial_num_p_2,date_s_11,ttr_duration_s_11,ttr_mean_speed_s_11,ttr_dist_s_11,ttr_cum_dist_s_11,ttr_cum_dist_mean_s_11,block_s_11,trial_num_s_11,date_s_12,ttr_duration_s_12,ttr_mean_speed_s_12,ttr_dist_s_12,ttr_cum_dist_s_12,ttr_cum_dist_mean_s_12,block_s_12,trial_num_s_12,date_s_13,ttr_duration_s_13,ttr_mean_speed_s_13,ttr_dist_s_13,ttr_cum_dist_s_13,ttr_cum_dist_mean_s_13,block_s_13,trial_num_s_13,date_s_14,ttr_duration_s_14,ttr_mean_speed_s_14,ttr_dist_s_14,ttr_cum_dist_s_14,ttr_cum_dist_mean_s_14,block_s_14,trial_num_s_14,date_s_15,ttr_duration_s_15,ttr_mean_speed_s_15,ttr_dist_s_15,ttr_cum_dist_s_15,ttr_cum_dist_mean_s_15,block_s_15,trial_num_s_15,date_p_3,ttr_duration_p_3,ttr_mean_speed_p_3,ttr_dist_p_3,ttr_cum_dist_p_3,ttr_cum_dist_mean_p_3,block_p_3,trial_num_p_3,date_s_16,ttr_duration_s_16,ttr_mean_speed_s_16,ttr_dist_s_16,ttr_cum_dist_s_16,ttr_cum_dist_mean_s_16,block_s_16,trial_num_s_16,date_s_17,ttr_duration_s_17,ttr_mean_speed_s_17,ttr_dist_s_17,ttr_cum_dist_s_17,ttr_cum_dist_mean_s_17,block_s_17,trial_num_s_17,date_s_18,ttr_duration_s_18,ttr_mean_speed_s_18,ttr_dist_s_18,ttr_cum_dist_s_18,ttr_cum_dist_mean_s_18,block_s_18,trial_num_s_18,date_s_19,ttr_duration_s_19,ttr_mean_speed_s_19,ttr_dist_s_19,ttr_cum_dist_s_19,ttr_cum_dist_mean_s_19,block_s_19,trial_num_s_19,date_s_20,ttr_duration_s_20,ttr_mean_speed_s_20,ttr_dist_s_20,ttr_cum_dist_s_20,ttr_cum_dist_mean_s_20,block_s_20,trial_num_s_20,date_p_4,ttr_duration_p_4,ttr_mean_speed_p_4,ttr_dist_p_4,ttr_cum_dist_p_4,ttr_cum_dist_mean_p_4,block_p_4,trial_num_p_4,date_c_1,ttr_duration_c_1,ttr_mean_speed_c_1,ttr_dist_c_1,ttr_cum_dist_c_1,ttr_cum_dist_mean_c_1,block_c_1,trial_num_c_1,date_c_2,ttr_duration_c_2,ttr_mean_speed_c_2,ttr_dist_c_2,ttr_cum_dist_c_2,ttr_cum_dist_mean_c_2,block_c_2,trial_num_c_2,date_c_3,ttr_duration_c_3,ttr_mean_speed_c_3,ttr_dist_c_3,ttr_cum_dist_c_3,ttr_cum_dist_mean_c_3,block_c_3,trial_num_c_3,date_c_4,ttr_duration_c_4,ttr_mean_speed_c_4,ttr_dist_c_4,ttr_cum_dist_c_4,ttr_cum_dist_mean_c_4,block_c_4,trial_num_c_4,date_c_5,ttr_duration_c_5,ttr_mean_speed_c_5,ttr_dist_c_5,ttr_cum_dist_c_5,ttr_cum_dist_mean_c_5,block_c_5,trial_num_c_5,date_c_6,ttr_duration_c_6,ttr_mean_speed_c_6,ttr_dist_c_6,ttr_cum_dist_c_6,ttr_cum_dist_mean_c_6,block_c_6,trial_num_c_6,avg_duration_t_b1,avg_speed_t_b1,avg_path_length_t_b1,avg_cum_dist_t_b1,avg_time_target_t_b1,avg_time_opposite_t_b1,annulus_crossing_target_t_b1,annulus_crossing_opp_t_b1,avg_duration_t_b2,avg_speed_t_b2,avg_path_length_t_b2,avg_cum_dist_t_b2,avg_time_target_t_b2,avg_time_opposite_t_b2,annulus_crossing_target_t_b2,annulus_crossing_opp_t_b2,avg_duration_t_b3,avg_speed_t_b3,avg_path_length_t_b3,avg_cum_dist_t_b3,avg_time_target_t_b3,avg_time_opposite_t_b3,annulus_crossing_target_t_b3,annulus_crossing_opp_t_b3,avg_duration_t_b4,avg_speed_t_b4,avg_path_length_t_b4,avg_cum_dist_t_b4,avg_time_target_t_b4,avg_time_opposite_t_b4,annulus_crossing_target_t_b4,annulus_crossing_opp_t_b4,avg_duration_c_b5,avg_speed_c_b5,avg_path_length_c_b5,avg_cum_dist_c_b5,avg_time_target_c_b5,avg_time_opposite_c_b5,annulus_crossing_target_c_b5,annulus_crossing_opp_c_b5,protocol_time_1,protocol_time_2,protocol_time_3,protocol_time_4,protocol_time_5,protocol_time_6,protocol_time_7,protocol_time_8,protocol_time_9,protocol_time_10,protocol_time_11,protocol_time_12,protocol_time_13,protocol_time_14,protocol_time_15,protocol_time_16,protocol_time_17,protocol_time_18,protocol_time_19,protocol_time_20,protocol_time_21,protocol_time_22,protocol_time_23,protocol_time_24,protocol_time_25,protocol_time_26,protocol_time_27,protocol_time_28,protocol_time_29,protocol_time_30
MG.1009-11,24,male,Long Evans,Wild Type,10/10/2010,Gallagher_WM_1,Gallagher,No,Gall_SearchError,367.6162267,HVS,7:00,19:00,CharlesRiver,Single,1.84,1.26,1.43,1.43,10/6/2010,90.1,18.57935627,1674,7714.9,91,1,1,10/6/2010,29.9,11.97324415,358,1525.2,56,1,2,10/6/2010,90.1,15.6936737,1414,9766.6,110,1,3,10/7/2010,90.1,18.11320755,1632,9167.7,109,1,4,10/7/2010,74.8,16.04278075,1200,6955.9,102,1,5,10/7/2010,30.2,20.39735099,616,2092.0,74,1,6,10/8/2010,90.1,16.22641509,1462,6455.2,73,2,7,10/8/2010,21.5,14.97674419,322,1125.9,59,2,8,10/8/2010,38.9,23.16195373,901,2100.8,63,2,9,10/9/2010,3.8,19.21052632,73,7.7,7,2,10,10/9/2010,90.1,20.68812431,1864,5644.0,66,2,11,10/9/2010,30.1,14.2192691,428,1869.7,81,2,12,10/10/2010,90.1,17.75804662,1600,7281.7,86,3,13,10/10/2010,17.5,14.91428571,261,878.1,58,3,14,10/10/2010,14.3,11.32867133,162,742.1,61,3,15,10/11/2010,56.2,20.16014235,1133,4695.3,93,3,16,10/11/2010,90.1,20.39955605,1838,6910.6,78,3,17,10/11/2010,30.9,13.85113269,428,1806.4,78,3,18,10/12/2010,23.4,15.17094017,355,1033.0,49,4,19,10/12/2010,90.1,18.56825749,1673,6490.9,76,4,20,10/12/2010,41.7,20.04796163,836,3127.4,80,4,21,10/13/2010,90.1,17.40288568,1568,9178.6,104,4,22,10/13/2010,90.1,18.6681465,1682,7731.6,90,4,23,10/13/2010,30.6,11.79738562,361,2316.7,89,4,24,10/14/2010,9.2,19.7826087,182,175.0,58,5,25,10/14/2010,8.4,19.88095238,167,86.4,43,5,26,10/14/2010,28.2,18.0141844,508,1156.4,52,5,27,10/14/2010,26.4,17.08333333,451,1458.5,72,5,28,10/14/2010,12.6,14.04761905,177,567.9,94,5,29,10/14/2010,18.5,13.78378378,255,303.0,25,5,30,75.0,16.08045248,1255,74.14,23,26,0,0,48.88,18.85275273,924,91.13,31,12,1,0,53.64,16.91214041,998,88.42,27,32,1,0,67.08,17.9716383,1222,88.59333333,18,8,1,0,17.21666667,17.09874694,290,nan,10,2,0,0,0,60,120,86520,86580,86640,173040,173100,173160,259560,259620,259680,346080,346140,346200,432600,432660,432720,519120,519180,519240,605640,605700,605760,692160,692220,692280,692340,692400,692460
MG.1009-13,24,male,Long Evans,Wild Type,10/10/2010,Gallagher_WM_1,Gallagher,No,Gall_SearchError,263.6185109,HVS,7:00,19:00,CharlesRiver,Single,1.84,1.26,1.43,1.43,10/6/2010,90.1,21.07658158,1899,7814.5,91,1,1,10/6/2010,90.1,18.09100999,1630,7926.4,90,1,2,10/6/2010,90.1,21.16537181,1907,7170.3,81,1,3,10/7/2010,90.1,18.74583796,1689,8709.3,102,1,4,10/7/2010,90.1,18.47946726,1665,7423.6,87,1,5,10/7/2010,30.7,15.11400652,464,1180.3,43,1,6,10/8/2010,25.0,18.84,471,1327.4,57,2,7,10/8/2010,82.6,23.38983051,1932,6109.2,75,2,8,10/8/2010,41.6,18.99038462,790,2009.6,54,2,9,10/9/2010,13.3,30.82706767,410,863.3,71,2,10,10/9/2010,7.0,21.0,147,59.0,29,2,11,10/9/2010,30.7,25.11400652,771,1671.7,64,2,12,10/10/2010,5.4,25.55555556,138,0.0,0,3,13,10/10/2010,9.4,26.17021277,246,353.3,44,3,14,10/10/2010,4.5,18.66666667,84,100.0,33,3,15,10/11/2010,36.1,27.67313019,999,1833.8,57,3,16,10/11/2010,4.6,17.82608696,82,86.1,28,3,17,10/11/2010,30.7,24.00651466,737,1457.7,56,3,18,10/12/2010,37.7,22.5994695,852,2678.3,74,4,19,10/12/2010,64.1,23.82215289,1527,4160.8,69,4,20,10/12/2010,4.6,20.0,92,81.2,27,4,21,10/13/2010,10.6,26.69811321,283,390.4,43,4,22,10/13/2010,21.8,26.51376147,578,985.9,57,4,23,10/13/2010,30.8,24.38311688,751,1877.7,64,4,24,10/14/2010,30.1,26.04651163,784,2145.4,82,5,25,10/14/2010,28.1,25.58718861,719,1653.4,68,5,26,10/14/2010,4.9,10.20408163,50,0.0,0,5,27,10/14/2010,13.9,20.9352518,291,751.8,83,5,28,10/14/2010,26.3,23.46007605,617,1061.0,48,5,29,10/14/2010,21.9,43.01369863,942,497.3,29,5,30,90.1,19.51165372,1758,45.01,65,2,2,0,33.9,22.60945656,750,68.79333333,21,21,0,0,12.0,23.17833043,309,59.15666667,33,9,1,0,27.76,23.92669941,666,64.74333333,46,14,2,0,20.86666667,24.87446806,567,nan,14,17,1,0,0,60,120,86520,86580,86640,173040,173100,173160,259560,259620,259680,346080,346140,346200,432600,432660,432720,519120,519180,519240,605640,605700,605760,692160,692220,692280,692340,692400,692460
MG.1009-15,24,male,Long Evans,Wild Type,10/10/2010,Gallagher_WM_1,Gallagher,No,Gall_SearchError,263.9814718,HVS,7:00,19:00,CharlesRiver,Single,1.84,1.26,1.43,1.43,10/6/2010,63.3,21.37440758,1353,5804.0,100,1,1,10/6/2010,90.1,16.82574917,1516,8897.2,101,1,2,10/6/2010,90.1,18.06881243,1628,6938.2,78,1,3,10/7/2010,90.1,19.4672586,1754,7175.6,84,1,4,10/7/2010,90.1,19.37846837,1746,6294.2,74,1,5,10/7/2010,30.9,15.79288026,488,1909.7,68,1,6,10/8/2010,90.1,21.58712542,1945,7589.6,86,2,7,10/8/2010,51.7,21.35396518,1104,4146.4,84,2,8,10/8/2010,66.9,20.38863976,1364,4714.4,76,2,9,10/9/2010,20.5,20.48780488,420,1351.0,75,2,10,10/9/2010,47.1,23.8641189,1124,2918.0,67,2,11,10/9/2010,30.8,22.11038961,681,1596.6,61,2,12,10/10/2010,90.1,24.13984462,2175,6443.7,74,3,13,10/10/2010,37.7,22.25464191,839,1969.2,54,3,14,10/10/2010,26.6,19.88721805,529,866.0,34,3,15,10/11/2010,13.3,26.16541353,348,482.1,53,3,16,10/11/2010,23.5,23.19148936,545,1093.4,49,3,17,10/11/2010,30.8,23.44155844,722,1833.1,70,3,18,10/12/2010,13.2,20.75757576,274,576.7,48,4,19,10/12/2010,24.2,22.9338843,555,1008.8,50,4,20,10/12/2010,5.5,17.09090909,94,157.8,39,4,21,10/13/2010,11.5,25.13043478,289,550.7,55,4,22,10/13/2010,19.5,24.92307692,486,444.7,29,4,23,10/13/2010,30.7,24.23452769,744,1417.3,48,4,24,10/14/2010,8.8,19.65909091,173,187.7,46,5,25,10/14/2010,11.0,23.09090909,254,462.7,77,5,26,10/14/2010,7.7,22.33766234,172,169.9,56,5,27,10/14/2010,6.9,21.73913044,150,138.9,69,5,28,10/14/2010,11.0,25.45454546,280,329.8,54,5,29,10/14/2010,7.4,18.10810811,134,51.9,17,5,30,84.74,19.02293923,1599,67.98,30,12,0,0,55.26,21.53633083,1191,69.15333333,19,22,1,0,38.24,23.12772149,887,74.41333333,23,20,0,0,14.78,22.16717617,339,49.42333333,45,4,2,0,8.8,21.73157439,193,nan,1,1,0,0,0,60,120,86520,86580,86640,173040,173100,173160,259560,259620,259680,346080,346140,346200,432600,432660,432720,519120,519180,519240,605640,605700,605760,692160,692220,692280,692340,692400,692460
MG.1009-20,24,male,Long Evans,Wild Type,10/10/2010,Gallagher_WM_1,Gallagher,No,Gall_SearchError,221.3081715,HVS,7:00,19:00,CharlesRiver,Single,1.84,1.26,1.43,1.43,10/6/2010,90.1,20.7436182,1869,6188.9,72,1,1,10/6/2010,90.1,17.60266371,1586,6461.7,73,1,2,10/6/2010,58.8,14.23469388,837,3079.6,54,1,3,10/7/2010,44.7,21.1409396,945,2809.9,72,1,4,10/7/2010,90.1,19.43396226,1751,6938.7,81,1,5,10/7/2010,30.2,20.03311258,605,2088.6,74,1,6,10/8/2010,90.1,22.30854606,2010,6737.1,76,2,7,10/8/2010,5.2,14.80769231,77,91.8,30,2,8,10/8/2010,8.0,19.875,159,89.6,44,2,9,10/9/2010,90.1,26.34850167,2374,6749.6,76,2,10,10/9/2010,90.1,18.49056604,1666,6546.5,77,2,11,10/9/2010,30.8,18.27922078,563,1775.6,71,2,12,10/10/2010,33.8,29.17159763,986,1840.3,61,3,13,10/10/2010,59.2,22.83783784,1352,3852.2,66,3,14,10/10/2010,46.1,22.51626898,1038,2498.6,55,3,15,10/11/2010,4.3,33.02325581,142,0.0,0,3,16,10/11/2010,41.8,24.18660287,1011,2496.8,62,3,17,10/11/2010,30.8,21.68831169,668,915.8,35,3,18,10/12/2010,2.7,27.77777778,75,41.8,41,4,19,10/12/2010,14.6,25.4109589,371,307.0,30,4,20,10/12/2010,6.1,16.8852459,103,166.7,33,4,21,10/13/2010,8.7,28.96551724,252,334.2,47,4,22,10/13/2010,10.6,26.88679245,285,203.6,33,4,23,10/13/2010,30.6,23.75816994,727,1228.3,42,4,24,10/14/2010,3.5,30.0,105,0.0,0,5,25,10/14/2010,4.4,28.40909091,125,0.0,0,5,26,10/14/2010,11.9,27.39495798,326,713.2,101,5,27,10/14/2010,6.9,23.76811594,164,114.3,57,5,28,10/14/2010,12.0,23.33333333,280,304.4,43,5,29,10/14/2010,10.1,13.86138614,140,143.2,23,5,30,74.76,18.63117553,1397,74.24666667,35,27,1,0,56.7,20.36606121,1257,76.56333333,29,22,0,0,37.04,26.34711263,905,44.31,69,2,1,0,8.54,25.18525846,217,43.11666667,54,5,2,0,8.133333333,24.46114738,190,nan,15,0,0,0,0,60,120,86520,86580,86640,173040,173100,173160,259560,259620,259680,346080,346140,346200,432600,432660,432720,519120,519180,519240,605640,605700,605760,692160,692220,692280,692340,692400,692460
MG.1009-26,24,male,Long Evans,Wild Type,10/10/2010,Gallagher_WM_1,Gallagher,No,Gall_SearchError,196.1855146,HVS,7:00,19:00,CharlesRiver,Single,1.84,1.26,1.43,1.43,10/6/2010,90.1,24.26193119,2186,8024.0,93,1,1,10/6/2010,62.8,19.29936306,1212,5062.2,82,1,2,10/6/2010,10.8,17.5,189,538.0,59,1,3,10/7/2010,7.0,25.42857143,178,148.8,74,1,4,10/7/2010,78.8,25.90101523,2041,5271.8,71,1,5,10/7/2010,30.9,24.91909385,770,1554.0,53,1,6,10/8/2010,7.0,22.14285714,155,142.0,28,2,7,10/8/2010,19.5,23.8974359,466,1093.8,60,2,8,10/8/2010,13.7,25.69343066,352,688.0,76,2,9,10/9/2010,14.7,26.39455782,388,504.3,38,2,10,10/9/2010,26.7,27.00374532,721,1122.3,51,2,11,10/9/2010,30.7,24.62540717,756,910.9,35,2,12,10/10/2010,9.0,26.44444444,238,178.2,35,3,13,10/10/2010,3.8,24.47368421,93,69.0,34,3,14,10/10/2010,3.8,25.0,95,76.4,38,3,15,10/11/2010,6.1,32.29508197,197,75.5,25,3,16,10/11/2010,3.8,22.36842105,85,62.8,31,3,17,10/11/2010,30.7,25.89576547,795,906.4,33,3,18,10/12/2010,2.8,27.5,77,49.5,49,4,19,10/12/2010,7.6,26.71052632,203,200.5,50,4,20,10/12/2010,4.0,21.75,87,79.1,39,4,21,10/13/2010,6.9,40.14492754,277,246.7,49,4,22,10/13/2010,13.5,24.0,324,388.8,38,4,23,10/13/2010,30.6,25.09803922,768,1727.4,59,4,24,10/14/2010,3.7,38.91891892,144,0.0,0,5,25,10/14/2010,6.6,27.72727273,183,176.1,58,5,26,10/14/2010,10.1,26.83168317,271,637.1,91,5,27,10/14/2010,14.7,26.93877551,396,889.1,80,5,28,10/14/2010,9.6,23.64583333,227,537.7,89,5,29,10/14/2010,19.7,18.93401015,373,464.0,29,5,30,49.9,22.47817618,1161,54.06666667,58,26,4,1,16.32,25.02640537,416,42.54333333,65,11,2,0,5.3,26.11632634,141,40.25,62,13,5,0,6.96,28.02109077,193,59.58666667,52,11,2,0,10.73333333,27.1660823,265,nan,9,1,0,0,0,60,120,86520,86580,86640,173040,173100,173160,259560,259620,259680,346080,346140,346200,432600,432660,432720,519120,519180,519240,605640,605700,605760,692160,692220,692280,692340,692400,692460
MG.1009-27,24,male,Long Evans,Wild Type,10/10/2010,Gallagher_WM_1,Gallagher,No,Gall_SearchError,231.2292065,HVS,7:00,19:00,CharlesRiver,Single,1.84,1.26,1.43,1.43,10/6/2010,75.5,23.20529801,1752,5665.0,79,1,1,10/6/2010,90.1,24.70588235,2226,8132.1,91,1,2,10/6/2010,90.1,21.39844617,1928,8109.7,91,1,3,10/7/2010,74.8,26.40374332,1975,5885.2,84,1,4,10/7/2010,90.1,25.74916759,2320,7625.5,88,1,5,10/7/2010,30.7,21.36807818,656,2686.8,95,1,6,10/8/2010,90.1,26.71476138,2407,6967.9,78,2,7,10/8/2010,90.1,21.62042175,1948,6775.3,76,2,8,10/8/2010,90.1,24.42841288,2201,7892.1,91,2,9,10/9/2010,90.1,24.48390677,2206,8140.0,91,2,10,10/9/2010,31.5,22.82539683,719,1863.8,69,2,11,10/9/2010,30.8,26.00649351,801,1987.0,73,2,12,10/10/2010,90.1,26.07103219,2349,8082.1,92,3,13,10/10/2010,74.6,25.18766756,1879,4800.2,65,3,14,10/10/2010,57.8,23.46020761,1356,3584.4,64,3,15,10/11/2010,57.2,27.88461539,1595,3493.3,64,3,16,10/11/2010,22.2,25.4954955,566,1274.5,60,3,17,10/11/2010,30.7,27.49185668,844,1130.1,41,3,18,10/12/2010,10.3,25.82524272,266,295.7,32,4,19,10/12/2010,19.4,23.40206186,454,516.5,34,4,20,10/12/2010,4.5,18.44444444,83,50.3,16,4,21,10/13/2010,13.6,18.52941177,252,350.4,29,4,22,10/13/2010,51.2,26.3671875,1350,2546.2,54,4,23,10/13/2010,30.4,26.31578947,800,1242.8,42,4,24,10/14/2010,3.4,28.52941177,97,0.0,0,5,25,10/14/2010,4.7,26.59574468,125,34.7,34,5,26,10/14/2010,9.3,33.97849462,316,533.9,88,5,27,10/14/2010,5.7,25.2631579,144,112.5,56,5,28,10/14/2010,30.1,26.5448505,799,1888.1,69,5,29,10/14/2010,6.8,19.26470588,131,52.7,17,5,30,84.12,24.29250749,2040,94.12333333,5,56,0,3,78.38,24.01457992,1896,77.41666667,34,4,0,0,60.38,25.61980365,1549,49.68,55,17,2,1,19.8,22.51366966,481,43.94,52,1,6,0,10.0,26.69606089,268,nan,11,1,0,0,0,60,120,86520,86580,86640,173040,173100,173160,259560,259620,259680,346080,346140,346200,432600,432660,432720,519120,519180,519240,605640,605700,605760,692160,692220,692280,692340,692400,692460
MG.1009-31,24,male,Long Evans,Wild Type,10/10/2010,Gallagher_WM_1,Gallagher,No,Gall_SearchError,246.8043653,HVS,7:00,19:00,CharlesRiver,Single,1.84,1.26,1.43,1.43,10/7/2010,90.1,21.85349612,1969,6853.6,80,1,1,10/7/2010,2.7,3.703703704,10,0.0,0,1,2,10/7/2010,1.1,49.09090909,54,0.0,0,1,3,10/8/2010,1.3,11.53846154,15,0.0,0,1,4,10/8/2010,3.2,5.625,18,0.0,0,1,5,10/8/2010,3.0,4.333333333,13,0.0,0,1,6,10/9/2010,1.6,5.0,8,0.0,0,2,7,10/9/2010,1.5,5.333333333,8,0.0,0,2,8,10/9/2010,1.5,5.333333333,8,0.0,0,2,9,10/10/2010,11.7,29.57264957,346,409.9,51,2,10,10/10/2010,1.8,17.77777778,32,0.0,0,2,11,10/10/2010,1.8,11.11111111,20,0.0,0,2,12,10/11/2010,80.0,21.925,1754,6082.6,84,3,13,10/11/2010,66.3,22.1719457,1470,5515.0,87,3,14,10/11/2010,27.7,20.433213,566,1412.7,58,3,15,10/12/2010,2.9,2.068965517,6,0.0,0,3,16,10/12/2010,1.1,10.0,11,0.0,0,3,17,10/12/2010,1.2,3.333333333,4,0.0,0,3,18,10/13/2010,1.5,7.333333333,11,0.0,0,4,19,10/13/2010,1.9,3.684210526,7,0.0,0,4,20,10/13/2010,2.5,8.4,21,0.0,0,4,21,10/14/2010,1.4,15.0,21,0.0,0,4,22,10/14/2010,2.3,2.173913044,5,0.0,0,4,23,10/14/2010,2.5,4.4,11,0.0,0,4,24,10/15/2010,4.7,53.82978723,253,144.5,48,5,25,10/15/2010,1.5,22.0,33,0.0,0,5,26,10/15/2010,2.6,62.69230769,163,81.4,81,5,27,10/15/2010,2.8,67.5,189,9.4,9,5,28,10/15/2010,2.2,54.09090909,119,0.0,0,5,29,10/15/2010,1.7,68.82352941,117,0.0,0,5,30,19.68,18.36231409,413,6.85,100,0,0,0,3.62,12.6034188,80,81.3,0,0,0,0,35.6,15.31982484,761,90.2,0,0,0,0,1.92,7.318291381,13,10.9,95,1,2,0,2.583333333,54.82275557,145,nan,0,0,0,0,0,60,120,86520,86580,86640,173040,173100,173160,259560,259620,259680,346080,346140,346200,432600,432660,432720,519120,519180,519240,605640,605700,605760,692160,692220,692280,692340,692400,692460
MG.1009-39,24,male,Long Evans,Wild Type,10/10/2010,Gallagher_WM_1,Gallagher,No,Gall_SearchError,329.8940474,HVS,7:00,19:00,CharlesRiver,Single,1.84,1.26,1.43,1.43,10/7/2010,90.1,19.07880133,1719,8181.9,95,1,1,10/7/2010,90.1,19.26748058,1736,7218.0,82,1,2,10/7/2010,90.1,19.66703663,1772,8087.3,91,1,3,10/8/2010,90.1,23.66259711,2132,6627.7,77,1,4,10/8/2010,47.6,24.53781513,1168,3976.8,92,1,5,10/8/2010,30.6,23.23529412,711,2031.6,70,1,6,10/9/2010,90.1,22.66370699,2042,7688.1,87,2,7,10/9/2010,90.1,20.22197558,1822,7923.3,90,2,8,10/9/2010,7.4,20.81081081,154,159.7,53,2,9,10/10/2010,90.1,22.49722531,2027,6745.5,76,2,10,10/10/2010,90.1,22.16426193,1997,7800.7,90,2,11,10/10/2010,30.4,22.73026316,691,2179.2,83,2,12,10/11/2010,90.1,21.39844617,1928,7079.7,83,3,13,10/11/2010,90.1,20.89900111,1883,8199.9,93,3,14,10/11/2010,90.1,20.29966704,1829,7891.7,89,3,15,10/12/2010,90.1,22.06437292,1988,8626.7,101,3,16,10/12/2010,90.1,19.08990011,1720,8669.6,98,3,17,10/12/2010,30.9,17.2815534,534,1647.3,68,3,18,10/13/2010,90.1,23.30743618,2100,8471.3,95,4,19,10/13/2010,90.1,22.88568258,2062,7666.7,89,4,20,10/13/2010,90.1,20.72142064,1867,8208.1,92,4,21,10/14/2010,90.1,23.27413985,2097,8442.9,94,4,22,10/14/2010,37.8,23.51851852,889,3306.7,100,4,23,10/14/2010,30.5,24.06557377,734,2145.1,73,4,24,10/15/2010,29.6,25.94594595,768,2358.9,98,5,25,10/15/2010,30.1,18.87043189,568,2250.4,90,5,26,10/15/2010,20.6,18.00970874,371,1454.8,96,5,27,10/15/2010,23.2,18.8362069,437,1744.9,96,5,28,10/15/2010,30.1,19.20265781,578,2054.8,82,5,29,10/15/2010,10.8,20.74074074,224,121.5,24,5,30,81.6,21.24274616,1705,69.64333333,44,20,0,0,73.56,21.67159612,1608,89.71666667,21,28,0,0,90.1,20.75027747,1869,78.35333333,23,24,0,1,79.64,22.74143955,1803,73.49666667,32,15,1,1,24.06666667,20.26761534,491,nan,14,1,0,0,0,60,120,86520,86580,86640,173040,173100,173160,259560,259620,259680,346080,346140,346200,432600,432660,432720,519120,519180,519240,605640,605700,605760,692160,692220,692280,692340,692400,692460
MG.1009-45,24,male,Long Evans,Wild Type,10/10/2010,Gallagher_WM_1,Gallagher,No,Gall_SearchError,258.593242,HVS,7:00,19:00,CharlesRiver,Single,1.84,1.26,1.43,1.43,10/7/2010,90.1,24.50610433,2208,7355.6,85,1,1,10/7/2010,90.1,15.3718091,1385,7880.9,89,1,2,10/7/2010,90.1,21.03218646,1895,7733.3,87,1,3,10/8/2010,90.1,24.3063263,2190,7744.9,90,1,4,10/8/2010,90.1,22.90788013,2064,6571.3,76,1,5,10/8/2010,30.7,23.2247557,713,2275.4,78,1,6,10/9/2010,70.8,26.70903955,1891,5906.2,85,2,7,10/9/2010,38.3,22.95039165,879,2855.6,77,2,8,10/9/2010,5.2,21.34615385,111,0.0,0,2,9,10/10/2010,69.4,25.64841499,1780,4867.1,71,2,10,10/10/2010,49.4,23.21862348,1147,3470.0,77,2,11,10/10/2010,30.4,22.7631579,692,1362.1,52,2,12,10/11/2010,90.1,26.28190899,2368,7683.0,89,3,13,10/11/2010,90.1,21.49833518,1937,6229.6,69,3,14,10/11/2010,4.2,17.61904762,74,134.0,44,3,15,10/12/2010,42.6,24.24882629,1033,2769.9,72,3,16,10/12/2010,29.1,24.05498282,700,1740.4,62,3,17,10/12/2010,30.7,22.28013029,684,1484.1,57,3,18,10/13/2010,48.4,22.27272727,1078,4210.2,89,4,19,10/13/2010,55.2,24.05797101,1328,4275.0,83,4,20,10/13/2010,19.1,22.87958115,437,941.4,52,4,21,10/14/2010,50.9,20.78585462,1058,4496.7,91,4,22,10/14/2010,37.5,21.44,804,2050.6,62,4,23,10/14/2010,30.4,21.34868421,649,1787.6,63,4,24,10/15/2010,30.1,22.35880399,673,2522.5,97,5,25,10/15/2010,5.5,26.72727273,147,25.5,25,5,26,10/15/2010,6.1,22.13114754,135,50.8,25,5,27,10/15/2010,6.9,21.88405797,151,117.9,58,5,28,10/15/2010,5.2,23.46153846,122,0.0,0,5,29,10/15/2010,7.1,15.07042254,107,72.6,24,5,30,90.1,21.62486127,1948,77.62333333,34,17,0,0,46.62,23.9745247,1161,58.99333333,42,12,3,0,51.22,22.74062018,1222,66.73,41,25,1,0,42.22,22.28722681,941,62.29333333,45,34,1,0,10.15,21.93887387,222,nan,11,1,0,0,0,60,120,86520,86580,86640,173040,173100,173160,259560,259620,259680,346080,346140,346200,432600,432660,432720,519120,519180,519240,605640,605700,605760,692160,692220,692280,692340,692400,692460
MG.1009-46,24,male,Long Evans,Wild Type,10/10/2010,Gallagher_WM_1,Gallagher,No,Gall_SearchError,312.7581937,HVS,7:00,19:00,CharlesRiver,Single,1.84,1.26,1.43,1.43,10/7/2010,44.9,23.8752784,1072,3373.4,84,1,1,10/7/2010,90.1,19.23418424,1733,6533.3,73,1,2,10/7/2010,90.1,20.67702553,1863,7727.2,86,1,3,10/8/2010,90.1,26.08213097,2350,7266.3,84,1,4,10/8/2010,28.7,27.38675958,786,1773.2,73,1,5,10/8/2010,30.6,24.60784314,753,2159.1,74,1,6,10/9/2010,6.5,24.46153846,159,149.9,29,2,7,10/9/2010,8.7,25.40229885,221,452.3,64,2,8,10/9/2010,5.3,24.71698113,131,0.0,0,2,9,10/10/2010,27.4,25.76642336,706,1512.1,58,2,10,10/10/2010,90.1,23.54051054,2121,6825.2,79,2,11,10/10/2010,30.4,24.70394737,751,1569.4,60,2,12,10/11/2010,10.6,26.32075472,279,221.2,36,3,13,10/11/2010,4.5,17.55555556,79,37.0,18,3,14,10/11/2010,5.4,18.51851852,100,88.0,29,3,15,10/12/2010,90.1,26.22641509,2363,7123.0,82,3,16,10/12/2010,23.7,18.69198312,443,920.7,43,3,17,10/12/2010,30.6,23.46405229,718,2173.3,83,3,18,10/13/2010,38.9,28.1748072,1096,2900.1,78,4,19,10/13/2010,21.1,25.16587678,531,760.5,44,4,20,10/13/2010,3.4,16.76470588,57,56.9,28,4,21,10/14/2010,28.7,27.28222997,783,1750.5,64,4,22,10/14/2010,40.6,28.32512315,1150,2245.1,62,4,23,10/14/2010,30.5,25.50819672,778,2065.4,71,4,24,10/15/2010,5.7,28.07017544,160,24.8,24,5,25,10/15/2010,5.8,25.34482759,147,36.6,36,5,26,10/15/2010,6.1,22.95081967,140,52.3,26,5,27,10/15/2010,5.2,23.26923077,121,0.0,0,5,28,10/15/2010,5.7,21.75438597,124,39.6,39,5,29,10/15/2010,6.0,13.33333333,80,14.8,14,5,30,68.78,23.45107574,1560,73.83,44,25,0,0,27.6,24.77755047,667,67.83666667,43,6,3,0,26.86,21.4626454,652,88.63333333,22,41,0,1,26.54,25.1425486,723,70.51333333,29,26,0,0,5.75,22.45379546,128,nan,5,1,0,0,0,60,120,86520,86580,86640,173040,173100,173160,259560,259620,259680,346080,346140,346200,432600,432660,432720,519120,519180,519240,605640,605700,605760,692160,692220,692280,692340,692400,692460
MG.1009-48,24,male,Long Evans,Wild Type,10/10/2010,Gallagher_WM_1,Gallagher,No,Gall_SearchError,268.5061587,HVS,7:00,19:00,CharlesRiver,Single,1.84,1.26,1.43,1.43,10/7/2010,90.1,26.67036626,2403,7962.7,92,1,1,10/7/2010,90.1,17.48057714,1575,7163.2,81,1,2,10/7/2010,81.5,19.6196319,1599,6697.2,84,1,3,10/8/2010,63.0,21.93650794,1382,4917.0,84,1,4,10/8/2010,85.1,21.33960047,1816,6305.2,77,1,5,10/8/2010,30.6,19.64052288,601,2020.4,72,1,6,10/9/2010,33.4,25.35928144,847,2667.4,83,2,7,10/9/2010,42.4,22.02830189,934,2876.8,70,2,8,10/9/2010,31.3,20.3514377,637,1949.2,72,2,9,10/10/2010,2.4,25.83333333,62,0.0,0,2,10,10/10/2010,21.0,25.57142857,537,1339.9,83,2,11,10/10/2010,30.4,22.82894737,694,1715.4,65,2,12,10/11/2010,11.8,26.3559322,311,317.1,45,3,13,10/11/2010,3.0,20.66666667,62,31.7,31,3,14,10/11/2010,15.7,24.33121019,382,1154.7,82,3,15,10/12/2010,18.9,26.03174603,492,685.3,48,3,16,10/12/2010,36.5,21.28767123,777,2097.9,59,3,17,10/12/2010,30.7,22.8990228,703,1970.1,75,3,18,10/13/2010,2.7,24.44444444,66,43.7,43,4,19,10/13/2010,35.4,22.25988701,788,2224.1,71,4,20,10/13/2010,39.5,20.73417722,819,1965.8,51,4,21,10/14/2010,2.2,21.36363636,47,0.0,0,4,22,10/14/2010,27.3,25.05494506,684,1792.7,77,4,23,10/14/2010,30.7,24.36482085,748,1303.8,44,4,24,10/15/2010,30.1,20.53156146,618,1958.0,78,5,25,10/15/2010,30.0,21.5,645,2198.4,91,5,26,10/15/2010,6.4,20.0,128,0.0,0,5,27,10/15/2010,30.1,19.36877076,583,2485.0,99,5,28,10/15/2010,30.1,20.66445183,622,2043.6,81,5,29,10/15/2010,7.7,16.36363636,126,33.0,16,5,30,81.96,21.40933674,1755,70.92333333,40,33,0,1,26.1,23.82875659,603,71.03333333,34,33,1,1,17.18,23.73464527,404,80.23333333,21,34,0,1,21.42,22.77141802,480,45.11333333,61,3,4,0,22.4,19.73807007,453,nan,6,3,0,0,0,60,120,86520,86580,86640,173040,173100,173160,259560,259620,259680,346080,346140,346200,432600,432660,432720,519120,519180,519240,605640,605700,605760,692160,692220,692280,692340,692400,692460
MG.1009-57,24,male,Long Evans,Wild Type,10/10/2010,Gallagher_WM_1,Gallagher,No,Gall_SearchError,206.9005446,HVS,7:00,19:00,CharlesRiver,Single,1.84,1.26,1.43,1.43,10/7/2010,90.1,23.85127636,2149,7214.2,83,1,1,10/7/2010,90.1,19.53385128,1760,7826.2,87,1,2,10/7/2010,90.1,16.94783574,1527,6928.3,77,1,3,10/8/2010,6.7,28.95522388,194,142.2,71,1,4,10/8/2010,48.9,26.05316973,1274,3445.0,78,1,5,10/8/2010,30.7,21.56351792,662,1101.6,39,1,6,10/9/2010,16.9,30.65088757,518,1124.1,74,2,7,10/9/2010,16.8,26.8452381,451,869.8,57,2,8,10/9/2010,5.7,19.8245614,113,29.6,29,2,9,10/10/2010,6.9,21.88405797,151,217.6,43,2,10,10/10/2010,10.7,25.3271028,271,329.5,54,2,11,10/10/2010,30.4,23.19078947,705,1000.4,38,2,12,10/11/2010,90.1,23.58490566,2125,6788.4,78,3,13,10/11/2010,16.0,18.0,288,554.9,39,3,14,10/11/2010,45.4,20.94713656,951,3174.4,72,3,15,10/12/2010,25.8,27.05426357,698,1473.6,70,3,16,10/12/2010,18.2,23.73626374,432,1278.5,75,3,17,10/12/2010,30.6,21.63398693,662,1725.7,66,3,18,10/13/2010,65.4,25.96330275,1698,4545.3,71,4,19,10/13/2010,16.2,20.43209877,331,437.1,33,4,20,10/13/2010,17.9,23.12849162,414,785.2,49,4,21,10/14/2010,1.7,25.88235294,44,0.0,0,4,22,10/14/2010,9.7,33.40206186,324,265.0,44,4,23,10/14/2010,30.5,24.19672131,738,919.6,31,4,24,10/15/2010,4.1,25.6097561,105,0.0,0,5,25,10/15/2010,14.1,23.54609929,332,877.9,87,5,26,10/15/2010,6.9,21.44927536,148,64.6,32,5,27,10/15/2010,7.5,20.93333333,157,116.7,38,5,28,10/15/2010,9.6,17.8125,171,174.3,34,5,29,10/15/2010,30.1,20.83056478,627,560.2,21,5,30,65.18,23.0682714,1380,40.9,73,11,3,0,11.4,24.90636957,300,47.94333333,50,10,6,0,39.1,22.66451391,898,70.11666667,35,29,0,1,22.18,25.76166159,562,32.46,74,2,3,0,12.05,21.69692148,256,nan,12,1,0,0,0,60,120,86520,86580,86640,173040,173100,173160,259560,259620,259680,346080,346140,346200,432600,432660,432720,519120,519180,519240,605640,605700,605760,692160,692220,692280,692340,692400,692460
MG.1009-58,24,male,Long Evans,Wild Type,10/10/2010,Gallagher_WM_1,Gallagher,No,Gall_SearchError,303.6174249,HVS,7:00,19:00,CharlesRiver,Single,1.84,1.26,1.43,1.43,10/7/2010,46.5,25.84946237,1202,3251.0,79,1,1,10/7/2010,6.0,14.83333333,89,127.7,42,1,2,10/7/2010,19.9,18.04020101,359,848.3,49,1,3,10/8/2010,62.9,22.87758347,1439,3811.2,66,1,4,10/8/2010,53.6,20.55970149,1102,3756.9,78,1,5,10/8/2010,30.5,22.06557377,673,1353.6,46,1,6,10/9/2010,54.7,25.86837294,1415,4319.9,81,2,7,10/9/2010,90.1,21.23196448,1913,6364.4,71,2,8,10/9/2010,20.5,19.70731707,404,903.9,56,2,9,10/10/2010,90.1,26.10432852,2352,6763.9,75,2,10,10/10/2010,40.7,21.79361179,887,3376.0,93,2,11,10/10/2010,30.5,22.42622951,684,1998.0,76,2,12,10/11/2010,90.1,25.12763596,2264,7243.1,84,3,13,10/11/2010,90.1,23.40732519,2109,7845.9,88,3,14,10/11/2010,25.8,16.86046512,435,1199.1,49,3,15,10/12/2010,52.5,25.00952381,1313,4004.1,83,3,16,10/12/2010,50.8,21.65354331,1100,3515.6,71,3,17,10/12/2010,30.6,19.31372549,591,1815.4,72,3,18,10/13/2010,35.4,25.93220339,918,3016.7,88,4,19,10/13/2010,30.5,24.36065574,743,1848.6,71,4,20,10/13/2010,3.2,23.125,74,57.4,28,4,21,10/14/2010,19.5,23.58974359,460,1254.6,69,4,22,10/14/2010,5.9,23.22033898,137,48.1,48,4,23,10/14/2010,30.4,22.40131579,681,1858.8,64,4,24,10/15/2010,17.0,25.23529412,429,884.4,73,5,25,10/15/2010,15.2,22.43421053,341,859.1,78,5,26,10/15/2010,8.1,21.35802469,173,205.0,51,5,27,10/15/2010,23.7,20.75949367,492,1826.5,96,5,28,10/15/2010,8.8,20.79545455,183,194.1,48,5,29,10/15/2010,7.5,30.26666667,227,46.4,15,5,30,37.78,20.43205633,838,47.10333333,59,14,1,0,59.22,22.94111896,1394,79.93,17,30,1,0,61.86,22.41169868,1444,77.96666667,12,45,1,0,18.9,24.04558834,466,64.11666667,33,26,1,0,13.38333333,23.47485737,307,nan,12,2,0,0,0,60,120,86520,86580,86640,173040,173100,173160,259560,259620,259680,346080,346140,346200,432600,432660,432720,519120,519180,519240,605640,605700,605760,692160,692220,692280,692340,692400,692460
MG.1009-63,24,male,Long Evans,Wild Type,10/10/2010,Gallagher_WM_1,Gallagher,No,Gall_SearchError,268.7427837,HVS,7:00,19:00,CharlesRiver,Single,1.84,1.26,1.43,1.43,10/7/2010,90.1,22.97447281,2070,7067.3,84,1,1,10/16/2010,90.0,17.64444444,1588,5757.5,66,1,2,10/7/2010,90.1,10.73251942,967,8604.2,97,1,3,10/8/2010,90.1,16.04883463,1446,7345.3,87,1,4,10/8/2010,47.0,18.40425532,865,2962.7,74,1,5,10/8/2010,30.5,12.13114754,370,1317.7,50,1,6,10/9/2010,82.0,24.12195122,1978,6915.5,87,2,7,10/9/2010,8.2,16.95121951,139,348.0,58,2,8,10/9/2010,60.8,16.89144737,1027,3329.3,60,2,9,10/10/2010,84.9,26.07773852,2214,6257.8,76,2,10,10/10/2010,90.1,18.5127636,1668,6351.4,74,2,11,10/10/2010,30.4,17.89473684,544,1690.8,67,2,12,10/11/2010,90.1,23.79578246,2144,6958.7,81,3,13,10/11/2010,90.1,14.22863485,1282,5810.3,66,3,14,10/11/2010,7.6,13.94736842,106,226.8,45,3,15,10/12/2010,58.2,20.51546392,1194,3047.2,57,3,16,10/12/2010,50.8,16.35826772,831,3305.1,68,3,17,10/12/2010,30.2,20.66225166,624,1796.0,71,3,18,10/13/2010,89.0,18.96629214,1688,6583.6,76,4,19,10/13/2010,13.2,15.98484849,211,533.7,76,4,20,10/13/2010,90.1,14.61709212,1317,6499.6,73,4,21,10/14/2010,82.5,18.35151515,1514,5821.3,72,4,22,10/14/2010,90.1,17.55826859,1582,5889.2,70,4,23,10/14/2010,30.4,10.72368421,326,1059.4,40,4,24,10/15/2010,30.1,20.16611296,607,1346.7,61,5,25,10/15/2010,18.7,15.98930481,299,1050.1,105,5,26,10/15/2010,19.0,12.68421053,241,719.9,71,5,27,10/15/2010,19.2,13.69791667,263,704.5,64,5,28,10/15/2010,30.1,10.83056478,326,1598.9,72,5,29,10/15/2010,30.1,5.84717608,176,1525.0,69,5,30,81.46,17.16090533,1387,52.09,75,3,0,0,65.2,20.51102404,1405,77.02,33,21,0,0,59.36,17.76910347,1111,78.89333333,12,2,0,0,72.98,17.0956033,1262,41.34,99,1,1,0,24.53333333,13.20254764,318,nan,0,32,0,0,0,60,120,86520,86580,86640,173040,173100,173160,259560,259620,259680,346080,346140,346200,432600,432660,432720,519120,519180,519240,605640,605700,605760,692160,692220,692280,692340,692400,692460
MG.1009-68,24,male,Long Evans,Wild Type,10/10/2010,Gallagher_WM_1,Gallagher,No,Gall_SearchError,282.4947394,HVS,7:00,19:00,CharlesRiver,Single,1.84,1.26,1.43,1.43,10/7/2010,90.1,23.22974473,2093,8010.9,93,1,1,10/7/2010,90.1,16.88124306,1521,8952.8,100,1,2,10/7/2010,90.1,24.47280799,2205,6657.4,74,1,3,10/8/2010,43.8,31.25570776,1369,3340.6,85,1,4,10/8/2010,16.0,26.625,426,722.5,65,1,5,10/8/2010,30.5,29.44262295,898,1521.9,52,1,6,10/9/2010,47.6,29.05462185,1383,3450.3,75,2,7,10/9/2010,4.5,22.88888889,103,93.9,31,2,8,10/9/2010,17.3,29.42196532,509,734.8,52,2,9,10/10/2010,16.8,32.97619048,554,1487.7,99,2,10,10/16/2010,70.8,29.12429379,2062,4293.8,64,2,11,10/10/2010,30.6,28.43137255,870,2692.8,99,2,12,10/11/2010,29.5,31.76271186,937,1865.4,71,3,13,10/11/2010,60.3,28.026534,1690,4668.8,79,3,14,10/11/2010,27.0,26.48148148,715,1742.4,69,3,15,10/12/2010,27.9,31.82795699,888,1943.5,80,3,16,10/12/2010,26.3,25.85551331,680,1503.9,60,3,17,10/12/2010,30.2,29.83443709,901,1512.7,56,3,18,10/13/2010,2.8,34.64285714,97,45.0,45,4,19,10/13/2010,12.3,30.89430894,380,646.7,71,4,20,10/13/2010,31.9,26.70846395,852,2249.6,74,4,21,10/14/2010,12.3,33.7398374,415,797.8,72,4,22,10/14/2010,15.0,26.66666667,400,829.6,75,4,23,10/14/2010,30.4,25.78947368,784,1300.5,44,4,24,10/16/2010,3.1,31.61290323,98,0.0,0,5,25,10/16/2010,14.0,29.28571429,410,745.9,74,5,26,10/16/2010,30.1,27.3089701,822,2139.3,79,5,27,10/16/2010,9.1,27.14285714,247,450.3,75,5,28,10/16/2010,30.1,24.65116279,742,2595.6,96,5,29,10/16/2010,30.1,16.47840532,496,1613.7,59,5,30,66.02,24.49290071,1522,52.32666667,62,3,0,0,31.4,28.69319206,922,102.53,14,44,0,0,34.2,28.79083953,982,62.02666667,43,5,0,0,14.86,30.53042682,428,45.34,63,2,2,0,19.41666667,26.08000214,469,nan,13,20,0,0,0,60,120,86520,86580,86640,173040,173100,173160,259560,259620,259680,346080,346140,346200,432600,432660,432720,519120,519180,519240,605640,605700,605760,692160,692220,692280,692340,692400,692460
MG.1009-73,24,male,Long Evans,Wild Type,10/10/2010,Gallagher_WM_1,Gallagher,No,Gall_SearchError,294.6068293,HVS,7:00,19:00,CharlesRiver,Single,1.84,1.26,1.43,1.43,10/7/2010,50.1,22.65469062,1135,3719.7,80,1,1,10/7/2010,17.0,17.47058824,297,666.8,47,1,2,10/7/2010,25.9,19.72972973,511,1639.4,71,1,3,10/8/2010,44.2,23.82352941,1053,2916.4,72,1,4,10/8/2010,90.1,21.08768036,1900,6726.2,78,1,5,10/8/2010,30.4,22.59868421,687,2301.4,79,1,6,10/9/2010,59.5,26.87394958,1599,4648.0,80,2,7,10/9/2010,56.2,23.27402135,1308,3793.5,68,2,8,10/9/2010,83.6,22.82296651,1908,5911.9,74,2,9,10/10/2010,24.4,25.94262295,633,1132.1,49,2,10,10/10/2010,90.1,22.47502775,2025,6683.2,77,2,11,10/10/2010,30.7,22.70358306,697,1632.3,62,2,12,10/11/2010,90.1,23.1409545,2085,6573.1,76,3,13,10/11/2010,90.1,20.16648169,1817,6346.5,72,3,14,10/11/2010,4.3,18.60465116,80,44.8,22,3,15,10/12/2010,9.5,28.52631579,271,289.8,57,3,16,10/12/2010,5.5,18.72727273,103,74.3,24,3,17,10/12/2010,30.6,23.95424837,733,1798.2,69,3,18,10/13/2010,3.1,26.12903226,81,52.0,26,4,19,10/13/2010,16.2,27.22222222,441,682.3,56,4,20,10/13/2010,42.8,23.76168224,1017,2998.5,73,4,21,10/14/2010,3.9,19.48717949,76,88.1,44,4,22,10/14/2010,10.6,24.1509434,256,347.1,57,4,23,10/14/2010,30.3,25.37953795,769,2148.7,74,4,24,10/15/2010,11.6,18.36206897,213,412.3,68,5,25,10/15/2010,22.7,18.6784141,424,1204.1,70,5,26,10/15/2010,23.3,19.1416309,446,1442.2,80,5,27,10/15/2010,18.4,20.81521739,383,1260.1,96,5,28,10/15/2010,8.4,19.64285714,165,140.4,46,5,29,10/15/2010,8.8,21.25,187,70.9,23,5,30,45.46,20.95324367,979,78.54666667,40,37,1,1,62.76,24.27771763,1494,66.91666667,30,19,1,0,39.9,21.83313517,871,73.54666667,15,27,1,1,15.32,24.15021192,374,73.70333333,12,24,1,0,15.53333333,19.64836475,303,nan,0,4,0,0,0,60,120,86520,86580,86640,173040,173100,173160,259560,259620,259680,346080,346140,346200,432600,432660,432720,519120,519180,519240,605640,605700,605760,692160,692220,692280,692340,692400,692460
MG.1009-80,24,male,Long Evans,Wild Type,10/10/2010,Gallagher_WM_1,Gallagher,No,Gall_SearchError,272.310154,HVS,7:00,19:00,CharlesRiver,Single,1.84,1.26,1.43,1.43,10/7/2010,90.1,20.83240844,1877,8182.5,95,1,1,10/7/2010,90.1,24.66148724,2222,8341.9,93,1,2,10/7/2010,76.4,22.93193717,1752,5878.9,78,1,3,10/8/2010,53.3,22.49530957,1199,3397.2,69,1,4,10/8/2010,47.5,20.02105263,951,3010.9,70,1,5,10/8/2010,30.6,22.64705882,693,2318.1,79,1,6,10/9/2010,90.1,23.44062153,2112,6784.4,76,2,7,10/9/2010,38.1,21.9160105,835,2701.3,73,2,8,10/9/2010,5.6,21.96428571,123,42.2,42,2,9,10/10/2010,17.0,29.29411765,498,1046.3,69,2,10,10/10/2010,4.8,23.54166667,113,0.0,0,2,11,10/10/2010,30.6,27.74509804,849,1209.0,44,2,12,10/11/2010,90.1,25.1054384,2262,6789.6,78,3,13,10/11/2010,7.6,20.92105263,159,331.1,55,3,14,10/11/2010,3.7,20.27027027,75,59.8,29,3,15,10/12/2010,7.2,31.80555556,229,87.7,29,3,16,10/12/2010,62.0,21.74193548,1348,4096.2,68,3,17,10/12/2010,30.7,21.10749186,648,2198.9,84,3,18,10/13/2010,6.3,27.3015873,172,187.5,37,4,19,10/13/2010,33.3,25.82582583,860,2180.8,75,4,20,10/13/2010,3.8,22.89473684,87,67.3,33,4,21,10/14/2010,15.3,25.94771242,397,842.0,60,4,22,10/14/2010,5.2,23.07692308,120,0.0,0,4,23,10/14/2010,30.4,26.44736842,804,1664.6,57,4,24,10/15/2010,6.5,24.46153846,159,52.9,26,5,25,10/15/2010,30.1,19.96677741,601,1580.8,60,5,26,10/15/2010,12.3,23.41463415,288,701.8,87,5,27,10/15/2010,5.6,31.42857143,176,32.3,32,5,28,10/15/2010,6.0,19.66666667,118,51.3,51,5,29,10/15/2010,6.8,22.35294118,152,37.7,18,5,30,71.48,22.18843901,1600,79.10666667,33,26,1,0,31.12,24.03134041,736,51.32333333,55,2,2,0,34.12,23.96885047,814,87.48,25,53,0,1,12.78,25.00935709,327,57.91,50,21,2,0,11.21666667,23.54852155,249,nan,16,3,2,0,0,60,120,86520,86580,86640,173040,173100,173160,259560,259620,259680,346080,346140,346200,432600,432660,432720,519120,519180,519240,605640,605700,605760,692160,692220,692280,692340,692400,692460
MG.1009-85,24,male,Long Evans,Wild Type,10/10/2010,Gallagher_WM_1,Gallagher,No,Gall_SearchError,291.8408823,HVS,7:00,19:00,CharlesRiver,Single,1.84,1.26,1.43,1.43,10/7/2010,90.1,22.65260821,2041,6382.4,75,1,1,10/7/2010,90.1,18.39067703,1657,6737.1,76,1,2,10/7/2010,66.0,18.63636364,1230,5494.0,87,1,3,10/8/2010,90.1,25.38290788,2287,6660.5,78,1,4,10/8/2010,12.6,19.44444444,245,509.6,72,1,5,10/8/2010,30.5,25.01639344,763,2253.5,77,1,6,10/9/2010,90.1,24.63928968,2220,7344.4,83,2,7,10/9/2010,5.7,19.47368421,111,113.0,37,2,8,10/9/2010,57.6,22.11805556,1274,4148.2,78,2,9,10/10/2010,4.0,18.0,72,19.8,19,2,10,10/10/2010,13.8,22.60869565,312,707.6,78,2,11,10/10/2010,30.6,19.67320261,602,2022.2,80,2,12,10/11/2010,5.2,24.23076923,126,0.0,0,3,13,10/11/2010,15.2,20.0,304,974.4,74,3,14,10/11/2010,7.1,16.1971831,115,251.1,50,3,15,10/12/2010,90.1,22.06437292,1988,6443.9,75,3,16,10/12/2010,30.3,14.15841584,429,828.7,29,3,17,10/12/2010,30.8,18.92857143,583,1482.3,59,3,18,10/13/2010,61.6,23.55519481,1451,3878.3,65,4,19,10/13/2010,16.6,20.18072289,335,380.4,34,4,20,10/13/2010,7.4,15.13513514,112,211.6,42,4,21,10/14/2010,41.6,21.12980769,879,3185.0,81,4,22,10/14/2010,5.9,19.49152542,115,0.0,0,4,23,10/14/2010,30.2,22.68211921,685,1739.1,59,4,24,10/15/2010,7.8,21.02564103,164,82.4,41,5,25,10/15/2010,9.2,19.34782609,178,168.9,42,5,26,10/15/2010,28.0,20.25,567,2108.4,95,5,27,10/15/2010,6.5,21.69230769,141,24.7,24,5,28,10/15/2010,11.3,16.81415929,190,320.4,53,5,29,10/15/2010,15.3,8.496732026,130,552.8,55,5,30,69.78,20.90140024,1492,76.99666667,38,27,0,0,34.24,21.36794502,797,84.73666667,23,54,2,2,29.58,19.33014822,592,69.31,37,24,0,1,26.62,19.89847719,578,60.29,43,17,0,1,13.01666667,17.93777769,228,nan,0,21,0,1,0,60,120,86520,86580,86640,173040,173100,173160,259560,259620,259680,346080,346140,346200,432600,432660,432720,519120,519180,519240,605640,605700,605760,692160,692220,692280,692340,692400,692460
MG.1009-90,24,male,Long Evans,Wild Type,10/10/2010,Gallagher_WM_1,Gallagher,No,Gall_SearchError,275.4641127,HVS,7:00,19:00,CharlesRiver,Single,1.84,1.26,1.43,1.43,10/7/2010,90.1,20.82130966,1876,8445.2,99,1,1,10/7/2010,90.1,18.01331854,1623,7711.2,87,1,2,10/7/2010,90.1,15.1054384,1361,5547.1,63,1,3,10/8/2010,90.1,26.90344062,2424,7395.2,87,1,4,10/8/2010,35.0,21.6,756,2575.6,88,1,5,10/8/2010,30.4,22.79605263,693,2080.6,71,1,6,10/9/2010,90.1,22.80799112,2055,7174.6,81,2,7,10/9/2010,62.6,13.1629393,824,5067.8,84,2,8,10/9/2010,20.7,15.41062802,319,893.1,59,2,9,10/10/2010,90.1,21.49833518,1937,6770.3,76,2,10,10/10/2010,6.9,18.84057971,130,36.9,36,2,11,10/10/2010,30.7,20.13029316,618,1855.4,74,2,12,10/11/2010,5.5,23.63636364,130,22.9,22,3,13,10/11/2010,90.1,23.21864595,2092,6747.4,75,3,14,10/11/2010,3.4,16.17647059,55,85.4,42,3,15,10/12/2010,5.0,32.6,163,0.0,0,3,16,10/12/2010,20.5,21.85365854,448,752.1,39,3,17,10/12/2010,31.0,23.12903226,717,1510.2,58,3,18,10/13/2010,28.7,22.92682927,658,1757.1,65,4,19,10/13/2010,12.1,22.47933884,272,383.2,47,4,20,10/13/2010,15.9,20.31446541,323,827.3,59,4,21,10/14/2010,16.8,22.55952381,379,823.8,54,4,22,10/14/2010,14.9,21.94630873,327,400.2,40,4,23,10/14/2010,30.4,23.68421053,720,1709.3,58,4,24,10/15/2010,4.9,23.46938776,115,0.0,0,5,25,10/15/2010,6.9,24.63768116,170,96.8,48,5,26,10/15/2010,5.9,22.71186441,134,35.4,35,5,27,10/15/2010,5.4,27.22222222,147,0.0,0,5,28,10/15/2010,4.7,23.40425532,110,0.0,0,5,29,10/15/2010,6.4,19.0625,122,38.7,19,5,30,79.08,20.48870144,1608,71.15,22,38,2,1,54.08,18.34409467,1053,77.42333333,13,28,1,0,24.9,23.49702774,577,65.17,28,33,0,2,17.68,22.04529321,391,59.41333333,31,19,1,0,5.7,23.41798514,133,nan,41,2,0,0,0,60,120,86520,86580,86640,173040,173100,173160,259560,259620,259680,346080,346140,346200,432600,432660,432720,519120,519180,519240,605640,605700,605760,692160,692220,692280,692340,692400,692460
MG.1009-94,24,male,Long Evans,Wild Type,10/10/2010,Gallagher_WM_1,Gallagher,No,Gall_SearchError,270.9836401,HVS,7:00,19:00,CharlesRiver,Single,1.84,1.26,1.43,1.43,10/7/2010,90.1,26.45948946,2384,8444.9,98,1,1,10/7/2010,70.1,22.11126962,1550,5440.7,80,1,2,10/7/2010,90.1,18.97891232,1710,6943.1,78,1,3,10/8/2010,90.1,20.48834628,1846,7568.5,88,1,4,10/8/2010,90.1,19.54495006,1761,7330.1,85,1,5,10/8/2010,30.5,18.85245902,575,1711.4,61,1,6,10/9/2010,90.1,24.78357381,2233,7063.2,79,2,7,10/9/2010,84.2,22.18527316,1868,6247.2,75,2,8,10/9/2010,85.5,18.19883041,1556,5111.7,63,2,9,10/10/2010,46.7,23.68308351,1106,3823.8,84,2,10,10/10/2010,15.6,22.37179487,349,1032.2,93,2,11,10/10/2010,30.6,23.16993464,709,2208.7,84,2,12,10/11/2010,60.6,30.46204621,1846,4645.5,81,3,13,10/11/2010,19.0,28.78947368,547,1189.6,69,3,14,10/11/2010,43.5,25.14942529,1094,2989.1,71,3,15,10/12/2010,25.7,29.68871595,763,1456.1,66,3,16,10/12/2010,20.3,24.18719212,491,1067.2,56,3,17,10/12/2010,30.7,24.29967427,746,1267.6,48,3,18,10/13/2010,11.5,30.17391304,347,626.0,62,4,19,10/13/2010,20.6,28.6407767,590,815.6,47,4,20,10/13/2010,8.4,25.35714286,213,480.4,68,4,21,10/14/2010,16.6,35.36144578,587,1347.0,89,4,22,10/14/2010,14.0,31.14285714,436,777.9,77,4,23,10/14/2010,30.4,27.00657895,821,1520.9,52,4,24,10/15/2010,15.4,33.50649351,516,837.2,69,5,25,10/15/2010,6.0,29.16666667,175,122.6,61,5,26,10/15/2010,30.1,25.51495017,768,2310.5,85,5,27,10/15/2010,9.9,24.34343434,241,531.8,88,5,28,10/15/2010,30.1,23.32225914,702,1789.0,66,5,29,10/15/2010,10.3,23.88349515,246,284.7,40,5,30,86.1,21.51659355,1850,61.08333333,51,3,0,0,64.42,22.24451115,1422,91.32666667,18,38,0,2,33.82,27.65537065,948,56.38,56,16,4,1,14.22,30.13522711,434,52.80666667,57,10,4,0,16.96666667,26.62288316,441,nan,26,3,0,0,0,60,120,86520,86580,86640,173040,173100,173160,259560,259620,259680,346080,346140,346200,432600,432660,432720,519120,519180,519240,605640,605700,605760,692160,692220,692280,692340,692400,692460
MG.1009-97,24,male,Long Evans,Wild Type,10/10/2010,Gallagher_WM_1,Gallagher,No,Gall_SearchError,372.0387774,HVS,7:00,19:00,CharlesRiver,Single,1.84,1.26,1.43,1.43,10/7/2010,90.1,27.75804662,2501,7104.4,82,1,1,10/7/2010,90.1,22.46392897,2024,7779.8,87,1,2,10/7/2010,90.1,19.00110988,1712,7977.9,89,1,3,10/8/2010,90.1,32.64150943,2941,7439.5,86,1,4,10/8/2010,90.1,25.01664817,2254,8052.8,93,1,5,10/8/2010,30.4,23.25657895,707,2493.7,85,1,6,10/9/2010,90.1,32.80799112,2956,8564.1,96,2,7,10/9/2010,90.1,27.02552719,2435,8289.2,93,2,8,10/9/2010,6.7,28.20895522,189,198.3,66,2,9,10/10/2010,90.1,34.07325194,3070,7350.6,82,2,10,10/10/2010,90.1,29.60044395,2667,8126.9,93,2,11,10/10/2010,30.6,28.07189543,859,2415.1,89,2,12,10/11/2010,90.1,31.69811321,2856,8277.2,95,3,13,10/11/2010,90.1,28.34628191,2554,8303.2,93,3,14,10/11/2010,90.1,27.5027747,2478,8547.0,96,3,15,10/12/2010,90.1,31.8645949,2871,7600.4,87,3,16,10/12/2010,90.1,25.28301887,2278,8167.9,91,3,17,10/12/2010,30.7,25.30944625,777,2305.3,88,3,18,10/13/2010,90.1,28.76803552,2592,7605.8,85,4,19,10/13/2010,29.1,28.3161512,824,2011.4,77,4,20,10/13/2010,90.1,21.69811321,1955,7261.1,81,4,21,10/14/2010,20.5,30.29268293,621,1740.7,91,4,22,10/14/2010,90.1,28.62375139,2579,7438.7,85,4,23,10/14/2010,30.3,25.47854786,772,2642.8,91,4,24,10/15/2010,30.1,32.75747508,986,2092.1,77,5,25,10/15/2010,23.8,30.25210084,720,1652.8,82,5,26,10/15/2010,30.1,28.77076412,866,2039.8,75,5,27,10/15/2010,30.1,26.1461794,787,2297.2,85,5,28,10/15/2010,30.1,24.11960133,726,2577.0,95,5,29,10/15/2010,30.1,19.03654485,573,1301.8,48,5,30,90.1,25.37624861,2286,85.34333333,40,18,0,0,73.42,30.34323389,2263,91.5,18,30,0,0,90.1,28.93895672,2607,89.28666667,14,36,0,0,63.98,27.53974685,1714,90.49666667,20,31,0,1,29.05,26.84711094,776,nan,16,15,0,0,0,60,120,86520,86580,86640,173040,173100,173160,259560,259620,259680,346080,346140,346200,432600,432660,432720,519120,519180,519240,605640,605700,605760,692160,692220,692280,692340,692400,692460
MG.1009-4,6,male,Long Evans,Wild Type,10/10/2010,Gallagher_WM_1,Gallagher,No,Gall_SearchError,334.2563136,HVS,7:00,19:00,CharlesRiver,Single,1.84,1.26,1.43,1.43,10/6/2010,90.1,20.41065483,1839,7962.3,92,1,1,10/6/2010,27.6,20.94202899,578,2157.5,82,1,2,10/6/2010,68.7,26.069869,1791,5287.8,78,1,3,10/7/2010,28.3,31.48409894,891,1901.4,79,1,4,10/7/2010,90.1,26.94783574,2428,6516.0,75,1,5,10/7/2010,30.9,24.88673139,769,1917.4,66,1,6,10/8/2010,41.1,25.57177616,1051,2546.5,63,2,7,10/8/2010,49.5,18.64646465,923,3917.7,81,2,8,10/8/2010,25.5,22.8627451,583,1424.7,67,2,9,10/9/2010,11.8,28.6440678,338,1054.9,105,2,10,10/9/2010,26.2,30.03816794,787,1657.7,75,2,11,10/9/2010,30.7,27.32899023,839,2219.4,82,2,12,10/10/2010,27.2,31.83823529,866,1733.6,72,3,13,10/10/2010,8.9,31.01123596,276,395.1,56,3,14,10/10/2010,3.9,24.61538462,96,119.7,59,3,15,10/11/2010,40.8,27.86764706,1137,2891.3,78,3,16,10/11/2010,3.5,21.14285714,74,98.5,49,3,17,10/11/2010,30.7,24.75570033,760,2442.1,93,3,18,10/12/2010,49.1,29.28716904,1438,3532.5,73,4,19,10/12/2010,34.5,27.50724638,949,2053.9,66,4,20,10/12/2010,4.4,21.36363636,94,72.7,24,4,21,10/13/2010,8.0,35.125,281,409.0,68,4,22,10/13/2010,14.2,30.07042254,427,504.7,45,4,23,10/13/2010,30.6,25.0,765,1838.4,63,4,24,10/14/2010,23.8,28.52941177,679,1450.6,72,5,25,10/14/2010,3.4,37.35294118,127,0.0,0,5,26,10/14/2010,30.1,25.88039867,779,2175.4,80,5,27,10/14/2010,4.3,30.23255814,130,0.0,0,5,28,10/14/2010,12.1,22.14876033,268,722.8,80,5,29,10/14/2010,19.2,30.625,588,487.2,30,5,30,60.96,25.1708975,1505,66.05333333,38,28,1,0,30.82,25.15264433,736,86.32666667,30,33,2,0,16.86,27.29507201,489,94.31333333,9,39,1,0,22.04,28.67069486,637,63.58,32,16,0,0,15.48333333,29.12817835,428,nan,12,2,0,0,0,60,120,86520,86580,86640,173040,173100,173160,259560,259620,259680,346080,346140,346200,432600,432660,432720,519120,519180,519240,605640,605700,605760,692160,692220,692280,692340,692400,692460
MG.1009-29,6,male,Long Evans,Wild Type,10/10/2010,Gallagher_WM_1,Gallagher,No,Gall_SearchError,174.459701,HVS,7:00,19:00,CharlesRiver,Single,1.84,1.26,1.43,1.43,10/7/2010,90.1,30.04439512,2707,7348.2,85,1,1,10/7/2010,90.1,14.23973363,1283,5568.6,62,1,2,10/7/2010,90.0,15.46666667,1392,8584.5,97,1,3,10/8/2010,36.1,26.7867036,967,2621.5,81,1,4,10/8/2010,17.2,27.55813954,474,580.8,44,1,5,10/8/2010,30.5,26.42622951,806,1381.8,47,1,6,10/9/2010,79.3,32.68600252,2592,5078.9,65,2,7,10/9/2010,16.7,24.31137725,406,614.9,40,2,8,10/9/2010,16.3,24.41717791,398,648.8,49,2,9,10/10/2010,28.3,25.19434629,713,983.2,36,2,10,10/10/2010,5.9,23.38983051,138,78.7,39,2,11,10/10/2010,30.4,25.8881579,787,1034.9,38,2,12,10/11/2010,24.6,36.30081301,893,1513.4,72,3,13,10/11/2010,4.6,17.39130435,80,71.2,23,3,14,10/11/2010,16.7,23.11377246,386,484.0,32,3,15,10/12/2010,27.0,31.2962963,845,1146.5,49,3,16,10/12/2010,4.9,20.20408163,99,153.0,51,3,17,10/12/2010,30.6,28.07189543,859,1093.6,40,3,18,10/13/2010,6.0,25.0,150,186.3,46,4,19,10/13/2010,9.7,34.22680412,332,274.8,45,4,20,10/13/2010,4.5,15.55555556,70,48.1,16,4,21,10/14/2010,5.8,29.48275862,171,139.3,34,4,22,10/14/2010,4.8,27.08333333,130,39.9,39,4,23,10/14/2010,30.6,29.08496732,890,990.2,34,4,24,10/15/2010,22.5,27.95555556,629,1372.2,76,5,25,10/15/2010,30.1,27.57475083,830,2795.3,107,5,26,10/15/2010,30.1,22.65780731,682,2813.4,108,5,27,10/15/2010,13.1,20.76335878,272,733.8,81,5,28,10/15/2010,5.3,21.88679245,116,0.0,0,5,29,10/15/2010,14.6,17.60273973,257,313.5,31,5,30,64.7,22.81912771,1364,47.63,59,3,2,0,29.3,25.9997469,849,45.73333333,61,4,5,0,15.56,25.66125355,460,47.26666667,59,10,5,0,6.16,26.26969033,170,34.54666667,85,2,6,0,19.28333333,23.07350078,464,nan,22,1,3,0,0,60,120,86520,86580,86640,173040,173100,173160,259560,259620,259680,346080,346140,346200,432600,432660,432720,519120,519180,519240,605640,605700,605760,692160,692220,692280,692340,692400,692460
MG.1009-32,6,male,Long Evans,Wild Type,10/10/2010,Gallagher_WM_1,Gallagher,No,Gall_SearchError,174.1348584,HVS,7:00,19:00,CharlesRiver,Single,1.84,1.26,1.43,1.43,10/7/2010,90.1,25.24972253,2275,7330.1,84,1,1,10/7/2010,90.1,21.809101,1965,5798.6,65,1,2,10/7/2010,31.0,25.67741936,796,1861.6,64,1,3,10/8/2010,70.3,30.29871977,2130,5222.7,77,1,4,10/8/2010,20.8,29.375,611,1100.0,64,1,5,10/8/2010,30.5,29.21311475,891,1368.3,47,1,6,10/9/2010,6.7,22.23880597,149,262.6,52,2,7,10/9/2010,3.8,22.89473684,87,56.4,28,2,8,10/9/2010,10.2,26.37254902,269,153.4,25,2,9,10/10/2010,2.0,5.0,10,0.0,0,2,10,10/10/2010,10.4,34.61538462,360,316.9,52,2,11,10/10/2010,30.3,30.56105611,926,1404.7,52,2,12,10/11/2010,23.3,30.42918455,709,1043.6,54,3,13,10/11/2010,5.4,20.92592593,113,201.6,50,3,14,10/11/2010,8.6,21.1627907,182,217.9,31,3,15,10/12/2010,8.9,31.01123596,276,90.1,22,3,16,10/12/2010,7.7,22.46753247,173,165.1,27,3,17,10/12/2010,30.7,26.80781759,823,973.9,36,3,18,10/13/2010,10.7,36.91588785,395,698.2,77,4,19,10/13/2010,27.7,32.85198556,910,1298.7,54,4,20,10/13/2010,11.6,25.51724138,296,357.2,35,4,21,10/14/2010,12.9,27.13178295,350,407.9,37,4,22,10/14/2010,8.5,32.58823529,277,205.0,41,4,23,10/14/2010,30.4,30.13157895,916,763.1,26,4,24,10/15/2010,3.4,33.82352941,115,0.0,0,5,25,10/15/2010,8.1,19.01234568,154,394.9,78,5,26,10/15/2010,7.6,28.55263158,217,243.4,60,5,27,10/15/2010,4.6,29.56521739,136,42.1,42,5,28,10/15/2010,3.7,28.10810811,104,0.0,0,5,29,10/15/2010,8.4,23.92857143,201,148.9,29,5,30,60.46,26.48199253,1555,47.25333333,65,6,3,0,6.62,22.22429529,175,58.62666667,51,19,4,1,10.78,25.19933392,290,42.70333333,65,7,7,0,14.28,31.00102661,445,27.51333333,83,3,8,0,5.966666667,27.16506727,154,nan,20,3,0,0,0,60,120,86520,86580,86640,173040,173100,173160,259560,259620,259680,346080,346140,346200,432600,432660,432720,519120,519180,519240,605640,605700,605760,692160,692220,692280,692340,692400,692460
MG.1009-69,6,male,Long Evans,Wild Type,10/10/2010,Gallagher_WM_1,Gallagher,No,Gall_SearchError,180.5362748,HVS,7:00,19:00,CharlesRiver,Single,1.84,1.26,1.43,1.43,10/7/2010,90.1,28.32408435,2552,8102.6,93,1,1,10/7/2010,90.1,28.31298557,2551,7317.6,82,1,2,10/7/2010,90.1,24.17314095,2178,7012.8,78,1,3,10/8/2010,69.6,32.25574713,2245,5977.8,90,1,4,10/8/2010,90.1,31.53163152,2841,5724.5,65,1,5,10/8/2010,30.8,26.85064935,827,1355.2,46,1,6,10/9/2010,16.0,27.25,436,708.3,50,2,7,10/9/2010,5.8,30.0,174,267.4,66,2,8,10/9/2010,22.2,32.97297297,732,884.2,46,2,9,10/10/2010,13.5,31.11111111,420,619.9,51,2,10,10/10/2010,13.1,30.76335878,403,421.8,42,2,11,10/10/2010,30.4,29.375,893,1026.7,38,2,12,10/11/2010,11.5,34.7826087,400,400.3,50,3,13,10/11/2010,5.4,29.25925926,158,116.3,29,3,14,10/11/2010,8.5,27.41176471,233,268.4,38,3,15,10/12/2010,8.8,25.34090909,223,141.7,28,3,16,10/12/2010,3.0,26.66666667,80,50.3,50,3,17,10/12/2010,30.7,27.78501629,853,853.8,31,3,18,10/13/2010,2.4,35.83333333,86,0.0,0,4,19,10/13/2010,22.5,33.55555556,755,1125.8,59,4,20,10/13/2010,5.2,22.69230769,118,145.9,36,4,21,10/14/2010,8.8,26.25,231,341.6,48,4,22,10/14/2010,5.4,27.22222222,147,65.9,32,4,23,10/14/2010,30.5,32.85245902,1002,1347.4,46,4,24,10/15/2010,3.9,28.71794872,112,0.0,0,5,25,10/15/2010,7.5,29.2,219,321.7,80,5,26,10/15/2010,14.7,22.92517007,337,830.2,75,5,27,10/15/2010,7.4,23.91891892,177,402.7,100,5,28,10/15/2010,5.6,32.5,182,140.8,70,5,29,10/15/2010,9.8,20.0,196,159.0,26,5,30,86.0,28.91951791,2473,47.23333333,58,3,0,0,14.12,30.41948857,433,45.13333333,69,15,2,0,7.44,28.69224168,218,39.69666667,70,14,6,2,8.86,29.11068376,267,46.9,55,21,3,0,8.15,26.21033962,203,nan,13,2,1,0,0,60,120,86520,86580,86640,173040,173100,173160,259560,259620,259680,346080,346140,346200,432600,432660,432720,519120,519180,519240,605640,605700,605760,692160,692220,692280,692340,692400,692460
MG.1009-86,6,male,Long Evans,Wild Type,10/10/2010,Gallagher_WM_1,Gallagher,No,Gall_SearchError,166.2734755,HVS,7:00,19:00,CharlesRiver,Single,1.84,1.26,1.43,1.43,10/7/2010,73.6,24.89130435,1832,6259.8,90,1,1,10/7/2010,13.3,22.33082707,297,586.9,48,1,2,10/7/2010,76.2,25.09186352,1912,6832.6,91,1,3,10/8/2010,10.8,23.7037037,256,358.4,59,1,4,10/8/2010,5.4,24.44444444,132,0.0,0,1,5,10/8/2010,30.5,27.70491803,845,1823.4,62,1,6,10/9/2010,5.7,14.38596491,82,117.8,39,2,7,10/9/2010,6.8,17.35294118,118,182.0,45,2,8,10/9/2010,16.3,23.92638037,390,710.5,64,2,9,10/10/2010,9.6,15.625,150,404.1,57,2,10,10/10/2010,12.9,17.75193798,229,189.5,27,2,11,10/10/2010,30.7,25.17915309,773,1101.5,42,2,12,10/11/2010,23.7,21.64556962,513,936.8,55,3,13,10/11/2010,8.3,15.06024096,125,188.7,31,3,14,10/11/2010,5.8,15.86206897,92,104.6,34,3,15,10/12/2010,7.1,20.70422535,147,0.0,0,3,16,10/12/2010,6.5,14.92307692,97,179.1,44,3,17,10/12/2010,30.5,19.63934426,599,828.6,33,3,18,10/13/2010,4.5,30.44444444,137,127.5,42,4,19,10/13/2010,30.1,23.18936877,698,1812.5,69,4,20,10/13/2010,7.3,18.90410959,138,238.9,39,4,21,10/14/2010,60.5,24.29752066,1470,3754.1,63,4,22,10/14/2010,7.3,16.84931507,123,182.4,60,4,23,10/14/2010,30.3,17.12871287,519,675.7,24,4,24,10/15/2010,4.6,24.7826087,114,0.0,0,5,25,10/15/2010,13.5,21.03703704,284,519.4,64,5,26,10/15/2010,8.4,18.33333333,154,119.8,39,5,27,10/15/2010,21.6,21.57407407,466,1684.0,105,5,28,10/15/2010,7.1,18.16901409,129,89.1,44,5,29,10/15/2010,10.2,14.21568628,145,139.7,27,5,30,35.86,24.09242862,885,62.84666667,47,11,0,1,10.26,17.80844489,193,50.39666667,41,2,4,0,10.28,17.63903637,194,45.59,53,4,1,0,21.94,22.73695171,513,26.38,93,2,6,0,10.9,19.68529225,215,nan,3,2,0,0,0,60,120,86520,86580,86640,173040,173100,173160,259560,259620,259680,346080,346140,346200,432600,432660,432720,519120,519180,519240,605640,605700,605760,692160,692220,692280,692340,692400,692460
MG.1009-87,6,male,Long Evans,Wild Type,10/10/2010,Gallagher_WM_1,Gallagher,No,Gall_SearchError,283.8935092,HVS,7:00,19:00,CharlesRiver,Single,1.84,1.26,1.43,1.43,10/7/2010,90.1,26.9700333,2430,8231.7,94,1,1,10/7/2010,4.2,18.33333333,77,111.8,37,1,2,10/7/2010,80.1,22.22222222,1780,5335.0,67,1,3,10/8/2010,30.3,29.5709571,896,1961.7,72,1,4,10/8/2010,31.4,36.36942675,1142,2291.8,81,1,5,10/8/2010,30.4,30.69078947,933,1654.3,57,1,6,10/9/2010,41.8,27.48803828,1149,2512.7,62,2,7,10/9/2010,40.2,28.78109453,1157,2227.0,57,2,8,10/9/2010,19.2,30.41666667,584,1062.2,66,2,9,10/10/2010,6.1,25.57377049,156,153.0,30,2,10,10/10/2010,26.7,30.33707865,810,1622.9,70,2,11,10/10/2010,30.6,32.22222222,986,1285.0,47,2,12,10/11/2010,58.0,28.05172414,1627,4247.1,78,3,13,10/11/2010,21.5,27.06976744,582,1101.8,55,3,14,10/11/2010,26.4,27.53787879,727,1169.1,46,3,15,10/12/2010,13.9,21.79856115,303,942.6,94,3,16,10/12/2010,44.2,24.90950226,1101,2807.8,65,3,17,10/12/2010,30.7,21.85667752,671,2486.0,95,3,18,10/13/2010,17.4,22.5862069,393,1169.4,73,4,19,10/13/2010,16.5,23.33333333,385,1068.1,82,4,20,10/13/2010,4.6,24.56521739,113,111.1,37,4,21,10/14/2010,52.7,27.5711575,1453,4198.3,82,4,22,10/14/2010,6.6,30.90909091,204,137.8,45,4,23,10/14/2010,30.3,29.10891089,882,1527.0,52,4,24,10/15/2010,9.2,18.69565217,172,360.0,60,5,25,10/15/2010,30.1,22.12624585,666,2459.7,91,5,26,10/15/2010,30.0,24.93333333,748,2718.9,104,5,27,10/15/2010,30.1,18.53820598,558,2790.2,103,5,28,10/15/2010,4.3,26.97674419,116,0.0,0,5,29,10/15/2010,30.1,47.67441861,1435,1052.9,38,5,30,47.22,26.69319454,1265,56.84666667,47,17,1,1,26.8,28.51932972,771,52.73666667,52,2,1,0,32.8,25.87348676,868,98.96,0,37,0,2,19.56,25.79300121,509,53.29333333,53,8,3,0,22.3,26.49076669,615,nan,36,2,2,0,0,60,120,86520,86580,86640,173040,173100,173160,259560,259620,259680,346080,346140,346200,432600,432660,432720,519120,519180,519240,605640,605700,605760,692160,692220,692280,692340,692400,692460
