AGE,MULT08B1,MULT10B1,MULT20B1,MULT30B1,GROUP,NUMBER,SLGROUP,YEAR,TAV08B1,TAV10B1,TAV20B1,TAV30B1,TAV08AB1,TAV10AB1,TAV20AB1,TAV30AB1,MULT08B2,MULT10B2,MULT20B2,MULT30B2,TAV08B2,TAV10B2,TAV20B2,TAV30B2,TAV08AB2,TAV10AB2,TAV20AB2,TAV30AB2,MULT08B3,MULT10B3,MULT20B3,MULT30B3,TAV08B3,TAV10B3,TAV20B3,TAV30B3,TAV08AB3,TAV10AB3,TAV20AB3,TAV30AB3,MULT08B4,MULT10B4,MULT20B4,MULT30B4,TAV08B4,TAV10B4,TAV20B4,TAV30B4,TAV08AB4,TAV10AB4,TAV20AB4,TAV30AB4,IDX08B1,IDX08B2,IDX08B3,IDX08B4,IDX10B1,IDX10B2,IDX10B3,IDX10B4,IDX20B1,IDX20B2,IDX20B3,IDX20B4,IDX30B1,IDX30B2,IDX30B3,IDX30B4,IDX08AB1,IDX08AB2,IDX08AB3,IDX08AB4,IDX10AB1,IDX10AB2,IDX10AB3,IDX10AB4,IDX20AB1,IDX20AB2,IDX20AB3,IDX20AB4,IDX30AB1,IDX30AB2,IDX30AB3,IDX30AB4,IDX08_4,IDX10_4,IDX20_4,IDX30_4,IDX08_3,IDX10_3,IDX20_3,IDX30_3,IDX08A_4,IDX10A_4,IDX20A_4,IDX30A_4,IDX08A_3,IDX10A_3,IDX20A_3,IDX30A_3
O,1.00,1.00,1.00,1.00,905,2,,2009,29.6875,64.64,55.73,59.936666667,29.6875,64.64,55.722222222,60.232142857,1.22,1.23,1.34,1.26,56.7625,81.33,87.975,80.283333333,55.36,81.33,76.153846154,71.260869565,1.47,1.42,1.57,1.43,33.3375,54.19,72.325,59.32,33.3375,54.19,74.052941176,58.962962963,1.52,1.42,1.57,1.43,18.3375,42.36,55.945,57.376666667,18.3375,42.36,58.388888889,59.05,29.6875,69.152850328,49.163138443,27.930512646,64.64,99.80584455,77.195517161,60.34327564,55.73,118.09147893,113.89595203,88.101058228,59.936666667,101.11757419,84.729783815,81.954021623,29.6875,67.4442069,49.163138443,27.930512646,64.64,99.80584455,77.195517161,60.34327564,55.722222222,102.22358987,116.61707896,91.949645185,60.232142857,89.753700623,84.219809591,84.344129034,175.93400142,301.98463735,375.81848919,327.73804629,146.24650142,237.34463735,320.08848919,267.80137963,174.22535799,301.98463735,366.51253624,318.54978211,144.53785799,237.34463735,310.79031401,258.31763925
O,1.00,1.00,1.00,1.00,905,12,,2009,28.8625,58.1,65.9,58.343333333,28.8625,58.1,71.276470588,60.888888889,1.22,1.23,1.34,1.26,25.1875,103.47,78.235,65.033333333,25.1875,103.47,98.854545455,70.176190476,1.47,1.42,1.57,1.43,48.925,49.16,52.975,68.74,48.925,49.16,56.670588235,72.818518519,1.52,1.42,1.57,1.43,41.2,88.11,75.06,63.113333333,41.2,88.11,76.288235294,62.559259259,28.8625,30.68553037,72.150177678,62.753217234,58.1,126.97541787,70.030109312,125.51572277,65.9,105.01718504,83.423962099,118.2029749,58.343333333,81.910063211,98.184850631,90.147995435,28.8625,30.68553037,72.150177678,62.753217234,58.1,126.97541787,70.030109312,125.51572277,71.276470588,132.69541883,89.243699954,120.13717508,60.888888889,88.387537639,104.01040681,89.356583154,194.45142528,380.62124996,372.54412204,328.58624261,165.58892528,322.52124996,306.64412204,270.24290928,194.45142528,380.62124996,413.35276445,342.64341649,165.58892528,322.52124996,342.07629386,281.7545276
O,1.00,1.00,1.00,1.00,905,19,,2009,42.6125,60.48,55.24,57.333333333,42.6125,60.48,54.838888889,57.225,1.22,1.23,1.34,1.26,45.65,54.87,72.425,75.923333333,45.65,54.87,55.872727273,68.752380952,1.47,1.42,1.57,1.43,25.15,71.01,59.07,48.613333333,25.15,71.01,60.888235294,48.596296296,1.52,1.42,1.57,1.43,39.1,43.09,61.55,59.04,39.1,43.09,61.2,58.635714286,42.6125,55.614668443,37.088951837,59.554630919,60.48,67.334891067,101.15618516,61.383185725,55.24,97.218247928,93.022245233,96.927699239,57.333333333,95.626115313,69.436905325,84.329845523,42.6125,55.614668443,37.088951837,59.554630919,60.48,67.334891067,101.15618516,61.383185725,54.838888889,74.999636209,95.885565521,96.376526295,57.225,86.594236848,69.412570455,83.752383602,194.8707512,290.35426195,342.4081924,306.72619949,152.2582512,229.87426195,287.1681924,249.39286616,194.8707512,290.35426195,322.10061691,296.98419091,152.2582512,229.87426195,267.26172802,239.75919091
O,1.00,1.00,1.00,1.00,905,29,,2009,34.025,42.9,40.94,49.226666667,34.025,42.9,40.261111111,49.382142857,1.22,1.23,1.34,1.26,34.8125,75.67,83.97,68.046666667,34.8125,75.67,83.892307692,63.156521739,1.47,1.42,1.57,1.43,35.55,53.88,46.745,64.103333333,28.34,53.88,46.2,65.688888889,1.52,1.42,1.57,1.43,40.6,48.91,51.86,51.583333333,40.6,48.91,53.158823529,52.37037037,34.025,42.41151468,52.425933908,61.83933543,42.9,92.860054803,76.753911508,69.673975721,40.94,112.71544741,73.613083687,81.668082576,49.226666667,85.705383413,91.562062966,73.67910792,34.025,42.41151468,41.793276145,61.83933543,42.9,92.860054803,76.753911508,69.673975721,40.261111111,112.6111587,72.754828674,83.713443688,49.382142857,79.546202273,93.826792896,74.803273092,190.70178402,282.18794203,308.93661367,300.17322097,156.67678402,239.28794203,267.99661367,250.9465543,180.06912626,282.18794203,309.34054217,297.55841112,146.04412626,239.28794203,269.07943106,248.17626826
O,1.00,1.00,1.00,1.00,905,37,,2009,56.375,101.21,80.74,94.62,95.4,104.4375,104.4375,114.40555556,1.22,1.23,1.34,1.26,37.7625,92.95,100.8,85.346666667,37.7625,92.1,92.1,72.278947368,1.47,1.42,1.57,1.43,47.3375,56.55,55.94,74.63,47.3375,56.55,55.65,79.133333333,1.52,1.42,1.57,1.43,72.9,111.25,94.98,93.166666667,85.0125,111.25,107.41428571,99.966666667,56.375,46.005452729,69.809075848,111.03663923,101.21,114.06557544,80.557418259,158.47944794,80.74,135.30686077,88.093184329,149.57258934,94.62,107.49488767,106.59783827,133.07470542,95.4,46.005452729,69.809075848,129.48562816,104.4375,113.02247981,80.557418259,158.47944794,104.4375,123.62859005,87.636498175,169.15385182,114.40555556,91.035978694,113.03017913,142.7874925,283.22616781,454.31244165,453.71263444,441.78743136,226.85116781,353.10244165,372.97263444,347.16743136,340.70015673,456.49684601,484.85644005,461.25920588,245.30015673,352.05934601,380.41894005,346.85365033
O,1.00,1.00,1.00,1.00,905,58,,2009,43.225,53.46,48.665,56.7,45.96,53.46,50.96,59.684,1.22,1.23,1.34,1.26,49.8,63.83,65.56,67.05,43.3,63.83,61.963636364,65.804761905,1.47,1.42,1.57,1.43,33.45,88.84,63.68,63.696666667,30.916666667,88.84,65.838888889,65.085714286,1.52,1.42,1.57,1.43,37.9375,59.94,58.155,61.263333333,37.9375,59.94,57.888888889,61.314285714,43.225,60.670547392,49.329043298,57.783984923,53.46,78.330346214,126.55563286,85.386589751,48.665,88.003152699,100.2819803,91.581321678,56.7,84.450072859,90.981200209,87.505546007,45.96,52.751700845,45.593111767,57.783984923,53.46,78.330346214,126.55563286,85.386589751,50.96,83.175646014,103.681755,91.162255264,59.684,82.881684375,92.965247823,87.578323893,211.00857561,343.73256882,328.53145468,319.63681908,167.78357561,290.27256882,279.86645468,262.93681908,202.08879754,343.73256882,328.97965628,323.10925609,156.12879754,290.27256882,278.01965628,263.42525609
O,1.00,1.00,1.00,1.00,905,69,,2009,40.55,56.11,70.13,73.643333333,40.55,56.11,66.214285714,72.2375,1.22,1.23,1.34,1.26,42.275,62.57,70.05,61.986666667,52.5,,,56.5,1.47,1.42,1.57,1.43,44.7125,97.25,78.17,71.46,44.9125,97.25,97.25,77.645,1.52,1.42,1.57,1.43,40.675,51.85,60.935,74.823333333,40.675,51.85,63.844444444,77.685714286,40.55,51.502959659,65.937962584,61.953570655,56.11,76.784110334,138.53596686,73.86210675,70.13,94.030214255,123.1005402,95.959209637,73.643333333,78.072759378,102.06996547,106.87398614,40.55,63.959914419,66.232904547,61.953570655,56.11,,138.53596686,73.86210675,66.214285714,,153.14733958,100.5409441,72.2375,71.162253789,110.90431666,110.96247095,219.9444929,345.29218394,383.2199641,360.66004431,179.3944929,289.18218394,313.0899641,287.01671098,232.69638962,,,365.2665414,192.14638962,,,293.0290414
O,1.00,1.00,1.00,1.00,905,73,,2009,29.6875,59.43,52.245,69.123333333,29.6875,59.43,50.994444444,69.525,1.22,1.23,1.34,1.26,54.7875,65.1,78.535,81.833333333,54.7875,65.1,71.415384615,78.813043478,1.47,1.42,1.57,1.43,37,46.9,72.74,78.683333333,37,46.9,61.638461538,74.217391304,1.52,1.42,1.57,1.43,30.2625,39.63,43.265,44.373333333,30.2625,39.63,39.727272727,42.995238095,29.6875,66.746739262,54.564263139,46.093913508,59.43,79.888853808,66.81066165,56.454296827,52.245,105.41988403,114.54948566,68.132849839,69.123333333,103.06981301,112.38742116,63.380696906,29.6875,66.746739262,54.564263139,46.093913508,59.43,79.888853808,66.81066165,56.454296827,50.994444444,95.863010942,97.067006687,62.561708245,69.525,99.265731007,106.00848821,61.412293137,197.09241591,262.58381229,340.34721954,347.96126441,167.40491591,203.15381229,288.10221954,278.83793108,197.09241591,262.58381229,306.48617032,336.21151235,167.40491591,203.15381229,255.49172587,266.68651235
O,1.00,1.00,1.00,1.00,905,74,,2009,30.0125,39.36,46.375,52.236666667,30.0125,39.36,47.782352941,53.774074074,1.22,1.23,1.34,1.26,25.0875,43.5,43.155,47.093333333,45.05,50.471428571,50.471428571,53.117647059,1.47,1.42,1.57,1.43,43.8625,62.32,64.775,67.783333333,39.5,62.32,59.938461538,65.965217391,1.52,1.42,1.57,1.43,23.325,70.14,50.405,58.453333333,23.325,70.14,53.076470588,61.02962963,30.0125,30.563701962,64.684459242,35.527155145,39.36,53.381953005,88.776981536,99.916840259,46.375,57.928249767,102.00636423,79.376777907,52.236666667,59.314473247,96.818394801,83.491879579,30.0125,54.883697992,58.251037676,35.527155145,39.36,61.937090301,88.776981536,99.916840259,47.782352941,67.749311096,94.389880956,83.583755936,53.774074074,66.9021501,94.221487001,87.171735078,160.78781635,281.4357748,285.6863919,291.86141429,130.77531635,242.0757748,239.3113919,239.62474763,178.67439081,289.9909121,293.50530093,302.06944625,148.66189081,250.6309121,245.72294799,248.29537218
O,1.00,1.00,1.00,1.00,905,79,,2009,52.6875,72.51,84.105,82.596666667,52.6875,72.51,85.91875,83.480769231,1.22,1.23,1.34,1.26,80.3,113.3,101.555,97.816666667,84.7,118.8125,118.8125,102.99444444,1.47,1.42,1.57,1.43,86.0375,99.63,106.07,106.30333333,86.0375,99.63,99.528571429,102.54583333,1.52,1.42,1.57,1.43,42.8375,87.24,69.555,67.51,62.7625,87.24,87.366666667,76.481818182,52.6875,97.82821196,126.88034567,65.247352992,72.51,139.03851208,141.92635864,124.27637788,84.105,136.32031989,167.03689778,109.53381187,82.596666667,123.20096386,151.83847694,96.42797885,52.6875,103.18866193,126.88034567,95.595844579,72.51,145.80329406,141.92635864,124.27637788,85.91875,159.48557932,156.73558793,137.58326548,83.480769231,129.72242114,146.4714479,109.2428847,342.64341062,477.7512486,496.99602954,454.06408632,289.95591062,405.2412486,412.89102954,371.46741965,378.35235218,484.51603057,539.72318273,468.91752297,325.66485218,412.00603057,453.80443273,385.43675374
O,1.00,1.00,1.00,1.00,905,87,,2009,38.225,41.42,41.665,58.12,38.225,41.42,44.153846154,64.534782609,1.22,1.23,1.34,1.26,21.75,72.2,69.495,54.966666667,,,,,1.47,1.42,1.57,1.43,25.9125,40.55,59.98,50.61,25.9125,56.76,56.76,40.166666667,1.52,1.42,1.57,1.43,26.9375,61.38,55,58.573333333,26.9375,61.38,52.58125,57.634615385,38.225,26.497678831,38.21341807,41.029485176,41.42,88.601770276,57.764868442,87.437919235,41.665,93.285221122,94.455294888,86.612891278,58.12,69.231006784,72.288846239,83.663281704,38.225,,38.21341807,41.029485176,41.42,,80.856570475,87.437919235,44.153846154,,89.384503799,82.803892537,64.534782609,,57.372100189,82.322462943,143.96558208,275.22455795,316.01840729,283.30313473,105.74058208,233.80455795,274.35340729,225.18313473,,,,,,,,
O,1.00,1.00,1.00,1.00,905,95,,2009,33.3625,42.68,63.175,75.98,33.3625,42.68,63.761111111,77.271428571,1.22,1.23,1.34,1.26,33.2125,72.71,63.66,65.953333333,19.08,72.71,54.833333333,61.116,1.47,1.42,1.57,1.43,44.425,49.94,54.955,55.37,32.833333333,49.94,47.08,50.728,1.52,1.42,1.57,1.43,34.825,85.61,77.47,64.923333333,34.825,85.61,81.388888889,66.546428571,33.3625,40.462260146,65.513983513,53.043223063,42.68,89.227627656,71.141246116,121.95438686,63.175,85.452725759,86.542026185,121.99819431,75.98,83.068811414,79.087797199,92.733310821,33.3625,23.244860326,48.419638912,53.043223063,42.68,89.227627656,71.141246116,121.95438686,63.761111111,73.604426576,74.140634934,128.16958154,77.271428571,76.976146948,72.457391662,95.051660596,192.38196672,325.00326063,357.16794626,330.86991943,159.01946672,282.32326063,293.99294626,254.88991943,158.0702223,325.00326063,339.67575416,321.75662778,124.7077223,282.32326063,275.91464305,244.48519921
O,1.00,1.00,1.00,1.00,905,99,,2009,36.2,63.94,59.07,53.973333333,36.2,63.94,59.25,52.804166667,1.22,1.23,1.34,1.26,38.5,58.34,58.96,55.603333333,38.675,61.15,61.15,54.338888889,1.47,1.42,1.57,1.43,33.8875,51.84,67.33,63.736666667,33.8875,51.84,53.571428571,54.8125,1.52,1.42,1.57,1.43,36.2,67.25,75.675,73.433333333,36.2,67.25,77.2125,74.034615385,36.2,46.903937241,49.974228841,55.137535531,63.94,71.593175594,73.847861406,95.799935949,59.07,79.14377491,106.02992672,119.1714645,53.973333333,70.032894127,91.038334251,104.88857819,36.2,47.117136956,49.974228841,55.137535531,63.94,75.041527041,73.847861406,95.799935949,59.25,82.08347754,84.36320579,121.59268851,52.804166667,68.440315075,78.291491493,105.74742003,188.21570161,305.18097295,363.41516613,319.9331399,152.01570161,241.24097295,304.34516613,265.95980657,188.42890133,308.6293244,347.28937184,305.28339327,152.22890133,244.6893244,288.03937184,252.4792266
Y,1.00,1.00,1.00,1.00,905,13,,2009,23.825,110.32,71.605,71.573333333,19.7,110.32,71.877777778,71.746428571,1.22,1.23,1.34,1.26,11.9,33.16,29.38,40.366666667,12.1,33.16,25.3875,39.6,1.47,1.42,1.57,1.43,9.2375,21.14,16.835,20.18,9.2375,21.14,15.888888889,19.810714286,1.52,1.42,1.57,1.43,12.7,72.11,44.9,38.123333333,11.114285714,72.11,44.705263158,37.762068966,23.825,14.497580602,13.622631912,19.343831526,110.32,40.693001417,30.114656445,102.72317296,71.605,39.437654458,26.51141863,70.70761488,71.573333333,50.842176601,28.824124029,54.453502894,19.7,14.741237419,13.622631912,16.928572472,110.32,40.693001417,30.114656445,102.72317296,71.877777778,34.078402061,25.021501925,70.400947226,71.746428571,49.876553098,28.296654394,53.937490557,71.28904404,283.85083082,208.26168797,205.69313686,47.46404404,173.53083082,136.65668797,134.11980352,64.992441802,283.85083082,201.37862899,203.85712662,45.292441802,173.53083082,129.50085121,132.11069805
Y,1.00,1.00,1.00,1.00,905,32,,2009,34.05,60.43,63.66,57.273333333,34.05,60.43,63.663157895,57.055172414,1.22,1.23,1.34,1.26,11.3375,20.14,28.355,32.756666667,11.3375,20.14,17.913333333,27.372,1.47,1.42,1.57,1.43,13.675,28.2,22.56,24.646666667,12.6,28.2,23.1,25.3,1.52,1.42,1.57,1.43,11.7,12.35,15.915,39.873333333,11.7,12.35,15.022222222,41.010714286,34.05,13.812295804,20.166656714,17.820695185,60.43,24.715230656,40.171869052,17.59299939,63.66,38.061766241,35.527033222,25.062621176,57.273333333,41.257313745,35.204092017,56.953117217,34.05,13.812295804,18.581343664,17.820695185,60.43,24.715230656,40.171869052,17.59299939,63.663157895,24.045604159,36.377414337,23.656692729,57.055172414,34.475278066,36.137281364,58.577696486,85.849647704,142.9100991,162.31142064,190.68785631,51.799647704,82.480099098,98.65142064,133.41452298,84.264334653,142.9100991,147.74286912,186.24542833,50.214334653,82.480099098,84.079711225,129.19025592
Y,1.00,1.00,1.00,1.00,905,44,,2009,58.6875,69.15,83.295,80.696666667,58.6875,69.15,84.615789474,81.472413793,1.22,1.23,1.34,1.26,50.2375,81.81,68.76,65.79,52.971428571,81.81,69.935294118,66.2,1.47,1.42,1.57,1.43,40.525,59.09,62.365,55.293333333,40.525,59.09,62.668421053,55.248275862,1.52,1.42,1.57,1.43,21.55,28.18,47.85,57.126666667,21.55,28.18,47.322222222,57.45,58.6875,61.203546679,59.762615236,32.823588141,69.15,100.39488679,84.175735542,40.143378365,83.295,92.298608596,98.21114481,75.353215412,80.696666667,82.863091624,78.978290286,81.596933863,58.6875,64.534248345,59.762615236,32.823588141,69.15,100.39488679,84.175735542,40.143378365,84.615789474,93.876241111,98.688966167,74.522081607,81.472413793,83.37949028,78.9139324,82.058767366,212.47725006,293.8640007,349.15796882,324.13498244,153.78975006,224.7140007,265.86296882,243.43831577,215.80795172,293.8640007,351.70307836,325.82460384,157.12045172,224.7140007,267.08728889,244.35219005
Y,1.00,1.00,1.00,1.00,905,62,,2009,21.65,41.8,36.38,35.136666667,21.65,41.8,35.316666667,34.364285714,1.22,1.23,1.34,1.26,24.9375,44.52,43.065,38.076666667,16.5,44.52,36.825,33.469230769,1.47,1.42,1.57,1.43,17.75,21.77,26.24,26.446666667,17.75,21.77,25.244444444,25.821428571,1.52,1.42,1.57,1.43,13.175,34.73,25.815,30.006666667,11.5,34.73,25.683333333,30.221428571,21.65,30.380959349,26.176099209,20.067321288,41.8,54.633667765,31.012113094,49.474078446,36.38,57.80744007,41.322223039,40.652941606,35.136666667,47.957901182,37.775123892,42.860053602,21.65,20.101687389,26.176099209,17.516067917,41.8,54.633667765,31.012113094,49.474078446,35.316666667,49.43130107,39.754442219,40.445595594,34.364285714,42.154794586,36.882064408,43.166808993,98.274379846,176.91985931,176.16260471,163.72974534,76.624379846,135.11985931,139.78260471,128.59307868,85.443854515,176.91985931,164.94800555,156.5679537,63.793854515,135.11985931,129.63133888,122.20366799
Y,1.00,1.00,1.00,1.00,905,77,,2009,39.95,89.52,80.635,69.803333333,39.95,89.52,84.672222222,71.625,1.22,1.23,1.34,1.26,49.025,78.9,75.215,70.096666667,49.025,78.9,69.71875,65.926923077,1.47,1.42,1.57,1.43,27.825,62.71,52.07,53.02,29.375,62.71,51.35,52.723076923,1.52,1.42,1.57,1.43,31.1375,59.08,46.945,43.296666667,31.1375,59.08,49.111111111,44.428571429,39.95,59.726377227,41.033800591,47.426657806,89.52,96.82381821,89.332549938,84.161490198,80.635,100.96334854,81.998786343,73.928039655,69.803333333,88.287376692,75.73117225,61.842838951,39.95,59.726377227,43.319600803,47.426657806,89.52,96.82381821,89.332549938,84.161490198,84.672222222,93.585567453,80.864944857,77.339187767,71.625,83.035547461,75.307061864,63.459596297,188.13683562,359.83785835,337.52517454,295.66472123,148.18683562,270.31785835,256.89017454,225.86138789,190.42263584,359.83785835,336.4619223,293.42720562,150.47263584,270.31785835,251.78970008,221.80220562
Y,1.00,1.00,1.00,1.00,905,82,,2009,18.7625,37.07,49.11,41.226666667,18.7625,37.07,48.966666667,40.571428571,1.22,1.23,1.34,1.26,34.4,67.16,58.24,60.153333333,31.133333333,67.16,53.65,57.623076923,1.47,1.42,1.57,1.43,22.7875,33.36,36.625,43.933333333,22.7875,33.36,31.71875,42.038461538,1.52,1.42,1.57,1.43,17.0875,45.2,34.115,39,16.516666667,45.2,34.477777778,39.582142857,18.7625,41.908972496,33.6049499,26.026592221,37.07,82.416826755,47.522466368,64.388953232,49.11,78.177297333,57.676311692,53.72361429,41.226666667,75.763659698,62.752222448,55.70569064,18.7625,37.929244487,33.6049499,25.157135226,37.07,82.416826755,47.522466368,64.388953232,48.966666667,72.01600278,49.950048095,54.294909421,40.571428571,72.576779188,60.045680345,56.537194997,120.30301462,231.39824636,238.68722332,235.44823945,101.54051462,194.32824636,189.57722332,194.22157279,115.45382961,231.39824636,225.22762696,229.7310831,96.691329613,194.32824636,176.2609603,189.15965453
