subject_id,age,sex,strain,genotype,watermaze_date,watermaze_protocol_id,pi_name,subsequent_measures,index_calc_type,calculated_index_value,tracking_system,light_on,light_off,source_id,housing,pool_diam,probe_weight_p2,probe_weight_p3,probe_weight_p4,date_1,latency_1,speed_1,path_length_1,search_error_raw_1,search_error_mean_1,block_1,trial_num_1,date_2,latency_2,speed_2,path_length_2,search_error_raw_2,search_error_mean_2,block_2,trial_num_2,date_3,latency_3,speed_3,path_length_3,search_error_raw_3,search_error_mean_3,block_3,trial_num_3,date_4,latency_4,speed_4,path_length_4,search_error_raw_4,search_error_mean_4,block_4,trial_num_4,date_5,latency_5,speed_5,path_length_5,search_error_raw_5,search_error_mean_5,block_5,trial_num_5,date_6,latency_6,speed_6,path_length_6,search_error_raw_6,search_error_mean_6,block_6,trial_num_6,date_7,latency_7,speed_7,path_length_7,search_error_raw_7,search_error_mean_7,block_7,trial_num_7,date_8,latency_8,speed_8,path_length_8,search_error_raw_8,search_error_mean_8,block_8,trial_num_8,date_9,latency_9,speed_9,path_length_9,search_error_raw_9,search_error_mean_9,block_9,trial_num_9,date_10,latency_10,speed_10,path_length_10,search_error_raw_10,search_error_mean_10,block_10,trial_num_10,date_10,latency_10,speed_10,path_length_10,search_error_raw_10,search_error_mean_10,block_10,trial_num_10,date_12,latency_12,speed_12,path_length_12,search_error_raw_12,search_error_mean_12,block_12,trial_num_12,date_11,latency_11,speed_11,path_length_11,search_error_raw_11,search_error_mean_11,block_11,trial_num_11,date_12,latency_12,speed_12,path_length_12,search_error_raw_12,search_error_mean_12,block_12,trial_num_12,date_13,latency_13,speed_13,path_length_13,search_error_raw_13,search_error_mean_13,block_13,trial_num_13,date_14,latency_14,speed_14,path_length_14,search_error_raw_14,search_error_mean_14,block_14,trial_num_14,date_15,latency_15,speed_15,path_length_15,search_error_raw_15,search_error_mean_15,block_15,trial_num_15,date_18,latency_18,speed_18,path_length_18,search_error_raw_18,search_error_mean_18,block_18,trial_num_18,date_16,latency_16,speed_16,path_length_16,search_error_raw_16,search_error_mean_16,block_16,trial_num_16,date_17,latency_17,speed_17,path_length_17,search_error_raw_17,search_error_mean_17,block_17,trial_num_17,date_18,latency_18,speed_18,path_length_18,search_error_raw_18,search_error_mean_18,block_18,trial_num_18,date_19,latency_19,speed_19,path_length_19,search_error_raw_19,search_error_mean_19,block_19,trial_num_19,date_20,latency_20,speed_20,path_length_20,search_error_raw_20,search_error_mean_20,block_20,trial_num_20,date_24,latency_24,speed_24,path_length_24,search_error_raw_24,search_error_mean_24,block_24,trial_num_24,date_25,latency_25,speed_25,path_length_25,search_error_raw_25,search_error_mean_25,block_25,trial_num_25,date_26,latency_26,speed_26,path_length_26,search_error_raw_26,search_error_mean_26,block_26,trial_num_26,date_27,latency_27,speed_27,path_length_27,search_error_raw_27,search_error_mean_27,block_27,trial_num_27,date_28,latency_28,speed_28,path_length_28,search_error_raw_28,search_error_mean_28,block_28,trial_num_28,date_29,latency_29,speed_29,path_length_29,search_error_raw_29,search_error_mean_29,block_29,trial_num_29,date_30,latency_30,speed_30,path_length_30,search_error_raw_30,search_error_mean_30,block_30,trial_num_30,avg_latency_t_b1,avg_speed_t_b1,avg_path_length_t_b1,avg_search_error_t_b1,avg_time_target_t_b1,avg_time_opposite_t_b1,annulus_crossing_target_t_b1,annulus_crossing_opp_t_b1,avg_latency_t_b2,avg_speed_t_b2,avg_path_length_t_b2,avg_search_error_t_b2,avg_time_target_t_b2,avg_time_opposite_t_b2,annulus_crossing_target_t_b2,annulus_crossing_opp_t_b2,avg_latency_t_b3,avg_speed_t_b3,avg_path_length_t_b3,avg_search_error_t_b3,avg_time_target_t_b3,avg_time_opposite_t_b3,annulus_crossing_target_t_b3,annulus_crossing_opp_t_b3,avg_latency_t_b4,avg_speed_t_b4,avg_path_length_t_b4,avg_search_error_t_b4,avg_time_target_t_b4,avg_time_opposite_t_b4,annulus_crossing_target_t_b4,annulus_crossing_opp_t_b4,avg_latency_cue_b5,avg_speed_cue_b5,avg_path_length_cue_b5,avg_search_error_cue_b5,avg_time_target_cue_b5,avg_time_opposite_cue_b5,annulus_crossing_target_cue_b5,annulus_crossing_opp_cue_b5,trial_1,trial_2,trial_3,trial_4,trial_5,trial_6,trial_7,trial_8,trial_9,trial_10,trial_11,trial_12,trial_13,trial_14,trial_15,trial_16,trial_17,trial_18,trial_19,trial_20,trial_21,trial_22,trial_23,trial_24,trial_25,trial_26,trial_27,trial_28,trial_29,trial_30,protocol_time__1,protocol_time__2,protocol_time__3,protocol_time__4,protocol_time__5,protocol_time__6,protocol_time__7,protocol_time__8,protocol_time__9,protocol_time__10,protocol_time__11,protocol_time__12,protocol_time__13,protocol_time__14,protocol_time__15,protocol_time__16,protocol_time__17,protocol_time__18,protocol_time__19,protocol_time__20,protocol_time__21,protocol_time__22,protocol_time__23,protocol_time__24,protocol_time__25,protocol_time__26,protocol_time__27,protocol_time__28,protocol_time__29,protocol_time__30
MG.2005-21,24.0,male,Long Evans,Wild Type,06/10/2020,Gallagher_WM_1,Gallagher,No,Gall_SearchError,220.51106729873,HVS,7:00,19:00,CharlesRiver,Single,1.83,1.26,1.43,1.43,06/6/2020,90.1,23.0965593784684,2081.0,7427.0,83.0,1.0,1,06/6/2020,10.9,13.6697247706422,149.0,199.5,33.0,1.0,2,06/6/2020,90.1,23.6293007769145,2129.0,8090.7,90.0,1.0,3,06/7/2020,90.1,26.5926748057714,2396.0,7216.6,81.0,1.0,4,06/7/2020,85.9,24.3655413271246,2093.0,6905.5,85.0,1.0,5,06/7/2020,30.8,25.9090909090909,798.0,2141.7,73.0,1.0,6,06/8/2020,45.3,27.6600441501104,1253.0,3140.6,76.0,2.0,7,06/8/2020,12.6,28.8888888888889,364.0,777.0,70.0,2.0,8,06/8/2020,90.1,25.3940066592675,2288.0,6401.5,74.0,2.0,9,06/9/2020,90.1,26.0821309655938,2350.0,5727.4,66.0,2.0,10,06/9/2020,3.7,17.5675675675676,65.0,87.4,43.0,2.0,11,06/9/2020,30.6,23.3660130718954,715.0,1046.1,36.0,2.0,12,06/10/2020,4.5,18.6666666666667,84.0,149.5,49.0,3.0,13,06/10/2020,61.4,24.3485342019544,1495.0,4226.3,74.0,3.0,14,06/10/2020,11.3,22.3008849557522,252.0,241.1,34.0,3.0,15,06/11/2020,13.1,23.5114503816794,308.0,606.4,50.0,3.0,16,06/11/2020,15.5,24.7741935483871,384.0,761.5,54.0,3.0,17,06/11/2020,30.9,22.588996763754,698.0,1565.8,60.0,3.0,18,06/12/2020,7.1,21.9718309859155,156.0,89.6,29.0,4.0,19,06/12/2020,51.4,23.5603112840467,1211.0,2642.2,56.0,4.0,20,06/12/2020,90.1,18.5571587125416,1672.0,5372.8,60.0,4.0,21,06/13/2020,31.5,24.8888888888889,784.0,1764.2,65.0,4.0,22,06/13/2020,8.9,23.1460674157303,206.0,377.7,53.0,4.0,23,06/13/2020,30.8,23.6688311688312,729.0,1615.9,55.0,4.0,24,06/15/2005,5.7,29.1228070175439,166.0,49.6,49.0,5.0,25,06/15/2005,8.0,25.5,204.0,181.3,60.0,5.0,26,06/15/2005,5.5,22.7272727272727,125.0,34.2,34.0,5.0,27,06/15/2005,5.7,25.2631578947368,144.0,51.0,51.0,5.0,28,06/15/2005,7.7,21.4285714285714,165.0,179.9,59.0,5.0,29,06/15/2005,5.5,22.0,121.0,27.7,27.0,5.0,30,73.42,22.2707602117842,1769.0,73.37,35.0,16.0,0.0,0.0,48.36,25.1185276462856,1264.0,36.73,63.0,15.0,4.0,0.0,21.16,22.720345950888,504.0,66.17,46.0,41.0,1.0,0.0,37.8,22.4248514574246,805.0,55.8233333333333,64.0,18.0,3.0,1.0,6.35,24.3403015113541,154.0,0.0,11.0,4.0,0.0,0.0,spatial,spatial,spatial,spatial,spatial,probe,spatial,spatial,spatial,spatial,spatial,probe,spatial,spatial,spatial,spatial,spatial,probe,spatial,spatial,spatial,spatial,spatial,probe,visible,visible,visible,visible,visible,visible,0,60,120,86520,86580,86640,173040,173100,173160,259560,259620,259680,346080,346140,346200,432600,432660,432720,519120,519180,519240,605640,605700,605760,692160,692220,692280,692340,692400,692460
MG.2005-22,24.0,male,Long Evans,Wild Type,06/10/2020,Gallagher_WM_1,Gallagher,No,Gall_SearchError,234.171702311563,HVS,7:00,19:00,CharlesRiver,Single,1.83,1.26,1.43,1.43,06/6/2020,4.1,20.9756097560976,86.0,140.4,46.0,1.0,1,06/6/2020,90.1,25.1831298557159,2269.0,7426.9,86.0,1.0,2,06/6/2020,90.1,22.2308546059933,2003.0,7117.8,79.0,1.0,3,06/7/2020,76.1,24.19185282523,1841.0,5963.4,79.0,1.0,4,06/7/2020,90.1,21.9977802441731,1982.0,6806.5,79.0,1.0,5,06/7/2020,30.8,18.474025974026,569.0,1688.6,60.0,1.0,6,06/8/2020,90.1,24.2730299667037,2187.0,7110.7,82.0,2.0,7,06/8/2020,45.2,20.4203539823009,923.0,2441.1,56.0,2.0,8,06/8/2020,8.5,19.0588235294118,162.0,157.9,39.0,2.0,9,06/9/2020,8.2,20.7317073170732,170.0,230.9,57.0,2.0,10,06/9/2020,43.3,20.3926096997691,883.0,2498.8,60.0,2.0,11,06/9/2020,30.8,19.0584415584416,587.0,1600.5,57.0,2.0,12,06/10/2020,15.1,21.8543046357616,330.0,807.0,62.0,3.0,13,06/10/2020,9.7,22.2680412371134,216.0,212.4,53.0,3.0,14,06/10/2020,34.3,17.5801749271137,603.0,1469.1,50.0,3.0,15,06/11/2020,61.5,21.0731707317073,1296.0,3449.4,58.0,3.0,16,06/11/2020,11.7,20.3418803418803,238.0,313.8,34.0,3.0,17,06/11/2020,30.7,20.7817589576547,638.0,1072.5,42.0,3.0,18,06/12/2020,67.4,20.593471810089,1388.0,3942.6,63.0,4.0,19,06/12/2020,90.1,17.2031076581576,1550.0,6021.9,70.0,4.0,20,06/12/2020,16.6,14.2168674698795,236.0,694.4,49.0,4.0,21,06/13/2020,35.9,21.3649025069638,767.0,2162.5,72.0,4.0,22,06/13/2020,90.1,17.4583795782464,1573.0,4895.7,55.0,4.0,23,06/13/2020,30.8,14.9025974025974,459.0,1636.5,60.0,4.0,24,06/15/2005,6.6,25.6060606060606,169.0,117.6,58.0,5.0,25,06/15/2005,10.7,25.1401869158879,269.0,452.2,75.0,5.0,26,06/15/2005,5.4,22.2222222222222,120.0,0.0,0.0,5.0,27,06/15/2005,6.0,21.6666666666667,130.0,37.4,37.0,5.0,28,06/15/2005,9.0,20.2222222222222,182.0,286.0,71.0,5.0,29,06/15/2005,9.8,15.1020408163265,148.0,316.5,63.0,5.0,30,70.1,22.915845457442,1636.0,59.9333333333333,38.0,13.0,0.0,0.0,39.06,20.9753048990517,865.0,57.3666666666667,32.0,7.0,2.0,0.0,26.46,20.6235143747153,536.0,53.95,49.0,22.0,1.0,1.0,60.02,18.1673458046673,1102.0,59.41,46.0,14.0,1.0,0.0,7.91666666666667,21.659899908231,169.0,0.0,0.0,4.0,0.0,0.0,spatial,spatial,spatial,spatial,spatial,probe,spatial,spatial,spatial,spatial,spatial,probe,spatial,spatial,spatial,spatial,spatial,probe,spatial,spatial,spatial,spatial,spatial,probe,visible,visible,visible,visible,visible,visible,0,60,120,86520,86580,86640,173040,173100,173160,259560,259620,259680,346080,346140,346200,432600,432660,432720,519120,519180,519240,605640,605700,605760,692160,692220,692280,692340,692400,692460
MG.2005-24,24.0,male,Long Evans,Wild Type,06/10/2020,Gallagher_WM_1,Gallagher,No,Gall_SearchError,204.234875932585,HVS,7:00,19:00,CharlesRiver,Single,1.83,1.26,1.43,1.43,06/6/2020,50.9,27.2691552062868,1388.0,3820.5,77.0,1.0,1,06/6/2020,90.1,22.1642619311876,1997.0,6551.1,76.0,1.0,2,06/6/2020,15.9,22.1383647798742,352.0,912.7,65.0,1.0,3,06/7/2020,87.4,23.2036613272311,2028.0,5361.3,62.0,1.0,4,06/7/2020,22.4,25.4910714285714,571.0,1256.3,69.0,1.0,5,06/7/2020,30.9,26.4077669902913,816.0,1843.6,63.0,1.0,6,06/8/2020,65.7,22.572298325723,1483.0,4153.8,68.0,2.0,7,06/8/2020,4.4,18.8636363636364,83.0,46.3,23.0,2.0,8,06/8/2020,25.2,27.4603174603175,692.0,1405.9,66.0,2.0,9,06/9/2020,88.1,21.6799091940976,1910.0,6226.9,74.0,2.0,10,06/9/2020,8.5,19.4117647058824,165.0,319.3,53.0,2.0,11,06/9/2020,30.6,23.1045751633987,707.0,1649.5,56.0,2.0,12,06/10/2020,9.3,12.5806451612903,117.0,387.7,55.0,3.0,13,06/10/2020,38.4,21.71875,834.0,2642.0,80.0,3.0,14,06/10/2020,38.2,22.9842931937173,878.0,1754.6,53.0,3.0,15,06/11/2020,13.3,9.09774436090225,121.0,418.7,38.0,3.0,16,06/11/2020,22.0,23.1363636363636,509.0,1406.6,74.0,3.0,17,06/11/2020,30.7,23.2899022801303,715.0,893.2,34.0,3.0,18,06/12/2020,18.4,18.0978260869565,333.0,890.4,68.0,4.0,19,06/12/2020,11.1,19.4594594594595,216.0,261.6,43.0,4.0,20,06/12/2020,4.5,18.0,81.0,45.1,22.0,4.0,21,06/13/2020,8.7,19.6551724137931,171.0,149.0,49.0,4.0,22,06/13/2020,3.0,23.6666666666667,71.0,0.0,0.0,4.0,23,06/13/2020,30.8,23.9935064935065,739.0,1413.6,48.0,4.0,24,06/15/2005,13.4,18.3582089552239,246.0,503.0,55.0,5.0,25,06/15/2005,5.8,24.1379310344828,140.0,52.3,52.0,5.0,26,06/15/2005,6.9,22.1739130434783,153.0,85.2,42.0,5.0,27,06/15/2005,7.0,21.5714285714286,151.0,105.3,52.0,5.0,28,06/15/2005,5.8,24.8275862068966,144.0,30.8,30.0,5.0,29,06/15/2005,5.9,23.0508474576271,136.0,40.6,40.0,5.0,30,53.34,24.0533029346302,1267.0,63.7866666666667,36.0,3.0,0.0,0.0,38.38,21.9975852099314,866.0,56.6533333333333,61.0,20.0,2.0,0.0,24.24,17.9035592704547,491.0,43.6533333333333,52.0,2.0,5.0,0.0,9.14,19.7758249253752,174.0,49.3766666666667,38.0,9.0,5.0,0.0,7.46666666666667,22.3533192115229,161.0,0.0,67.0,8.0,1.0,0.0,spatial,spatial,spatial,spatial,spatial,probe,spatial,spatial,spatial,spatial,spatial,probe,spatial,spatial,spatial,spatial,spatial,probe,spatial,spatial,spatial,spatial,spatial,probe,visible,visible,visible,visible,visible,visible,0,60,120,86520,86580,86640,173040,173100,173160,259560,259620,259680,346080,346140,346200,432600,432660,432720,519120,519180,519240,605640,605700,605760,692160,692220,692280,692340,692400,692460
nan,nan,nan,nan,nan,nan,nan,nan,nan,nan,nan,nan,nan,nan,nan,nan,nan,nan,nan,nan,06/6/2020,6.6,17.2727272727273,114.0,206.9,51.0,1.0,1,06/6/2020,90.1,23.6403995560488,2130.0,6797.9,79.0,1.0,2,06/6/2020,90.1,19.6559378468368,1771.0,7394.1,84.0,1.0,3,06/7/2020,90.1,24.5172031076582,2209.0,6716.7,76.0,1.0,4,06/7/2020,70.7,21.2588401697313,1503.0,5028.3,76.0,1.0,5,06/7/2020,30.9,22.8802588996764,707.0,1820.9,62.0,1.0,6,06/8/2020,90.1,25.2497225305216,2275.0,6767.2,78.0,2.0,7,06/8/2020,86.9,24.0506329113924,2090.0,6801.8,80.0,2.0,8,06/8/2020,81.0,22.1358024691358,1793.0,4704.3,61.0,2.0,9,06/9/2020,23.9,25.6066945606695,612.0,1298.0,68.0,2.0,10,06/9/2020,90.1,21.9089900110988,1974.0,4386.3,49.0,2.0,11,06/9/2020,30.8,17.5,539.0,1308.0,46.0,2.0,12,06/10/2020,35.6,20.4494382022472,728.0,2317.7,70.0,3.0,13,06/10/2020,16.5,20.6666666666667,341.0,799.6,72.0,3.0,14,06/10/2020,59.8,21.9397993311037,1312.0,2823.1,52.0,3.0,15,06/11/2020,34.9,20.7736389684814,725.0,2411.5,75.0,3.0,16,06/11/2020,77.3,20.595084087969,1592.0,4071.1,54.0,3.0,17,06/11/2020,30.8,17.7272727272727,546.0,1241.7,49.0,3.0,18,06/12/2020,38.4,21.71875,834.0,1757.0,51.0,4.0,19,06/12/2020,44.5,20.7865168539326,925.0,2455.5,61.0,4.0,20,06/12/2020,14.3,22.3076923076923,319.0,614.5,47.0,4.0,21,06/13/2020,11.5,24.4347826086957,281.0,525.0,75.0,4.0,22,06/13/2020,20.2,21.980198019802,444.0,1001.6,52.0,4.0,23,06/13/2020,30.7,20.814332247557,639.0,885.2,31.0,4.0,24,06/15/2005,8.5,27.5294117647059,234.0,293.0,73.0,5.0,25,06/15/2005,10.5,25.7142857142857,270.0,381.0,63.0,5.0,26,06/15/2005,7.4,20.4054054054054,151.0,110.0,36.0,5.0,27,06/15/2005,6.8,23.8235294117647,162.0,79.2,39.0,5.0,28,06/15/2005,14.5,20.4827586206897,297.0,558.4,55.0,5.0,29,06/15/2005,7.4,22.027027027027,163.0,129.4,43.0,5.0,30,69.52,21.2690215906005,1545.0,62.8633333333333,44.0,19.0,0.0,1.0,74.4,23.7903684965636,1748.0,47.6,62.0,7.0,2.0,0.0,44.82,20.8849254512936,939.0,59.4666666666667,53.0,19.0,1.0,0.0,25.78,22.2455879580245,560.0,33.0233333333333,71.0,4.0,5.0,0.0,9.18333333333333,23.3304029906464,212.0,0.0,0.0,15.0,0.0,0.0,spatial,spatial,spatial,spatial,spatial,probe,spatial,spatial,spatial,spatial,spatial,probe,spatial,spatial,spatial,spatial,spatial,probe,spatial,spatial,spatial,spatial,spatial,probe,visible,visible,visible,visible,visible,visible,0,60,120,86520,86580,86640,173040,173100,173160,259560,259620,259680,346080,346140,346200,432600,432660,432720,519120,519180,519240,605640,605700,605760,692160,692220,692280,692340,692400,692460
MG.2005-28,24.0,male,Long Evans,Wild Type,06/10/2020,Gallagher_WM_1,Gallagher,No,Gall_SearchError,192.06081231141,HVS,7:00,19:00,CharlesRiver,Single,1.83,1.26,1.43,1.43,06/6/2020,90.1,21.2985571587125,1919.0,6654.7,75.0,1.0,1,06/6/2020,90.1,25.8601553829079,2330.0,7855.4,91.0,1.0,2,06/6/2020,13.0,26.3076923076923,342.0,800.0,80.0,1.0,3,06/7/2020,90.1,4.50610432852386,406.0,6489.9,73.0,1.0,4,06/7/2020,90.1,29.3340732519423,2643.0,7195.8,83.0,1.0,5,06/7/2020,30.8,31.9805194805195,985.0,2105.3,72.0,1.0,6,06/8/2020,90.1,22.8079911209767,2055.0,7876.6,90.0,2.0,7,06/8/2020,2.6,23.4615384615385,61.0,18.5,18.0,2.0,8,06/8/2020,21.5,29.2093023255814,628.0,1073.8,59.0,2.0,9,06/9/2020,36.6,31.8579234972678,1166.0,2056.7,62.0,2.0,10,06/9/2020,19.6,31.9387755102041,626.0,1210.6,67.0,2.0,11,06/9/2020,30.8,28.1493506493506,867.0,1767.5,60.0,2.0,12,06/10/2020,44.1,26.984126984127,1190.0,2373.0,55.0,3.0,13,06/10/2020,3.9,32.5641025641026,127.0,0.0,0.0,3.0,14,06/10/2020,52.5,26.9142857142857,1413.0,3114.8,63.0,3.0,15,06/11/2020,10.0,24.7,247.0,410.6,51.0,3.0,16,06/11/2020,38.2,28.586387434555,1092.0,2106.4,56.0,3.0,17,06/11/2020,30.7,22.9315960912052,704.0,1244.3,47.0,3.0,18,06/12/2020,27.6,28.0072463768116,773.0,1225.7,51.0,4.0,19,06/12/2020,26.3,28.5171102661597,750.0,1711.4,74.0,4.0,20,06/12/2020,8.1,21.2345679012346,172.0,248.0,35.0,4.0,21,06/13/2020,3.8,32.3684210526316,123.0,0.0,0.0,4.0,22,06/13/2020,2.5,25.2,63.0,11.6,11.0,4.0,23,06/13/2020,30.8,25.7142857142857,792.0,1550.1,53.0,4.0,24,06/15/2005,7.6,28.8157894736842,219.0,187.0,46.0,5.0,25,06/15/2005,4.7,26.1702127659574,123.0,29.9,29.0,5.0,26,06/15/2005,5.8,27.9310344827586,162.0,89.0,44.0,5.0,27,06/15/2005,6.0,24.8333333333333,149.0,100.0,50.0,5.0,28,06/15/2005,17.2,22.3837209302326,385.0,779.4,55.0,5.0,29,06/15/2005,4.7,25.1063829787234,118.0,27.4,27.0,5.0,30,74.68,21.4613164859558,1528.0,72.34,26.0,15.0,0.0,0.0,34.08,27.8551061831137,907.0,60.3466666666667,33.0,27.0,4.0,5.0,29.74,27.949780539414,813.0,51.25,25.0,18.0,1.0,1.0,13.66,27.0654691193675,376.0,53.9966666666667,37.0,17.0,2.0,1.0,7.66666666666667,25.8734123274483,192.0,0.0,73.0,1.0,1.0,0.0,spatial,spatial,spatial,spatial,spatial,probe,spatial,spatial,spatial,spatial,spatial,probe,spatial,spatial,spatial,spatial,spatial,probe,spatial,spatial,spatial,spatial,spatial,probe,visible,visible,visible,visible,visible,visible,0,60,120,86520,86580,86640,173040,173100,173160,259560,259620,259680,346080,346140,346200,432600,432660,432720,519120,519180,519240,605640,605700,605760,692160,692220,692280,692340,692400,692460
MG.2005-30,24.0,male,Long Evans,Wild Type,06/10/2020,Gallagher_WM_1,Gallagher,No,Gall_SearchError,226.336350761825,HVS,7:00,19:00,CharlesRiver,Single,1.83,1.26,1.43,1.43,06/6/2020,34.1,20.3519061583578,694.0,2598.0,81.0,1.0,1,06/6/2020,39.4,21.7766497461929,858.0,2668.2,78.0,1.0,2,06/6/2020,90.1,21.4095449500555,1929.0,6744.8,76.0,1.0,3,06/7/2020,10.3,10.4854368932039,108.0,230.8,28.0,1.0,4,06/7/2020,72.1,24.1886269070735,1744.0,5201.1,77.0,1.0,5,06/7/2020,30.9,23.462783171521,725.0,2063.3,71.0,1.0,6,06/8/2020,11.1,23.963963963964,266.0,410.8,58.0,2.0,7,06/8/2020,18.9,22.7513227513228,430.0,1205.7,70.0,2.0,8,06/8/2020,60.5,24.2148760330579,1465.0,4388.2,78.0,2.0,9,06/9/2020,81.3,23.5670356703567,1916.0,5215.8,67.0,2.0,10,06/9/2020,16.3,23.3128834355828,380.0,1016.5,67.0,2.0,11,06/9/2020,30.8,22.3701298701299,689.0,2228.0,76.0,2.0,12,06/10/2020,19.3,20.880829015544,403.0,1029.4,60.0,3.0,13,06/10/2020,18.8,23.4042553191489,440.0,785.5,56.0,3.0,14,06/10/2020,18.1,22.0994475138122,400.0,604.6,43.0,3.0,15,06/11/2020,11.4,24.6491228070175,281.0,506.5,56.0,3.0,16,06/11/2020,4.3,18.6046511627907,80.0,78.4,39.0,3.0,17,06/11/2020,30.7,23.4527687296417,720.0,1210.6,46.0,3.0,18,06/12/2020,15.4,20.8441558441558,321.0,578.9,52.0,4.0,19,06/12/2020,11.0,19.4545454545455,214.0,339.1,56.0,4.0,20,06/12/2020,22.7,21.8502202643172,496.0,973.1,48.0,4.0,21,06/13/2020,90.1,22.6748057713652,2043.0,5754.6,66.0,4.0,22,06/13/2020,88.8,23.231981981982,2063.0,6457.9,75.0,4.0,23,06/13/2020,30.9,24.4660194174757,756.0,2388.8,82.0,4.0,24,06/15/2005,5.6,20.5357142857143,115.0,0.0,0.0,5.0,25,06/15/2005,5.8,20.8620689655172,121.0,0.0,0.0,5.0,26,06/15/2005,11.4,20.6140350877193,235.0,472.4,78.0,5.0,27,06/15/2005,6.9,22.7536231884058,157.0,31.4,31.0,5.0,28,06/15/2005,8.4,17.2619047619048,145.0,203.5,67.0,5.0,29,06/15/2005,6.0,22.0,132.0,0.0,0.0,5.0,30,49.2,19.6424329309767,1066.0,71.0366666666667,27.0,31.0,1.0,0.0,37.62,23.5620163708568,891.0,76.0233333333333,16.0,29.0,0.0,2.0,14.38,21.9276611636627,320.0,53.7066666666667,31.0,22.0,3.0,1.0,45.6,21.6111418632731,1027.0,81.7533333333333,15.0,33.0,0.0,0.0,7.35,20.6712243815436,150.0,0.0,62.0,4.0,1.0,0.0,spatial,spatial,spatial,spatial,spatial,probe,spatial,spatial,spatial,spatial,spatial,probe,spatial,spatial,spatial,spatial,spatial,probe,spatial,spatial,spatial,spatial,spatial,probe,visible,visible,visible,visible,visible,visible,0,60,120,86520,86580,86640,173040,173100,173160,259560,259620,259680,346080,346140,346200,432600,432660,432720,519120,519180,519240,605640,605700,605760,692160,692220,692280,692340,692400,692460
MG.2005-31,24.0,male,Long Evans,Wild Type,06/10/2020,Gallagher_WM_1,Gallagher,No,Gall_SearchError,289.236498362199,HVS,7:00,19:00,CharlesRiver,Single,1.83,1.26,1.43,1.43,06/6/2020,90.1,31.6870144284129,2855.0,8336.4,93.0,1.0,1,06/6/2020,90.1,29.622641509434,2669.0,7841.8,90.0,1.0,2,06/6/2020,90.1,26.4927857935627,2387.0,7895.6,88.0,1.0,3,06/7/2020,90.1,34.661487236404,3123.0,7738.0,86.0,1.0,4,06/7/2020,90.1,35.5382907880133,3202.0,7729.0,88.0,1.0,5,06/7/2020,30.8,31.1038961038961,958.0,2546.0,87.0,1.0,6,06/8/2020,5.4,24.4444444444444,132.0,123.8,61.0,2.0,7,06/8/2020,90.1,32.1087680355161,2893.0,7759.0,87.0,2.0,8,06/8/2020,90.1,29.700332963374,2676.0,7397.5,85.0,2.0,9,06/9/2020,90.1,28.6015538290788,2577.0,7743.4,89.0,2.0,10,06/9/2020,90.1,27.8246392896781,2507.0,7633.6,85.0,2.0,11,06/9/2020,30.9,22.2330097087379,687.0,2499.6,86.0,2.0,12,06/10/2020,90.1,24.1842397336293,2179.0,7914.3,89.0,3.0,13,06/10/2020,90.1,17.0810210876804,1539.0,6868.0,80.0,3.0,14,06/10/2020,90.1,16.5704772475028,1493.0,5857.8,68.0,3.0,15,06/11/2020,90.1,22.7192008879023,2047.0,6932.3,78.0,3.0,16,06/11/2020,44.3,22.7313769751693,1007.0,3329.0,79.0,3.0,17,06/11/2020,30.6,26.2745098039216,804.0,1865.3,69.0,3.0,18,06/12/2020,3.9,31.2820512820513,122.0,0.0,0.0,4.0,19,06/12/2020,37.1,28.921832884097,1073.0,2359.3,69.0,4.0,20,06/12/2020,9.5,27.7894736842105,264.0,560.9,70.0,4.0,21,06/13/2020,14.3,26.013986013986,372.0,477.4,43.0,4.0,22,06/13/2020,6.6,21.6666666666667,143.0,184.8,36.0,4.0,23,06/13/2020,30.7,27.328990228013,839.0,1433.7,49.0,4.0,24,06/15/2005,4.5,28.2222222222222,127.0,48.6,48.0,5.0,25,06/15/2005,4.9,30.4081632653061,149.0,44.2,44.0,5.0,26,06/15/2005,5.6,25.8928571428571,145.0,75.2,37.0,5.0,27,06/15/2005,3.8,33.9473684210526,129.0,0.0,0.0,5.0,28,06/15/2005,4.3,26.9767441860465,116.0,0.0,0.0,5.0,29,06/15/2005,5.1,27.843137254902,142.0,52.0,26.0,5.0,30,90.1,31.6004439511654,2847.0,87.02,29.0,25.0,1.0,0.0,73.16,28.5359477124183,2157.0,85.18,24.0,27.0,0.0,1.0,80.94,20.6572631863768,1653.0,73.12,31.0,29.0,0.0,0.0,14.28,27.1348021062023,394.0,49.82,37.0,6.0,2.0,0.0,4.7,28.8817487487311,134.0,0.0,24.0,4.0,0.0,0.0,spatial,spatial,spatial,spatial,spatial,probe,spatial,spatial,spatial,spatial,spatial,probe,spatial,spatial,spatial,spatial,spatial,probe,spatial,spatial,spatial,spatial,spatial,probe,visible,visible,visible,visible,visible,visible,0,60,120,86520,86580,86640,173040,173100,173160,259560,259620,259680,346080,346140,346200,432600,432660,432720,519120,519180,519240,605640,605700,605760,692160,692220,692280,692340,692400,692460
MG.2005-33,24.0,male,Long Evans,Wild Type,06/10/2020,Gallagher_WM_1,Gallagher,No,Gall_SearchError,282.88644662876,HVS,7:00,19:00,CharlesRiver,Single,1.83,1.26,1.43,1.43,06/6/2020,51.2,28.88671875,1479.0,4732.2,94.0,1.0,1,06/6/2020,90.1,22.0088790233074,1983.0,7169.1,83.0,1.0,2,06/6/2020,90.1,17.4694783573807,1574.0,7243.9,81.0,1.0,3,06/7/2020,90.1,23.7624861265261,2141.0,7193.4,80.0,1.0,4,06/7/2020,14.8,19.5945945945946,290.0,556.9,55.0,1.0,5,06/7/2020,30.8,22.5974025974026,696.0,2133.1,73.0,1.0,6,06/8/2020,85.5,23.5672514619883,2015.0,6270.4,78.0,2.0,7,06/8/2020,90.1,21.5316315205327,1940.0,6080.7,69.0,2.0,8,06/8/2020,79.7,17.189460476788,1370.0,5635.9,76.0,2.0,9,06/9/2020,16.3,13.680981595092,223.0,552.6,50.0,2.0,10,06/9/2020,9.4,26.8085106382979,252.0,286.4,40.0,2.0,11,06/9/2020,30.7,26.4169381107492,811.0,1870.8,64.0,2.0,12,06/10/2020,37.8,20.4761904761905,774.0,2409.8,66.0,3.0,13,06/10/2020,86.3,24.2989571263036,2097.0,5813.8,70.0,3.0,14,06/10/2020,52.1,21.9193857965451,1142.0,3848.9,80.0,3.0,15,06/11/2020,55.6,19.8741007194245,1105.0,2774.3,51.0,3.0,16,06/11/2020,11.6,23.6206896551724,274.0,685.1,68.0,3.0,17,06/11/2020,30.6,23.8562091503268,730.0,2021.5,77.0,3.0,18,06/12/2020,15.2,18.4868421052632,281.0,282.7,25.0,4.0,19,06/12/2020,24.8,24.9193548387097,618.0,1288.9,64.0,4.0,20,06/12/2020,90.1,23.7291897891232,2138.0,6623.8,74.0,4.0,21,06/13/2020,32.4,23.9814814814815,777.0,1675.3,59.0,4.0,22,06/13/2020,3.7,20.5405405405405,76.0,58.2,29.0,4.0,23,06/13/2020,30.8,24.1233766233766,743.0,1839.7,63.0,4.0,24,06/15/2005,5.3,23.2075471698113,123.0,0.0,0.0,5.0,25,06/15/2005,5.4,25.1851851851852,136.0,0.0,0.0,5.0,26,06/15/2005,12.5,15.6,195.0,728.0,91.0,5.0,27,06/15/2005,6.4,24.375,156.0,81.5,40.0,5.0,28,06/15/2005,4.8,27.2916666666667,131.0,0.0,0.0,5.0,29,06/15/2005,7.5,24.5333333333333,184.0,178.3,59.0,5.0,30,67.26,22.3444313703618,1493.0,73.3666666666667,17.0,20.0,0.0,0.0,56.2,20.5555671385398,1160.0,63.9533333333333,34.0,21.0,1.0,0.0,48.68,22.0378647547272,1078.0,79.4,13.0,44.0,1.0,2.0,33.24,22.3314817510236,778.0,63.7266666666667,22.0,17.0,0.0,0.0,6.98333333333333,23.3654553924994,154.0,0.0,17.0,15.0,0.0,0.0,spatial,spatial,spatial,spatial,spatial,probe,spatial,spatial,spatial,spatial,spatial,probe,spatial,spatial,spatial,spatial,spatial,probe,spatial,spatial,spatial,spatial,spatial,probe,visible,visible,visible,visible,visible,visible,0,60,120,86520,86580,86640,173040,173100,173160,259560,259620,259680,346080,346140,346200,432600,432660,432720,519120,519180,519240,605640,605700,605760,692160,692220,692280,692340,692400,692460
MG.2005-34,24.0,male,Long Evans,Wild Type,06/10/2020,Gallagher_WM_1,Gallagher,No,Gall_SearchError,284.984917061079,HVS,7:00,19:00,CharlesRiver,Single,1.83,1.26,1.43,1.43,06/6/2020,49.3,29.6348884381339,1461.0,3636.0,75.0,1.0,1,06/6/2020,17.1,23.859649122807,408.0,988.7,76.0,1.0,2,06/6/2020,5.0,21.2,106.0,152.9,50.0,1.0,3,06/7/2020,38.3,26.2402088772846,1005.0,2924.3,79.0,1.0,4,06/7/2020,5.6,23.75,133.0,38.2,38.0,1.0,5,06/7/2020,30.8,27.9545454545455,861.0,2191.5,75.0,1.0,6,06/8/2020,90.1,29.3673695893452,2646.0,5870.9,67.0,2.0,7,06/8/2020,29.0,25.3448275862069,735.0,1616.8,59.0,2.0,8,06/8/2020,38.3,23.9425587467363,917.0,2324.9,66.0,2.0,9,06/9/2020,44.0,28.7727272727273,1266.0,2576.7,64.0,2.0,10,06/9/2020,36.6,23.1420765027322,847.0,1555.7,44.0,2.0,11,06/9/2020,30.6,22.156862745098,678.0,1255.5,43.0,2.0,12,06/10/2020,57.8,26.9377162629758,1557.0,3148.2,56.0,3.0,13,06/10/2020,29.3,22.6621160409556,664.0,1105.9,44.0,3.0,14,06/10/2020,24.7,20.7287449392713,512.0,744.6,37.0,3.0,15,06/11/2020,56.4,26.9148936170213,1518.0,3341.3,60.0,3.0,16,06/11/2020,8.1,19.1358024691358,155.0,235.1,33.0,3.0,17,06/11/2020,30.7,23.5504885993485,723.0,1197.4,46.0,3.0,18,06/12/2020,23.9,25.8577405857741,618.0,1073.4,56.0,4.0,19,06/12/2020,6.6,23.9393939393939,158.0,82.2,41.0,4.0,20,06/12/2020,9.1,20.3296703296703,185.0,231.6,28.0,4.0,21,06/13/2020,23.5,24.2978723404255,571.0,1177.8,61.0,4.0,22,06/13/2020,22.1,23.9819004524887,530.0,669.0,31.0,4.0,23,06/13/2020,30.7,22.8664495114007,702.0,1186.1,40.0,4.0,24,06/15/2005,5.4,23.1481481481481,125.0,0.0,0.0,5.0,25,06/15/2005,6.0,25.6666666666667,154.0,39.9,39.0,5.0,26,06/15/2005,15.8,25.0,395.0,736.1,66.0,5.0,27,06/15/2005,5.4,24.8148148148148,134.0,0.0,0.0,5.0,28,06/15/2005,6.7,23.2835820895522,156.0,129.0,64.0,5.0,29,06/15/2005,7.1,18.4507042253521,131.0,113.2,37.0,5.0,30,23.06,24.9369492876451,622.0,75.1333333333333,23.0,46.0,0.0,2.0,47.6,26.1139119395496,1282.0,43.8166666666667,53.0,15.0,2.0,1.0,35.26,23.2758546658719,881.0,51.1133333333333,49.0,20.0,0.0,0.0,17.04,23.6813155295505,412.0,41.53,58.0,14.0,4.0,1.0,7.73333333333333,23.3939859907557,182.0,0.0,11.0,1.0,0.0,0.0,spatial,spatial,spatial,spatial,spatial,probe,spatial,spatial,spatial,spatial,spatial,probe,spatial,spatial,spatial,spatial,spatial,probe,spatial,spatial,spatial,spatial,spatial,probe,visible,visible,visible,visible,visible,visible,0,60,120,86520,86580,86640,173040,173100,173160,259560,259620,259680,346080,346140,346200,432600,432660,432720,519120,519180,519240,605640,605700,605760,692160,692220,692280,692340,692400,692460
MG.2005-36,24.0,male,Long Evans,Wild Type,06/10/2020,Gallagher_WM_1,Gallagher,No,Gall_SearchError,187.514684069983,HVS,7:00,19:00,CharlesRiver,Single,1.83,1.26,1.43,1.43,06/6/2020,90.1,28.6570477247503,2582.0,7770.9,87.0,1.0,1,06/6/2020,90.1,21.4428412874584,1932.0,7153.7,83.0,1.0,2,06/6/2020,90.1,19.4117647058824,1749.0,7280.2,81.0,1.0,3,06/7/2020,90.1,25.638179800222,2310.0,7146.6,80.0,1.0,4,06/7/2020,90.1,25.4051054384018,2289.0,7213.4,83.0,1.0,5,06/7/2020,30.7,23.485342019544,721.0,2038.9,70.0,1.0,6,06/8/2020,90.1,28.7791342952275,2593.0,6881.8,79.0,2.0,7,06/8/2020,90.1,24.7169811320755,2227.0,7618.3,85.0,2.0,8,06/8/2020,30.5,23.3114754098361,711.0,2096.8,77.0,2.0,9,06/9/2020,90.1,26.1709211986681,2358.0,6645.3,76.0,2.0,10,06/9/2020,19.8,25.1010101010101,497.0,1333.5,74.0,2.0,11,06/9/2020,30.7,25.7980456026059,792.0,1624.9,56.0,2.0,12,06/10/2020,34.3,29.0962099125364,998.0,2661.3,80.0,3.0,13,06/10/2020,7.4,27.5675675675676,204.0,198.1,49.0,3.0,14,06/10/2020,9.4,26.3829787234043,248.0,193.8,32.0,3.0,15,06/11/2020,21.3,26.3380281690141,561.0,1005.6,50.0,3.0,16,06/11/2020,14.3,30.9090909090909,442.0,696.7,53.0,3.0,17,06/11/2020,30.8,28.4090909090909,875.0,2028.5,75.0,3.0,18,06/12/2020,6.4,28.90625,185.0,83.4,27.0,4.0,19,06/12/2020,6.2,26.1290322580645,162.0,159.7,53.0,4.0,20,06/12/2020,5.6,25.1785714285714,141.0,133.8,33.0,4.0,21,06/13/2020,35.1,26.6666666666667,936.0,2269.2,70.0,4.0,22,06/13/2020,23.3,25.6652360515021,598.0,1273.0,57.0,4.0,23,06/13/2020,30.8,25.8116883116883,795.0,1422.9,49.0,4.0,24,06/15/2005,17.0,32.1764705882353,547.0,652.7,50.0,5.0,25,06/15/2005,9.1,27.4725274725275,250.0,426.7,71.0,5.0,26,06/15/2005,17.6,27.8977272727273,491.0,854.2,61.0,5.0,27,06/15/2005,4.8,27.0833333333333,130.0,45.3,45.0,5.0,28,06/15/2005,20.7,26.7632850241546,554.0,966.0,56.0,5.0,29,06/15/2005,13.5,24.962962962963,337.0,727.4,72.0,5.0,30,90.1,24.110987791343,2172.0,69.91,44.0,17.0,0.0,0.0,64.12,25.6159044273635,1677.0,56.2566666666667,34.0,12.0,1.0,1.0,17.34,28.0587750563227,490.0,76.6366666666667,17.0,38.0,0.0,2.0,15.32,26.509151280961,404.0,49.3933333333333,51.0,13.0,2.0,1.0,13.7833333333333,27.7260511089902,384.0,0.0,5.0,12.0,0.0,0.0,spatial,spatial,spatial,spatial,spatial,probe,spatial,spatial,spatial,spatial,spatial,probe,spatial,spatial,spatial,spatial,spatial,probe,spatial,spatial,spatial,spatial,spatial,probe,visible,visible,visible,visible,visible,visible,0,60,120,86520,86580,86640,173040,173100,173160,259560,259620,259680,346080,346140,346200,432600,432660,432720,519120,519180,519240,605640,605700,605760,692160,692220,692280,692340,692400,692460
MG.2005-39,24.0,male,Long Evans,Wild Type,06/10/2020,Gallagher_WM_1,Gallagher,No,Gall_SearchError,250.870855117043,HVS,7:00,19:00,CharlesRiver,Single,1.83,1.26,1.43,1.43,06/6/2020,28.6,21.993006993007,629.0,1878.4,72.0,1.0,1,06/6/2020,35.1,22.6210826210826,794.0,2324.2,77.0,1.0,2,06/6/2020,75.5,16.6754966887417,1259.0,5705.9,78.0,1.0,3,06/7/2020,10.9,10.5504587155963,115.0,290.9,36.0,1.0,4,06/7/2020,18.1,20.4419889502762,370.0,864.2,66.0,1.0,5,06/7/2020,30.7,19.6416938110749,603.0,1838.8,65.0,1.0,6,06/8/2020,27.3,15.4578754578755,422.0,1895.4,86.0,2.0,7,06/8/2020,25.2,21.5873015873016,544.0,1295.8,56.0,2.0,8,06/8/2020,44.3,19.9774266365689,885.0,2626.3,67.0,2.0,9,06/9/2020,8.2,19.1463414634146,157.0,133.6,44.0,2.0,10,06/9/2020,4.2,18.8095238095238,79.0,74.5,37.0,2.0,11,06/9/2020,30.8,22.5,693.0,1839.0,63.0,2.0,12,06/10/2020,31.2,13.6217948717949,425.0,1358.1,48.0,3.0,13,06/10/2020,61.8,17.7669902912621,1098.0,3070.6,55.0,3.0,14,06/10/2020,90.1,15.1165371809101,1362.0,6027.6,71.0,3.0,15,06/11/2020,12.3,13.9837398373984,172.0,273.9,30.0,3.0,16,06/11/2020,5.0,16.2,81.0,39.1,39.0,3.0,17,06/11/2020,30.9,23.3333333333333,721.0,1277.3,49.0,3.0,18,06/12/2020,21.6,18.6574074074074,403.0,687.2,42.0,4.0,19,06/12/2020,25.2,21.1904761904762,534.0,1035.2,51.0,4.0,20,06/12/2020,7.9,17.5949367088608,139.0,185.5,37.0,4.0,21,06/13/2020,19.0,16.9473684210526,322.0,916.5,70.0,4.0,22,06/13/2020,7.2,15.6944444444444,113.0,206.1,41.0,4.0,23,06/13/2020,30.6,19.7385620915033,604.0,1149.7,41.0,4.0,24,06/15/2005,26.7,17.5280898876405,468.0,1052.1,50.0,5.0,25,06/15/2005,7.6,21.8421052631579,166.0,82.0,41.0,5.0,26,06/15/2005,30.1,20.3986710963455,614.0,1473.3,58.0,5.0,27,06/15/2005,12.3,18.9430894308943,233.0,459.2,65.0,5.0,28,06/15/2005,9.4,17.2340425531915,162.0,214.3,53.0,5.0,29,06/15/2005,26.0,17.1538461538462,446.0,1435.9,71.0,5.0,30,33.64,18.4564067937408,633.0,65.3333333333333,36.0,15.0,1.0,1.0,21.84,18.9956937909369,417.0,63.16,20.0,10.0,1.0,0.0,40.08,15.3378124362731,627.0,57.26,49.0,31.0,4.0,3.0,16.18,18.0169266344483,302.0,42.5866666666667,55.0,12.0,1.0,0.0,18.6833333333333,18.8499740641793,348.0,0.0,82.0,3.0,3.0,0.0,spatial,spatial,spatial,spatial,spatial,probe,spatial,spatial,spatial,spatial,spatial,probe,spatial,spatial,spatial,spatial,spatial,probe,spatial,spatial,spatial,spatial,spatial,probe,visible,visible,visible,visible,visible,visible,0,60,120,86520,86580,86640,173040,173100,173160,259560,259620,259680,346080,346140,346200,432600,432660,432720,519120,519180,519240,605640,605700,605760,692160,692220,692280,692340,692400,692460
MG.2005-40,24.0,male,Long Evans,Wild Type,06/10/2020,Gallagher_WM_1,Gallagher,No,Gall_SearchError,222.166673553446,HVS,7:00,19:00,CharlesRiver,Single,1.83,1.26,1.43,1.43,06/6/2020,90.1,26.4594894561598,2384.0,8026.2,90.0,1.0,1,06/6/2020,90.1,22.9300776914539,2066.0,7001.4,81.0,1.0,2,06/6/2020,90.1,17.9578246392897,1618.0,6517.7,73.0,1.0,3,06/7/2020,87.4,26.2929061784897,2298.0,6723.1,78.0,1.0,4,06/7/2020,46.8,22.8846153846154,1071.0,3071.1,73.0,1.0,5,06/7/2020,30.7,24.5928338762215,755.0,1713.2,59.0,1.0,6,06/8/2020,50.9,26.1689587426326,1332.0,3510.8,76.0,2.0,7,06/8/2020,54.3,22.780847145488,1237.0,3316.6,62.0,2.0,8,06/8/2020,26.0,23.7307692307692,617.0,1169.1,55.0,2.0,9,06/9/2020,3.8,31.8421052631579,121.0,0.0,0.0,2.0,10,06/9/2020,39.9,22.8822055137845,913.0,1619.0,42.0,2.0,11,06/9/2020,30.8,22.6623376623377,698.0,1274.4,43.0,2.0,12,06/10/2020,2.8,23.9285714285714,67.0,36.6,36.0,3.0,13,06/10/2020,23.4,26.1538461538462,612.0,1140.3,60.0,3.0,14,06/10/2020,28.7,23.2404181184669,667.0,1192.7,49.0,3.0,15,06/11/2020,38.1,24.1207349081365,919.0,1958.7,52.0,3.0,16,06/11/2020,2.7,18.8888888888889,51.0,38.2,38.0,3.0,17,06/11/2020,30.8,22.7597402597403,701.0,1521.5,58.0,3.0,18,06/12/2020,16.6,25.0,415.0,413.1,34.0,4.0,19,06/12/2020,11.8,26.5254237288136,313.0,528.3,75.0,4.0,20,06/12/2020,8.2,25.2439024390244,207.0,350.3,50.0,4.0,21,06/13/2020,8.2,24.6341463414634,202.0,159.9,39.0,4.0,22,06/13/2020,13.7,24.5255474452555,336.0,601.0,50.0,4.0,23,06/13/2020,30.7,23.485342019544,721.0,938.5,32.0,4.0,24,06/15/2005,8.3,25.6626506024096,213.0,284.7,71.0,5.0,25,06/15/2005,12.4,23.9516129032258,297.0,495.4,61.0,5.0,26,06/15/2005,6.0,21.6666666666667,130.0,21.7,21.0,5.0,27,06/15/2005,5.5,22.5454545454545,124.0,26.7,26.0,5.0,28,06/15/2005,9.3,22.5806451612903,210.0,306.7,61.0,5.0,29,06/15/2005,5.8,19.4827586206897,113.0,29.0,29.0,5.0,30,80.9,23.3049826700017,1887.0,59.0566666666667,39.0,15.0,1.0,1.0,34.98,25.4809771791665,844.0,44.0733333333333,53.0,7.0,4.0,0.0,19.14,23.266491899582,463.0,62.4133333333333,33.0,30.0,1.0,1.0,11.7,25.1858039909114,294.0,33.1666666666667,63.0,6.0,5.0,0.0,7.88333333333333,22.6482980832894,181.0,0.0,57.0,1.0,0.0,0.0,spatial,spatial,spatial,spatial,spatial,probe,spatial,spatial,spatial,spatial,spatial,probe,spatial,spatial,spatial,spatial,spatial,probe,spatial,spatial,spatial,spatial,spatial,probe,visible,visible,visible,visible,visible,visible,0,60,120,86520,86580,86640,173040,173100,173160,259560,259620,259680,346080,346140,346200,432600,432660,432720,519120,519180,519240,605640,605700,605760,692160,692220,692280,692340,692400,692460
MG.2005-43,24.0,male,Long Evans,Wild Type,06/10/2020,Gallagher_WM_1,Gallagher,No,Gall_SearchError,192.032548918771,HVS,7:00,19:00,CharlesRiver,Single,1.83,1.26,1.43,1.43,06/6/2020,90.1,27.0699223085461,2439.0,7973.6,89.0,1.0,1,06/6/2020,90.1,21.3207547169811,1921.0,8066.4,93.0,1.0,2,06/6/2020,90.1,22.9966703662597,2072.0,6528.0,73.0,1.0,3,06/7/2020,90.1,21.354051054384,1924.0,6828.2,76.0,1.0,4,06/7/2020,50.4,24.1468253968254,1217.0,3305.7,71.0,1.0,5,06/7/2020,30.7,25.928338762215,796.0,1740.2,60.0,1.0,6,06/8/2020,63.7,26.3108320251177,1676.0,4975.3,84.0,2.0,7,06/8/2020,72.3,25.3941908713693,1836.0,4771.2,67.0,2.0,8,06/8/2020,65.7,22.0547945205479,1449.0,3553.4,58.0,2.0,9,06/9/2020,24.9,24.4176706827309,608.0,1658.6,82.0,2.0,10,06/9/2020,90.1,23.5627081021088,2123.0,7029.6,78.0,2.0,11,06/9/2020,30.8,24.1883116883117,745.0,2448.6,84.0,2.0,12,06/10/2020,24.0,23.4583333333333,563.0,1031.9,46.0,3.0,13,06/10/2020,65.9,25.432473444613,1676.0,4948.7,81.0,3.0,14,06/10/2020,59.9,24.6243739565943,1475.0,4066.6,73.0,3.0,15,06/11/2020,90.1,25.3274139844617,2282.0,6167.2,69.0,3.0,16,06/11/2020,38.6,25.699481865285,992.0,2795.6,75.0,3.0,17,06/11/2020,30.8,25.4220779220779,783.0,1788.7,68.0,3.0,18,06/12/2020,45.4,26.4537444933921,1201.0,3196.1,76.0,4.0,19,06/12/2020,13.2,24.0151515151515,317.0,744.2,74.0,4.0,20,06/12/2020,24.1,26.4315352697095,637.0,1424.3,61.0,4.0,21,06/13/2020,22.5,27.3333333333333,615.0,1303.1,68.0,4.0,22,06/13/2020,25.7,27.3929961089494,704.0,1669.5,69.0,4.0,23,06/13/2020,30.8,24.7727272727273,763.0,1898.3,65.0,4.0,24,06/15/2005,10.4,24.2307692307692,252.0,441.2,73.0,5.0,25,06/15/2005,4.7,24.8936170212766,117.0,0.0,0.0,5.0,26,06/15/2005,12.1,24.1322314049587,292.0,336.2,42.0,5.0,27,06/15/2005,8.8,23.2954545454545,205.0,240.5,60.0,5.0,28,06/15/2005,12.5,23.2,290.0,645.5,80.0,5.0,29,06/15/2005,11.0,21.9090909090909,241.0,178.0,29.0,5.0,30,82.16,23.3776447685993,1914.0,60.1033333333333,24.0,14.0,0.0,1.0,63.34,24.3480392403749,1538.0,83.03,17.0,24.0,0.0,0.0,55.7,24.9084153168575,1397.0,73.3266666666667,28.0,34.0,0.0,1.0,26.18,26.3253521441072,694.0,65.37,21.0,37.0,2.0,2.0,9.91666666666667,23.610193851925,232.0,0.0,34.0,5.0,0.0,0.0,spatial,spatial,spatial,spatial,spatial,probe,spatial,spatial,spatial,spatial,spatial,probe,spatial,spatial,spatial,spatial,spatial,probe,spatial,spatial,spatial,spatial,spatial,probe,visible,visible,visible,visible,visible,visible,0,60,120,86520,86580,86640,173040,173100,173160,259560,259620,259680,346080,346140,346200,432600,432660,432720,519120,519180,519240,605640,605700,605760,692160,692220,692280,692340,692400,692460
MG.2005-44,24.0,male,Long Evans,Wild Type,06/10/2020,Gallagher_WM_1,Gallagher,No,Gall_SearchError,302.684553710787,HVS,7:00,19:00,CharlesRiver,Single,1.83,1.26,1.43,1.43,06/6/2020,90.1,24.6170921198668,2218.0,7919.6,88.0,1.0,1,06/6/2020,90.1,24.173140954495,2178.0,7278.8,84.0,1.0,2,06/6/2020,90.1,24.4173140954495,2200.0,6936.0,77.0,1.0,3,06/7/2020,49.4,22.6315789473684,1118.0,2913.5,60.0,1.0,4,06/7/2020,20.1,22.636815920398,455.0,913.8,57.0,1.0,5,06/7/2020,30.6,22.2875816993464,682.0,1448.1,49.0,1.0,6,06/8/2020,51.2,19.39453125,993.0,2706.3,58.0,2.0,7,06/8/2020,6.8,17.6470588235294,120.0,116.3,29.0,2.0,8,06/8/2020,90.1,22.6748057713652,2043.0,6699.7,78.0,2.0,9,06/9/2020,28.7,14.808362369338,425.0,1672.7,72.0,2.0,10,06/9/2020,15.3,17.4509803921569,267.0,749.2,57.0,2.0,11,06/9/2020,30.9,22.8155339805825,705.0,2194.4,75.0,2.0,12,06/10/2020,55.2,20.054347826087,1107.0,3364.2,63.0,3.0,13,06/10/2020,8.3,19.3975903614458,161.0,276.5,69.0,3.0,14,06/10/2020,27.3,25.1648351648352,687.0,1545.0,67.0,3.0,15,06/11/2020,5.9,15.7627118644068,93.0,118.9,39.0,3.0,16,06/11/2020,25.3,25.1778656126482,637.0,1675.1,72.0,3.0,17,06/11/2020,30.6,22.843137254902,699.0,1318.5,50.0,3.0,18,06/12/2020,27.4,20.4379562043796,560.0,1315.8,59.0,4.0,19,06/12/2020,18.4,20.8695652173913,384.0,513.9,39.0,4.0,20,06/12/2020,13.0,22.4615384615385,292.0,558.9,55.0,4.0,21,06/13/2020,6.7,19.8507462686567,133.0,39.2,39.0,4.0,22,06/13/2020,3.5,18.5714285714286,65.0,21.2,21.0,4.0,23,06/13/2020,30.9,24.2071197411003,748.0,1801.5,62.0,4.0,24,06/15/2005,23.5,19.5744680851064,460.0,1312.8,72.0,5.0,25,06/15/2005,14.4,22.2222222222222,320.0,629.1,69.0,5.0,26,06/15/2005,7.6,19.2105263157895,146.0,80.4,40.0,5.0,27,06/15/2005,9.1,18.3516483516484,167.0,266.6,66.0,5.0,28,06/15/2005,6.3,21.1111111111111,133.0,0.0,0.0,5.0,29,06/15/2005,7.2,20.6944444444444,149.0,51.2,25.0,5.0,30,67.96,23.6951884075156,1633.0,50.2733333333333,44.0,20.0,1.0,0.0,38.42,18.3951477212779,769.0,74.8366666666667,25.0,28.0,0.0,0.0,24.4,21.1114701658846,537.0,58.5566666666667,35.0,17.0,2.0,0.0,13.8,20.4382469446789,286.0,62.2966666666667,24.0,40.0,2.0,0.0,11.35,20.194070088387,229.0,0.0,66.0,1.0,0.0,0.0,spatial,spatial,spatial,spatial,spatial,probe,spatial,spatial,spatial,spatial,spatial,probe,spatial,spatial,spatial,spatial,spatial,probe,spatial,spatial,spatial,spatial,spatial,probe,visible,visible,visible,visible,visible,visible,0,60,120,86520,86580,86640,173040,173100,173160,259560,259620,259680,346080,346140,346200,432600,432660,432720,519120,519180,519240,605640,605700,605760,692160,692220,692280,692340,692400,692460
MG.2005-48,24.0,male,Long Evans,Wild Type,06/10/2020,Gallagher_WM_1,Gallagher,No,Gall_SearchError,266.87843356009,HVS,7:00,19:00,CharlesRiver,Single,1.83,1.26,1.43,1.43,06/6/2020,90.1,21.3651498335183,1925.0,6619.7,75.0,1.0,1,06/6/2020,54.4,20.6433823529412,1123.0,4131.7,82.0,1.0,2,06/6/2020,90.1,21.6315205327414,1949.0,7061.7,80.0,1.0,3,06/7/2020,90.1,22.2308546059933,2003.0,7215.6,81.0,1.0,4,06/7/2020,90.1,19.5449500554939,1761.0,6252.5,72.0,1.0,5,06/7/2020,30.8,20.1623376623377,621.0,1953.9,69.0,1.0,6,06/8/2020,90.1,18.3906770255272,1657.0,5455.7,64.0,2.0,7,06/8/2020,8.3,19.2771084337349,160.0,195.0,32.0,2.0,8,06/8/2020,90.1,17.4694783573807,1574.0,5525.8,65.0,2.0,9,06/9/2020,12.8,20.859375,267.0,277.6,39.0,2.0,10,06/9/2020,3.9,21.025641025641,82.0,33.2,33.0,2.0,11,06/9/2020,30.8,17.6948051948052,545.0,1468.7,52.0,2.0,12,06/10/2020,8.8,18.6363636363636,164.0,136.0,22.0,3.0,13,06/10/2020,40.1,17.5810473815461,705.0,2788.8,82.0,3.0,14,06/10/2020,51.4,17.9571984435798,923.0,3071.2,68.0,3.0,15,06/11/2020,66.3,14.5701357466063,966.0,4193.6,65.0,3.0,16,06/11/2020,69.4,15.0,1041.0,4010.0,59.0,3.0,17,06/11/2020,30.7,16.4820846905537,506.0,1537.1,64.0,3.0,18,06/12/2020,6.7,19.1044776119403,128.0,0.0,0.0,4.0,19,06/12/2020,34.2,18.8011695906433,643.0,1911.6,68.0,4.0,20,06/12/2020,3.6,15.8333333333333,57.0,15.1,15.0,4.0,21,06/13/2020,63.0,16.8253968253968,1060.0,3718.3,66.0,4.0,22,06/13/2020,79.3,14.8928121059269,1181.0,3643.8,47.0,4.0,23,06/13/2020,30.6,16.3398692810458,500.0,1284.8,45.0,4.0,24,06/15/2005,8.0,14.625,117.0,47.3,47.0,5.0,25,06/15/2005,10.0,14.6,146.0,162.7,54.0,5.0,26,06/15/2005,18.8,16.4893617021277,310.0,1067.7,88.0,5.0,27,06/15/2005,9.1,16.7032967032967,152.0,133.2,44.0,5.0,28,06/15/2005,30.1,15.3156146179402,461.0,1392.3,58.0,5.0,29,06/15/2005,17.9,14.7486033519553,264.0,555.4,50.0,5.0,30,82.96,21.0831714761376,1752.0,68.65,39.0,20.0,0.0,0.0,41.04,19.4044559684568,748.0,52.8066666666667,38.0,5.0,2.0,0.0,47.2,16.7489490416192,759.0,70.3166666666667,32.0,7.0,4.0,0.0,37.36,17.0914378934481,613.0,47.3033333333333,43.0,6.0,5.0,0.0,15.65,15.4136460625533,241.0,0.0,74.0,6.0,0.0,0.0,spatial,spatial,spatial,spatial,spatial,probe,spatial,spatial,spatial,spatial,spatial,probe,spatial,spatial,spatial,spatial,spatial,probe,spatial,spatial,spatial,spatial,spatial,probe,visible,visible,visible,visible,visible,visible,0,60,120,86520,86580,86640,173040,173100,173160,259560,259620,259680,346080,346140,346200,432600,432660,432720,519120,519180,519240,605640,605700,605760,692160,692220,692280,692340,692400,692460
MG.2005-50,24.0,male,Long Evans,Wild Type,06/10/2020,Gallagher_WM_1,Gallagher,No,Gall_SearchError,234.513117090963,HVS,7:00,19:00,CharlesRiver,Single,1.83,1.26,1.43,1.43,06/6/2020,54.9,28.5610200364299,1568.0,4177.7,78.0,1.0,1,06/6/2020,90.1,22.9855715871254,2071.0,7306.3,84.0,1.0,2,06/6/2020,90.1,18.834628190899,1697.0,7742.2,86.0,1.0,3,06/7/2020,90.1,21.165371809101,1907.0,5864.6,65.0,1.0,4,06/7/2020,23.6,26.1864406779661,618.0,1323.5,69.0,1.0,5,06/7/2020,30.8,25.6168831168831,789.0,1632.3,56.0,1.0,6,06/8/2020,5.0,28.0,140.0,0.0,0.0,2.0,7,06/8/2020,3.3,22.7272727272727,75.0,37.6,18.0,2.0,8,06/8/2020,9.1,26.8131868131868,244.0,133.1,26.0,2.0,9,06/9/2020,45.2,28.0752212389381,1269.0,2367.8,57.0,2.0,10,06/9/2020,11.2,19.9107142857143,223.0,290.5,29.0,2.0,11,06/9/2020,30.9,25.1456310679612,777.0,1518.1,52.0,2.0,12,06/10/2020,90.1,27.0588235294118,2438.0,6471.6,72.0,3.0,13,06/10/2020,12.9,22.2480620155039,287.0,353.9,44.0,3.0,14,06/10/2020,4.9,24.8979591836735,122.0,0.0,0.0,3.0,15,06/11/2020,6.2,21.2903225806452,132.0,109.6,21.0,3.0,16,06/11/2020,17.1,26.0233918128655,445.0,696.9,43.0,3.0,17,06/11/2020,30.8,25.2597402597403,778.0,1710.3,65.0,3.0,18,06/12/2020,12.6,26.5873015873016,335.0,381.8,42.0,4.0,19,06/12/2020,4.0,31.0,124.0,0.0,0.0,4.0,20,06/12/2020,2.9,23.1034482758621,67.0,22.3,22.0,4.0,21,06/13/2020,8.5,25.0588235294118,213.0,276.5,55.0,4.0,22,06/13/2020,24.4,26.4344262295082,645.0,1064.9,46.0,4.0,23,06/13/2020,30.8,27.5,847.0,1472.5,50.0,4.0,24,06/15/2005,8.9,26.6292134831461,237.0,175.8,43.0,5.0,25,06/15/2005,6.0,25.1666666666667,151.0,33.8,33.0,5.0,26,06/15/2005,11.7,23.1623931623932,271.0,536.1,76.0,5.0,27,06/15/2005,5.6,25.7142857142857,144.0,43.6,43.0,5.0,28,06/15/2005,11.4,20.6140350877193,235.0,382.1,54.0,5.0,29,06/15/2005,4.7,25.531914893617,120.0,0.0,0.0,5.0,30,69.76,23.5466064603043,1572.0,56.7133333333333,36.0,14.0,0.0,2.0,14.76,25.1052790130224,390.0,52.03,47.0,12.0,2.0,1.0,26.24,24.30371182442,684.0,67.4066666666667,24.0,7.0,0.0,0.0,10.48,26.4367999244167,276.0,51.3066666666667,46.0,5.0,1.0,0.0,8.05,24.4697515013047,193.0,0.0,76.0,5.0,1.0,0.0,spatial,spatial,spatial,spatial,spatial,probe,spatial,spatial,spatial,spatial,spatial,probe,spatial,spatial,spatial,spatial,spatial,probe,spatial,spatial,spatial,spatial,spatial,probe,visible,visible,visible,visible,visible,visible,0,60,120,86520,86580,86640,173040,173100,173160,259560,259620,259680,346080,346140,346200,432600,432660,432720,519120,519180,519240,605640,605700,605760,692160,692220,692280,692340,692400,692460
MG.2005-54,24.0,male,Long Evans,Wild Type,06/10/2020,Gallagher_WM_1,Gallagher,No,Gall_SearchError,235.096562305043,HVS,7:00,19:00,CharlesRiver,Single,1.83,1.26,1.43,1.43,06/6/2020,17.0,23.0,391.0,968.8,69.0,1.0,1,06/6/2020,90.1,25.4162042175361,2290.0,7720.3,89.0,1.0,2,06/6/2020,90.1,22.3196448390677,2011.0,7321.0,83.0,1.0,3,06/7/2020,37.4,16.4171122994652,614.0,2421.9,69.0,1.0,4,06/7/2020,90.1,21.65371809101,1951.0,6570.9,76.0,1.0,5,06/7/2020,30.7,19.8045602605863,608.0,2240.2,80.0,1.0,6,06/8/2020,52.3,17.2657743785851,903.0,2898.0,61.0,2.0,7,06/8/2020,12.5,21.04,263.0,529.1,52.0,2.0,8,06/8/2020,90.1,23.984461709212,2161.0,6637.9,78.0,2.0,9,06/9/2020,88.1,16.2769580022701,1434.0,6658.5,80.0,2.0,10,06/9/2020,6.1,17.5409836065574,107.0,180.0,45.0,2.0,11,06/9/2020,30.8,21.6883116883117,668.0,1573.7,56.0,2.0,12,06/10/2020,31.6,7.94303797468354,251.0,939.0,32.0,3.0,13,06/10/2020,16.1,16.832298136646,271.0,421.2,42.0,3.0,14,06/10/2020,77.8,22.9434447300771,1785.0,4581.2,64.0,3.0,15,06/11/2020,90.1,17.3251942286349,1561.0,4696.6,53.0,3.0,16,06/11/2020,15.7,16.9426751592357,266.0,658.1,50.0,3.0,17,06/11/2020,30.7,20.6188925081433,633.0,1098.3,43.0,3.0,18,06/12/2020,21.1,13.2701421800948,280.0,781.2,52.0,4.0,19,06/12/2020,6.2,21.6129032258065,134.0,0.0,0.0,4.0,20,06/12/2020,7.9,20.8860759493671,165.0,141.3,28.0,4.0,21,06/13/2020,21.8,9.40366972477064,205.0,709.6,47.0,4.0,22,06/13/2020,11.4,18.5964912280702,212.0,350.3,38.0,4.0,23,06/13/2020,30.6,20.359477124183,623.0,910.4,32.0,4.0,24,06/15/2005,6.7,17.3134328358209,116.0,32.6,32.0,5.0,25,06/15/2005,7.3,22.3287671232877,163.0,73.4,36.0,5.0,26,06/15/2005,12.4,20.1612903225806,250.0,491.4,70.0,5.0,27,06/15/2005,30.1,19.3687707641196,583.0,1643.5,65.0,5.0,28,06/15/2005,6.2,18.8709677419355,117.0,0.0,0.0,5.0,29,06/15/2005,30.1,18.3388704318937,552.0,1909.7,76.0,5.0,30,64.94,21.7613358894158,1451.0,79.1933333333333,16.0,38.0,0.0,0.0,49.82,19.2216355393249,973.0,55.94,38.0,11.0,2.0,0.0,46.26,16.3973300458554,826.0,51.5466666666667,40.0,26.0,1.0,0.0,13.68,16.7538564616218,199.0,34.0766666666667,67.0,4.0,3.0,0.0,15.4666666666667,19.3970165366063,296.0,0.0,43.0,3.0,2.0,0.0,spatial,spatial,spatial,spatial,spatial,probe,spatial,spatial,spatial,spatial,spatial,probe,spatial,spatial,spatial,spatial,spatial,probe,spatial,spatial,spatial,spatial,spatial,probe,visible,visible,visible,visible,visible,visible,0,60,120,86520,86580,86640,173040,173100,173160,259560,259620,259680,346080,346140,346200,432600,432660,432720,519120,519180,519240,605640,605700,605760,692160,692220,692280,692340,692400,692460
MG.2005-57,24.0,male,Long Evans,Wild Type,06/10/2020,Gallagher_WM_1,Gallagher,No,Gall_SearchError,192.75710618719,HVS,7:00,19:00,CharlesRiver,Single,1.83,1.26,1.43,1.43,06/6/2020,13.4,28.8805970149254,387.0,833.4,69.0,1.0,1,06/6/2020,66.3,29.6229260935143,1964.0,5290.4,83.0,1.0,2,06/6/2020,18.7,24.9732620320856,467.0,1154.6,67.0,1.0,3,06/7/2020,90.1,30.7769145394007,2773.0,6852.3,76.0,1.0,4,06/7/2020,65.0,24.6307692307692,1601.0,4355.1,71.0,1.0,5,06/7/2020,30.7,25.114006514658,771.0,1778.4,61.0,1.0,6,06/8/2020,49.7,35.79476861167,1779.0,3818.8,83.0,2.0,7,06/8/2020,2.1,27.6190476190476,58.0,0.0,0.0,2.0,8,06/8/2020,8.5,29.8823529411765,254.0,230.0,46.0,2.0,9,06/9/2020,30.5,35.344262295082,1078.0,2143.6,79.0,2.0,10,06/9/2020,10.3,33.2038834951456,342.0,656.0,72.0,2.0,11,06/9/2020,30.9,32.0388349514563,990.0,2133.8,73.0,2.0,12,06/10/2020,34.6,27.2543352601156,943.0,1606.2,48.0,3.0,13,06/10/2020,3.7,31.0810810810811,115.0,0.0,0.0,3.0,14,06/10/2020,3.8,30.5263157894737,116.0,0.0,0.0,3.0,15,06/11/2020,3.0,25.0,75.0,17.6,17.0,3.0,16,06/11/2020,5.8,32.9310344827586,191.0,215.0,53.0,3.0,17,06/11/2020,30.6,29.1503267973856,892.0,1486.3,55.0,3.0,18,06/12/2020,10.1,28.2178217821782,285.0,176.9,29.0,4.0,19,06/12/2020,4.6,28.0434782608696,129.0,0.0,0.0,4.0,20,06/12/2020,8.7,23.9080459770115,208.0,172.8,24.0,4.0,21,06/13/2020,13.3,26.4661654135338,352.0,170.8,18.0,4.0,22,06/13/2020,6.0,19.8333333333333,119.0,122.9,30.0,4.0,23,06/13/2020,30.7,26.7100977198697,820.0,841.7,29.0,4.0,24,06/15/2005,8.8,27.7272727272727,244.0,282.3,56.0,5.0,25,06/15/2005,11.4,27.1929824561403,310.0,651.0,81.0,5.0,26,06/15/2005,30.1,24.0199335548173,723.0,2330.3,86.0,5.0,27,06/15/2005,7.3,26.4383561643836,193.0,246.5,61.0,5.0,28,06/15/2005,27.7,26.3898916967509,731.0,1569.2,65.0,5.0,29,06/15/2005,17.7,24.0112994350282,425.0,1150.2,82.0,5.0,30,50.7,27.776893782139,1438.0,61.4566666666667,39.0,19.0,3.0,0.0,20.22,32.3688629924243,702.0,72.4733333333333,31.0,22.0,0.0,1.0,10.18,29.3585533226858,288.0,58.2033333333333,39.0,1.0,1.0,0.0,8.54,25.2937689533853,218.0,30.1,76.0,1.0,4.0,0.0,17.1666666666667,25.9632893390655,437.0,0.0,50.0,4.0,2.0,0.0,spatial,spatial,spatial,spatial,spatial,probe,spatial,spatial,spatial,spatial,spatial,probe,spatial,spatial,spatial,spatial,spatial,probe,spatial,spatial,spatial,spatial,spatial,probe,visible,visible,visible,visible,visible,visible,0,60,120,86520,86580,86640,173040,173100,173160,259560,259620,259680,346080,346140,346200,432600,432660,432720,519120,519180,519240,605640,605700,605760,692160,692220,692280,692340,692400,692460
MG.2005-58,24.0,male,Long Evans,Wild Type,06/10/2020,Gallagher_WM_1,Gallagher,No,Gall_SearchError,217.408967734691,HVS,7:00,19:00,CharlesRiver,Single,1.83,1.26,1.43,1.43,06/6/2020,90.1,21.9755826859046,1980.0,8165.6,91.0,1.0,1,06/6/2020,90.1,22.2086570477248,2001.0,7091.5,82.0,1.0,2,06/6/2020,90.1,20.2108768035516,1821.0,8131.5,91.0,1.0,3,06/7/2020,90.1,26.5482796892342,2392.0,7120.7,80.0,1.0,4,06/7/2020,90.1,25.449500554939,2293.0,6648.7,77.0,1.0,5,06/7/2020,30.8,26.2337662337662,808.0,1961.7,67.0,1.0,6,06/8/2020,5.4,25.0,135.0,45.3,22.0,2.0,7,06/8/2020,15.5,27.2258064516129,422.0,826.6,59.0,2.0,8,06/8/2020,90.1,26.3817980022198,2377.0,6368.8,73.0,2.0,9,06/9/2020,15.5,25.5483870967742,396.0,684.2,57.0,2.0,10,06/9/2020,7.4,23.7837837837838,176.0,345.9,57.0,2.0,11,06/9/2020,30.8,25.3571428571429,781.0,2083.1,71.0,2.0,12,06/10/2020,28.3,24.3109540636042,688.0,1511.9,55.0,3.0,13,06/10/2020,29.0,24.1724137931034,701.0,1448.9,60.0,3.0,14,06/10/2020,56.3,26.6252220248668,1499.0,3428.9,65.0,3.0,15,06/11/2020,4.1,18.0487804878049,74.0,71.9,23.0,3.0,16,06/11/2020,48.8,27.1311475409836,1324.0,2951.0,62.0,3.0,17,06/11/2020,30.9,28.8673139158576,892.0,1788.6,66.0,3.0,18,06/12/2020,31.7,25.2996845425868,802.0,2167.3,80.0,4.0,19,06/12/2020,39.0,26.9487179487179,1051.0,2408.7,70.0,4.0,20,06/12/2020,4.3,18.3720930232558,79.0,71.2,23.0,4.0,21,06/13/2020,28.0,23.1071428571429,647.0,1524.5,66.0,4.0,22,06/13/2020,3.0,20.0,60.0,34.3,34.0,4.0,23,06/13/2020,30.7,22.5081433224756,691.0,1163.7,40.0,4.0,24,06/15/2005,10.7,17.1028037383178,183.0,348.4,58.0,5.0,25,06/15/2005,5.4,22.037037037037,119.0,0.0,0.0,5.0,26,06/15/2005,13.3,24.2105263157895,322.0,408.6,45.0,5.0,27,06/15/2005,7.7,24.025974025974,185.0,215.0,71.0,5.0,28,06/15/2005,6.0,21.1666666666667,127.0,50.2,50.0,5.0,29,06/15/2005,7.3,19.5890410958904,143.0,29.8,9.0,5.0,30,90.1,23.2785793562708,2097.0,67.5933333333333,31.0,19.0,1.0,0.0,26.78,25.5879550668781,701.0,71.1733333333333,32.0,14.0,1.0,1.0,33.3,24.0577035820726,857.0,69.0166666666667,27.0,22.0,1.0,0.0,21.2,22.7455276743407,527.0,41.05,40.0,5.0,3.0,0.0,8.4,21.3553414799459,179.0,0.0,54.0,4.0,1.0,0.0,spatial,spatial,spatial,spatial,spatial,probe,spatial,spatial,spatial,spatial,spatial,probe,spatial,spatial,spatial,spatial,spatial,probe,spatial,spatial,spatial,spatial,spatial,probe,visible,visible,visible,visible,visible,visible,0,60,120,86520,86580,86640,173040,173100,173160,259560,259620,259680,346080,346140,346200,432600,432660,432720,519120,519180,519240,605640,605700,605760,692160,692220,692280,692340,692400,692460
MG.2005-61,24.0,male,Long Evans,Wild Type,06/10/2020,Gallagher_WM_1,Gallagher,No,Gall_SearchError,246.857285988498,HVS,7:00,19:00,CharlesRiver,Single,1.83,1.26,1.43,1.43,06/6/2020,90.1,23.5405105438402,2121.0,7737.4,87.0,1.0,1,06/6/2020,90.1,21.6981132075472,1955.0,6886.7,80.0,1.0,2,06/6/2020,3.8,14.4736842105263,55.0,20.1,20.0,1.0,3,06/7/2020,47.1,24.8407643312102,1170.0,3508.2,77.0,1.0,4,06/7/2020,29.4,24.1836734693878,711.0,1870.8,74.0,1.0,5,06/7/2020,30.7,26.1563517915309,803.0,2690.7,92.0,1.0,6,06/8/2020,61.1,24.3862520458265,1490.0,4147.4,72.0,2.0,7,06/8/2020,3.0,20.0,60.0,23.0,23.0,2.0,8,06/8/2020,6.0,23.5,141.0,48.9,48.0,2.0,9,06/9/2020,21.3,22.9577464788732,489.0,873.3,51.0,2.0,10,06/9/2020,90.1,22.7302996670366,2048.0,5920.8,66.0,2.0,11,06/9/2020,30.8,23.8961038961039,736.0,1485.3,51.0,2.0,12,06/10/2020,11.3,21.9469026548673,248.0,391.9,39.0,3.0,13,06/10/2020,13.6,24.1911764705882,329.0,380.7,42.0,3.0,14,06/10/2020,5.2,25.7692307692308,134.0,0.0,0.0,3.0,15,06/11/2020,37.9,24.2744063324538,920.0,1984.0,55.0,3.0,16,06/11/2020,90.1,23.4184239733629,2110.0,6384.9,71.0,3.0,17,06/11/2020,30.8,22.012987012987,678.0,1693.0,65.0,3.0,18,06/12/2020,6.1,24.2622950819672,148.0,88.1,44.0,4.0,19,06/12/2020,31.5,25.5238095238095,804.0,1703.9,63.0,4.0,20,06/12/2020,3.2,20.625,66.0,44.4,22.0,4.0,21,06/13/2020,11.3,24.9557522123894,282.0,281.6,40.0,4.0,22,06/13/2020,3.3,20.3030303030303,67.0,44.8,22.0,4.0,23,06/13/2020,30.9,23.5922330097087,729.0,1263.7,43.0,4.0,24,06/15/2005,9.5,25.2631578947368,240.0,336.7,67.0,5.0,25,06/15/2005,7.2,23.8888888888889,172.0,111.9,37.0,5.0,26,06/15/2005,17.2,22.1511627906977,381.0,867.5,66.0,5.0,27,06/15/2005,5.7,24.9122807017544,142.0,42.7,42.0,5.0,28,06/15/2005,12.5,18.96,237.0,503.8,62.0,5.0,29,06/15/2005,5.8,23.1034482758621,134.0,27.8,27.0,5.0,30,52.1,21.7473491525023,1202.0,92.0466666666667,13.0,35.0,0.0,0.0,36.3,22.7148596383473,845.0,51.12,35.0,9.0,2.0,0.0,31.62,23.9200280401006,748.0,68.89,41.0,1.0,0.0,0.0,11.08,23.1339774242393,273.0,44.42,34.0,13.0,2.0,0.0,9.65,23.0464897586566,217.0,0.0,73.0,5.0,1.0,0.0,spatial,spatial,spatial,spatial,spatial,probe,spatial,spatial,spatial,spatial,spatial,probe,spatial,spatial,spatial,spatial,spatial,probe,spatial,spatial,spatial,spatial,spatial,probe,visible,visible,visible,visible,visible,visible,0,60,120,86520,86580,86640,173040,173100,173160,259560,259620,259680,346080,346140,346200,432600,432660,432720,519120,519180,519240,605640,605700,605760,692160,692220,692280,692340,692400,692460
MG.2005-63,24.0,male,Long Evans,Wild Type,06/10/2020,Gallagher_WM_1,Gallagher,No,Gall_SearchError,226.232552393644,HVS,7:00,19:00,CharlesRiver,Single,1.83,1.26,1.43,1.43,06/6/2020,90.1,26.2375138734739,2364.0,7575.9,85.0,1.0,1,06/6/2020,28.3,22.2614840989399,630.0,1923.1,80.0,1.0,2,06/6/2020,90.1,20.5216426193119,1849.0,7638.8,85.0,1.0,3,06/7/2020,64.8,27.608024691358,1789.0,5034.7,79.0,1.0,4,06/7/2020,90.1,25.2275249722531,2273.0,6955.3,80.0,1.0,5,06/7/2020,30.8,25.3571428571429,781.0,2289.6,78.0,1.0,6,06/8/2020,59.9,26.3439065108514,1578.0,4175.5,74.0,2.0,7,06/8/2020,90.1,25.9267480577137,2336.0,6576.0,73.0,2.0,8,06/8/2020,29.9,23.5117056856187,703.0,1120.4,43.0,2.0,9,06/9/2020,9.5,26.9473684210526,256.0,435.9,72.0,2.0,10,06/9/2020,89.5,27.2290502793296,2437.0,6720.1,76.0,2.0,11,06/9/2020,30.7,21.3680781758958,656.0,1544.1,55.0,2.0,12,06/10/2020,90.1,25.2830188679245,2278.0,7129.9,80.0,3.0,13,06/10/2020,39.7,23.1486146095718,919.0,2527.0,72.0,3.0,14,06/10/2020,7.4,22.972972972973,170.0,179.0,59.0,3.0,15,06/11/2020,56.1,24.4385026737968,1371.0,3801.2,69.0,3.0,16,06/11/2020,90.1,25.1831298557159,2269.0,6549.1,73.0,3.0,17,06/11/2020,30.8,23.8636363636364,735.0,1340.6,51.0,3.0,18,06/12/2020,90.1,25.2053274139845,2271.0,5441.6,63.0,4.0,19,06/12/2020,12.1,21.900826446281,265.0,529.9,66.0,4.0,20,06/12/2020,9.7,25.6701030927835,249.0,726.7,90.0,4.0,21,06/13/2020,9.6,27.2916666666667,262.0,459.3,91.0,4.0,22,06/13/2020,18.3,27.0491803278689,495.0,873.0,51.0,4.0,23,06/13/2020,30.6,27.6143790849673,845.0,2061.4,71.0,4.0,24,06/15/2005,7.2,29.4444444444444,212.0,248.0,62.0,5.0,25,06/15/2005,12.1,27.9338842975207,338.0,712.4,79.0,5.0,26,06/15/2005,8.2,23.6585365853659,194.0,270.9,54.0,5.0,27,06/15/2005,9.5,23.4736842105263,223.0,355.0,59.0,5.0,28,06/15/2005,9.3,25.2688172043011,235.0,526.0,87.0,5.0,29,06/15/2005,10.3,24.5631067961165,253.0,644.8,92.0,5.0,30,72.68,24.3712380510674,1781.0,78.2533333333333,37.0,17.0,0.0,0.0,55.78,25.9917557909132,1462.0,55.8066666666667,36.0,13.0,3.0,0.0,56.68,24.2052477959964,1401.0,59.0466666666667,35.0,32.0,1.0,1.0,27.96,25.4234207895169,708.0,70.6166666666667,34.0,28.0,1.0,0.0,9.43333333333333,25.7237455897125,242.0,0.0,0.0,27.0,0.0,0.0,spatial,spatial,spatial,spatial,spatial,probe,spatial,spatial,spatial,spatial,spatial,probe,spatial,spatial,spatial,spatial,spatial,probe,spatial,spatial,spatial,spatial,spatial,probe,visible,visible,visible,visible,visible,visible,0,60,120,86520,86580,86640,173040,173100,173160,259560,259620,259680,346080,346140,346200,432600,432660,432720,519120,519180,519240,605640,605700,605760,692160,692220,692280,692340,692400,692460
MG.2005-65,24.0,male,Long Evans,Wild Type,06/10/2020,Gallagher_WM_1,Gallagher,No,Gall_SearchError,255.49375155739,HVS,7:00,19:00,CharlesRiver,Single,1.83,1.26,1.43,1.43,06/6/2020,90.1,21.6981132075472,1955.0,7868.6,89.0,1.0,1,06/6/2020,90.1,23.2963374028857,2099.0,7198.2,83.0,1.0,2,06/6/2020,90.1,21.4872364039956,1936.0,7750.9,88.0,1.0,3,06/7/2020,90.1,21.165371809101,1907.0,7447.3,84.0,1.0,4,06/7/2020,64.0,19.4375,1244.0,4810.0,81.0,1.0,5,06/7/2020,30.8,22.2402597402597,685.0,2389.0,82.0,1.0,6,06/8/2020,90.1,18.5904550499445,1675.0,7260.3,85.0,2.0,7,06/8/2020,90.1,20.4661487236404,1844.0,7783.9,88.0,2.0,8,06/8/2020,64.3,21.7262830482115,1397.0,4518.0,76.0,2.0,9,06/9/2020,61.9,21.8578352180937,1353.0,3967.8,70.0,2.0,10,06/9/2020,26.6,20.2255639097744,538.0,1285.8,53.0,2.0,11,06/9/2020,30.4,17.8289473684211,542.0,1580.0,56.0,2.0,12,06/10/2020,24.4,7.33606557377049,179.0,469.5,21.0,3.0,13,06/10/2020,17.8,20.5056179775281,365.0,582.5,48.0,3.0,14,06/10/2020,7.3,18.7671232876712,137.0,103.2,51.0,3.0,15,06/11/2020,68.1,21.2628487518355,1448.0,4242.2,64.0,3.0,16,06/11/2020,27.2,22.0955882352941,601.0,1653.1,66.0,3.0,17,06/11/2020,30.8,21.1038961038961,650.0,1681.7,64.0,3.0,18,06/12/2020,27.3,18.4981684981685,505.0,1057.5,45.0,4.0,19,06/12/2020,7.9,20.379746835443,161.0,202.0,67.0,4.0,20,06/12/2020,10.7,21.4018691588785,229.0,442.2,55.0,4.0,21,06/13/2020,9.1,22.0879120879121,201.0,214.6,42.0,4.0,22,06/13/2020,10.7,25.1401869158879,269.0,478.7,59.0,4.0,23,06/13/2020,30.7,23.8762214983713,733.0,1860.9,64.0,4.0,24,06/15/2005,5.7,22.4561403508772,128.0,49.5,49.0,5.0,25,06/15/2005,7.1,24.5070422535211,174.0,121.2,40.0,5.0,26,06/15/2005,13.7,18.1751824817518,249.0,641.8,71.0,5.0,27,06/15/2005,6.7,21.9402985074627,147.0,80.0,40.0,5.0,28,06/15/2005,5.5,21.2727272727273,117.0,32.3,32.0,5.0,29,06/15/2005,6.4,22.96875,147.0,45.5,22.0,5.0,30,84.88,21.4169117647059,1828.0,81.8933333333333,18.0,26.0,0.0,0.0,66.6,20.5732571899329,1361.0,56.5066666666667,33.0,13.0,3.0,0.0,28.96,17.9934487652199,546.0,71.3733333333333,25.0,31.0,1.0,1.0,13.14,21.501576699258,273.0,63.9733333333333,30.0,21.0,1.0,1.0,7.51666666666667,21.88669014439,160.0,0.0,61.0,2.0,1.0,0.0,spatial,spatial,spatial,spatial,spatial,probe,spatial,spatial,spatial,spatial,spatial,probe,spatial,spatial,spatial,spatial,spatial,probe,spatial,spatial,spatial,spatial,spatial,probe,visible,visible,visible,visible,visible,visible,0,60,120,86520,86580,86640,173040,173100,173160,259560,259620,259680,346080,346140,346200,432600,432660,432720,519120,519180,519240,605640,605700,605760,692160,692220,692280,692340,692400,692460
MG.2005-71,24.0,male,Long Evans,Wild Type,06/10/2020,Gallagher_WM_1,Gallagher,No,Gall_SearchError,264.493202888076,HVS,7:00,19:00,CharlesRiver,Single,1.83,1.26,1.43,1.43,06/6/2020,90.1,26.5926748057714,2396.0,8197.9,92.0,1.0,1,06/6/2020,54.2,20.3321033210332,1102.0,4245.0,84.0,1.0,2,06/6/2020,90.1,23.196448390677,2090.0,8297.0,93.0,1.0,3,06/7/2020,50.5,17.0693069306931,862.0,2321.1,47.0,1.0,4,06/7/2020,46.0,26.3260869565217,1211.0,3331.8,81.0,1.0,5,06/7/2020,30.7,27.0032573289902,829.0,1497.9,51.0,1.0,6,06/8/2020,90.1,15.2386237513873,1373.0,7057.2,82.0,2.0,7,06/8/2020,90.1,25.6048834628191,2307.0,5997.7,68.0,2.0,8,06/8/2020,52.3,24.225621414914,1267.0,3498.7,72.0,2.0,9,06/9/2020,48.7,18.6652977412731,909.0,2943.3,66.0,2.0,10,06/9/2020,16.6,22.1686746987952,368.0,1027.0,73.0,2.0,11,06/9/2020,30.9,23.8511326860841,737.0,1213.9,41.0,2.0,12,06/10/2020,90.1,13.9289678135405,1255.0,4289.5,48.0,3.0,13,06/10/2020,45.7,22.9321663019694,1048.0,2982.1,74.0,3.0,14,06/10/2020,51.7,22.6499032882012,1171.0,2350.3,51.0,3.0,15,06/11/2020,89.3,11.959686450168,1068.0,5155.6,59.0,3.0,16,06/11/2020,14.8,19.1216216216216,283.0,786.3,65.0,3.0,17,06/11/2020,30.6,21.2745098039216,651.0,1478.1,56.0,3.0,18,06/12/2020,28.1,15.1601423487544,426.0,1161.5,50.0,4.0,19,06/12/2020,45.5,16.5494505494506,753.0,1582.6,39.0,4.0,20,06/12/2020,3.3,21.5151515151515,71.0,0.0,0.0,4.0,21,06/13/2020,12.8,19.453125,249.0,501.4,71.0,4.0,22,06/13/2020,10.1,17.3267326732673,175.0,201.1,25.0,4.0,23,06/13/2020,30.9,15.631067961165,483.0,957.3,35.0,4.0,24,06/15/2005,16.0,15.3125,245.0,827.8,82.0,5.0,25,06/15/2005,8.2,16.8292682926829,138.0,96.8,32.0,5.0,26,06/15/2005,8.7,16.6666666666667,145.0,98.3,32.0,5.0,27,06/15/2005,8.5,18.3529411764706,156.0,137.5,45.0,5.0,28,06/15/2005,6.0,21.1666666666667,127.0,0.0,0.0,5.0,29,06/15/2005,6.3,20.4761904761905,129.0,0.0,0.0,5.0,30,66.18,22.7033240809393,1532.0,52.1166666666667,46.0,15.0,0.0,0.0,59.56,21.1806202138377,1244.0,42.11,69.0,4.0,0.0,0.0,58.32,18.1184690951001,965.0,62.86,28.0,19.0,0.0,1.0,19.96,18.0009204173248,334.0,37.8733333333333,51.0,4.0,3.0,0.0,8.95,18.1340388797796,156.0,0.0,72.0,3.0,1.0,0.0,spatial,spatial,spatial,spatial,spatial,probe,spatial,spatial,spatial,spatial,spatial,probe,spatial,spatial,spatial,spatial,spatial,probe,spatial,spatial,spatial,spatial,spatial,probe,visible,visible,visible,visible,visible,visible,0,60,120,86520,86580,86640,173040,173100,173160,259560,259620,259680,346080,346140,346200,432600,432660,432720,519120,519180,519240,605640,605700,605760,692160,692220,692280,692340,692400,692460
MG.2005-72,24.0,male,Long Evans,Wild Type,06/10/2020,Gallagher_WM_1,Gallagher,No,Gall_SearchError,196.920482115902,HVS,7:00,19:00,CharlesRiver,Single,1.83,1.26,1.43,1.43,06/6/2020,90.1,26.6703662597114,2403.0,7819.6,88.0,1.0,1,06/6/2020,90.1,18.0022197558269,1622.0,7930.9,93.0,1.0,2,06/6/2020,90.1,15.2719200887902,1376.0,6924.3,78.0,1.0,3,06/7/2020,90.1,9.91120976692564,893.0,6828.0,77.0,1.0,4,06/7/2020,90.1,20.5105438401776,1848.0,7030.8,82.0,1.0,5,06/7/2020,30.9,11.5210355987055,356.0,2395.2,92.0,1.0,6,06/8/2020,90.1,11.842397336293,1067.0,8221.6,99.0,2.0,7,06/8/2020,61.7,13.7763371150729,850.0,3007.8,51.0,2.0,8,06/8/2020,53.1,11.713747645951,622.0,4780.5,103.0,2.0,9,06/9/2020,90.1,17.0588235294118,1537.0,6031.1,72.0,2.0,10,06/9/2020,31.7,18.6435331230284,591.0,2228.8,79.0,2.0,11,06/9/2020,30.7,23.1921824104235,712.0,1801.2,62.0,2.0,12,06/10/2020,10.3,19.5145631067961,201.0,588.0,65.0,3.0,13,06/10/2020,39.1,24.5524296675192,960.0,2884.9,82.0,3.0,14,06/10/2020,17.1,20.233918128655,346.0,740.4,56.0,3.0,15,06/11/2020,7.0,20.8571428571429,146.0,170.7,34.0,3.0,16,06/11/2020,20.4,27.4019607843137,559.0,1365.7,71.0,3.0,17,06/11/2020,30.8,21.3636363636364,658.0,1785.4,68.0,3.0,18,06/12/2020,16.1,21.6770186335404,349.0,642.1,53.0,4.0,19,06/12/2020,5.9,26.4406779661017,156.0,13.8,13.0,4.0,20,06/12/2020,20.9,25.9808612440191,543.0,1509.3,79.0,4.0,21,06/13/2020,11.0,24.7272727272727,272.0,172.1,28.0,4.0,22,06/13/2020,4.6,20.6521739130435,95.0,96.0,32.0,4.0,23,06/13/2020,30.8,23.5064935064935,724.0,1875.4,64.0,4.0,24,06/15/2005,6.1,21.6393442622951,132.0,103.1,51.0,5.0,25,06/15/2005,5.3,24.3396226415094,129.0,0.0,0.0,5.0,26,06/15/2005,12.4,26.2903225806452,326.0,663.0,82.0,5.0,27,06/15/2005,20.4,19.1666666666667,391.0,1561.6,97.0,5.0,28,06/15/2005,5.9,23.2203389830508,137.0,35.4,35.0,5.0,29,06/15/2005,18.3,16.120218579235,295.0,1296.7,92.0,5.0,30,90.1,18.0732519422864,1628.0,89.66,0.0,0.0,0.0,0.0,65.34,14.6069677499514,933.0,61.8366666666667,47.0,7.0,0.0,0.0,18.78,22.5120029088854,442.0,72.2733333333333,23.0,10.0,0.0,0.0,11.7,23.8956008967955,283.0,65.14,42.0,12.0,1.0,1.0,11.4,21.7960856189004,235.0,0.0,89.0,1.0,0.0,0.0,spatial,spatial,spatial,spatial,spatial,probe,spatial,spatial,spatial,spatial,spatial,probe,spatial,spatial,spatial,spatial,spatial,probe,spatial,spatial,spatial,spatial,spatial,probe,visible,visible,visible,visible,visible,visible,0,60,120,86520,86580,86640,173040,173100,173160,259560,259620,259680,346080,346140,346200,432600,432660,432720,519120,519180,519240,605640,605700,605760,692160,692220,692280,692340,692400,692460
MG.2005-23,6.0,male,Long Evans,Wild Type,06/10/2020,Gallagher_WM_1,Gallagher,No,Gall_SearchError,274.158310900586,HVS,7:00,19:00,CharlesRiver,Single,1.83,1.26,1.43,1.43,06/6/2020,11.0,30.9090909090909,340.0,616.4,68.0,1.0,1,06/6/2020,90.1,26.0821309655938,2350.0,7107.7,82.0,1.0,2,06/6/2020,8.1,15.9259259259259,129.0,254.6,36.0,1.0,3,06/7/2020,2.7,22.5925925925926,61.0,22.3,22.0,1.0,4,06/7/2020,7.5,22.9333333333333,172.0,93.0,31.0,1.0,5,06/7/2020,30.7,30.586319218241,939.0,2452.5,84.0,1.0,6,06/8/2020,88.6,20.3498871331828,1803.0,5747.5,69.0,2.0,7,06/8/2020,3.9,18.7179487179487,73.0,19.3,19.0,2.0,8,06/8/2020,82.6,21.3438256658596,1763.0,5576.6,72.0,2.0,9,06/9/2020,90.1,15.7713651498335,1421.0,5387.6,63.0,2.0,10,06/9/2020,48.7,23.223819301848,1131.0,3469.2,75.0,2.0,11,06/9/2020,30.7,22.8338762214984,701.0,2073.5,71.0,2.0,12,06/10/2020,50.8,20.2755905511811,1030.0,3816.6,79.0,3.0,13,06/10/2020,16.0,22.375,358.0,465.3,42.0,3.0,14,06/10/2020,43.9,21.1389521640091,928.0,2293.9,58.0,3.0,15,06/11/2020,7.7,19.8701298701299,153.0,238.4,47.0,3.0,16,06/11/2020,23.3,21.0729613733906,491.0,1051.0,50.0,3.0,17,06/11/2020,30.8,17.4350649350649,537.0,946.0,39.0,3.0,18,06/12/2020,22.6,26.6814159292035,603.0,1404.2,78.0,4.0,19,06/12/2020,16.9,20.4733727810651,346.0,838.0,69.0,4.0,20,06/12/2020,5.7,18.0701754385965,103.0,173.3,43.0,4.0,21,06/13/2020,9.3,28.494623655914,265.0,213.6,42.0,4.0,22,06/13/2020,6.5,20.4615384615385,133.0,261.5,52.0,4.0,23,06/13/2020,30.7,22.7361563517915,698.0,1306.3,45.0,4.0,24,06/15/2005,10.4,27.7884615384615,289.0,391.6,78.0,5.0,25,06/15/2005,11.0,24.7272727272727,272.0,461.2,92.0,5.0,26,06/15/2005,26.7,20.2247191011236,540.0,2014.9,95.0,5.0,27,06/15/2005,8.7,17.5862068965517,153.0,164.1,54.0,5.0,28,06/15/2005,8.0,17.375,139.0,119.2,59.0,5.0,29,06/15/2005,8.6,17.093023255814,147.0,135.9,45.0,5.0,30,23.88,23.6886147453073,610.0,83.7766666666667,18.0,29.0,0.0,1.0,62.78,19.8813691937345,1238.0,70.9866666666667,30.0,19.0,0.0,1.0,28.34,20.9465267917421,592.0,49.1466666666667,66.0,2.0,0.0,0.0,12.2,22.8362252532635,290.0,45.8033333333333,66.0,3.0,2.0,0.0,12.2333333333333,20.7991139198706,256.0,0.0,40.0,5.0,0.0,0.0,spatial,spatial,spatial,spatial,spatial,probe,spatial,spatial,spatial,spatial,spatial,probe,spatial,spatial,spatial,spatial,spatial,probe,spatial,spatial,spatial,spatial,spatial,probe,visible,visible,visible,visible,visible,visible,0,60,120,86520,86580,86640,173040,173100,173160,259560,259620,259680,346080,346140,346200,432600,432660,432720,519120,519180,519240,605640,605700,605760,692160,692220,692280,692340,692400,692460
MG.2005-42,6.0,male,Long Evans,Wild Type,06/10/2020,Gallagher_WM_1,Gallagher,No,Gall_SearchError,225.030271071556,HVS,7:00,19:00,CharlesRiver,Single,1.83,1.26,1.43,1.43,nan,nan,nan,nan,nan,nan,nan,nan,nan,nan,nan,nan,nan,nan,nan,nan,nan,nan,nan,nan,nan,nan,nan,nan,nan,nan,nan,nan,nan,nan,nan,nan,nan,nan,nan,nan,nan,nan,nan,nan,nan,nan,nan,nan,nan,nan,nan,nan,nan,nan,nan,nan,nan,nan,nan,nan,nan,nan,nan,nan,nan,nan,nan,nan,nan,nan,nan,nan,nan,nan,nan,nan,nan,nan,nan,nan,nan,nan,nan,nan,nan,nan,nan,nan,nan,nan,nan,nan,nan,nan,nan,nan,nan,nan,nan,nan,nan,nan,nan,nan,nan,nan,nan,nan,nan,nan,nan,nan,nan,nan,nan,nan,nan,nan,nan,nan,nan,nan,nan,nan,nan,nan,nan,nan,nan,nan,nan,nan,nan,nan,nan,nan,nan,nan,nan,nan,nan,nan,nan,nan,nan,nan,nan,nan,nan,nan,nan,nan,nan,nan,nan,nan,nan,nan,nan,nan,nan,nan,nan,nan,nan,nan,nan,nan,nan,nan,nan,nan,nan,nan,nan,nan,nan,nan,nan,nan,nan,nan,nan,nan,nan,nan,nan,nan,nan,nan,nan,nan,nan,nan,nan,nan,nan,nan,nan,nan,nan,nan,nan,nan,nan,nan,nan,nan,nan,nan,nan,nan,nan,nan,nan,nan,nan,nan,nan,nan,nan,nan,nan,nan,nan,nan,nan,nan,nan,nan,nan,nan,nan,nan,nan,nan,nan,nan,nan,nan,nan,nan,nan,nan,nan,nan,nan,nan,nan,nan,nan,nan,nan,nan,nan,nan,nan,nan,nan,nan,nan,nan,nan,nan,nan,nan,nan,nan,nan,nan,nan,nan,nan,nan,nan,nan,nan,nan,nan,nan,nan,nan,nan,nan,spatial,spatial,spatial,spatial,spatial,probe,spatial,spatial,spatial,spatial,spatial,probe,spatial,spatial,spatial,spatial,spatial,probe,spatial,spatial,spatial,spatial,spatial,probe,visible,visible,visible,visible,visible,visible,0,60,120,86520,86580,86640,173040,173100,173160,259560,259620,259680,346080,346140,346200,432600,432660,432720,519120,519180,519240,605640,605700,605760,692160,692220,692280,692340,692400,692460
