TRIALISx,TXPNAMEx,RUNDATEx,RUNTIMEx,STARTPTx,SUBJECTx,DESCRIPT,MAXTIMsc,LATENTsc,PATHISmt,SPEEDmts,xTIMEFLT,HEADGdeg,THGTIMEx,THGPATHx,SLICEISx,SLCxONsc,SLCxGOsc,QUAD1xsc,QUAD2xsc,QUAD3xsc,QUAD4xsc,QUAD1xmt,QUAD2xmt,QUAD3xmt,QUAD4xmt,PROXIMmt,PROXmt01,PROXmt02,PROXmt03,PROXmt04,GALCUMms,CUMUms01,CUMUms02,CUMUms03,CUMUms04
001CW10262,BurkeCW102,10/26/2023,9:51:18,N,1806,swim01,90,31.2,8.78,0.28,2.4,-70.3,38.1,33.9,ok,0,90,43.9,21.4,9.6,25,38.2,25.5,13.3,22.8,0.94,0.94,0.73,0.91,1.04,29.34,29.34,22.66,28.47,32.35
002CW10262,BurkeCW102,10/26/2023,9:53:30,E,1806,swim02,90,45.2,11.71,0.26,0.7,-88,24.1,18.4,ok,0,90,17.2,39.8,32,10.8,16.2,37.5,34,12.1,1.04,1.1,1.04,0.53,0.6,46.81,49.64,46.81,24.11,27.15
003CW10262,BurkeCW102,10/26/2023,9:55:06,SW,1806,swim03,90,3.1,0.55,0.18,22.4,0.9,32.3,40.7,ok,0,90,0,0,100,0,0,0,100,0,0.13,1.17,1.44,0.52,0.13,0.41,3.63,4.47,1.63,0.41
004CW10262,BurkeCW102,10/26/2023,9:58:00,N,1807,swim01,90,9.3,2.38,0.26,2,-69.8,11.8,6.8,ok,0,90,17.2,0,31.1,51.6,20,0,25.4,54.4,0.52,0.52,1.03,0.95,0.79,4.88,4.88,9.58,8.85,7.38
005CW10262,BurkeCW102,10/26/2023,9:59:54,E,1807,swim02,90,10.4,2.53,0.24,0.8,-109.7,67.3,54.8,ok,0,90,33.6,66.3,0,0,31.7,68.2,0,0,0.67,1.45,0.67,0.63,1.03,6.96,15.12,6.96,6.52,10.73
006CW10262,BurkeCW102,10/26/2023,10:01:11,SW,1807,swim03,90,2.8,0.54,0.19,10.6,-7.3,21.4,27,ok,0,90,0,0,100,0,0,0,99.9,0,0.11,1.14,1.39,0.49,0.11,0.3,3.18,3.89,1.36,0.3
007CW10262,BurkeCW102,10/26/2023,10:03:17,N,1808,swim01,90,17.3,5.29,0.31,0.4,-30,32.9,29.5,ok,0,90,33.5,30,6.3,30,30.5,29,9.1,31.2,0.96,0.96,0.8,0.78,0.94,16.67,16.67,13.77,13.56,16.24
008CW10262,BurkeCW102,10/26/2023,10:06:20,E,1808,swim02,90,12.1,3.75,0.31,2.3,-43.5,28.9,19.9,ok,0,90,41.3,31.4,27.2,0,35.4,37.6,26.8,0,0.77,1.24,0.77,0.59,0.76,9.35,15.05,9.35,7.17,9.17
009CW10262,BurkeCW102,10/26/2023,10:07:41,SW,1808,swim03,90,2,0.4,0.2,4.9,-12,35,40.4,ok,0,90,0,0,100,0,0,0,100,0,0.14,1.16,1.47,0.57,0.14,0.27,2.31,2.94,1.14,0.27
010CW10262,BurkeCW102,10/26/2023,10:10:09,N,1809,swim01,90,12.8,4.56,0.36,2.2,-111.3,65.6,61.5,ok,0,90,19.5,32,29.6,18.7,23.1,31,30.4,15.3,1.08,1.08,1.14,0.81,0.82,13.84,13.84,14.59,10.34,10.45
011CW10262,BurkeCW102,10/26/2023,10:12:24,E,1809,swim02,90,8.3,1.86,0.22,4.7,-93.8,53,38.5,ok,0,90,67.4,32.5,0,0,61.1,38.8,0,0,0.38,1.24,0.38,0.88,1.19,3.18,10.32,3.18,7.31,9.9
012CW10262,BurkeCW102,10/26/2023,10:14:21,SW,1809,swim03,90,32.1,10.88,0.34,11.7,36.6,38.9,34.2,ok,0,90,10.9,41.7,37.6,9.6,11.5,50.6,26.5,11.1,0.65,1.18,1.06,0.6,0.65,20.96,37.81,33.97,19.24,20.96
013CW10262,BurkeCW102,10/26/2023,10:19:17,N,1810,swim01,90,51.3,17.53,0.34,0.6,-106.6,47.2,40.6,ok,0,90,9.7,40.3,31.1,18.7,14.5,37.2,29.3,18.8,1.08,1.08,1.12,0.67,0.72,55.3,55.3,57.35,34.59,36.88
014CW10262,BurkeCW102,10/26/2023,10:20:50,E,1810,swim02,90,14.5,4.28,0.3,3.3,-93.2,33.8,30.9,ok,0,90,33.7,15.8,31.7,18.6,25.3,18.5,32.9,23.1,0.92,0.98,0.92,0.76,0.77,13.29,14.21,13.29,11.06,11.09
015CW10262,BurkeCW102,10/26/2023,10:22:23,SW,1810,swim03,90,1.8,0.3,0.17,16.5,-76.6,0,0,ok,0,90,0,0,100,0,0,0,100,0,0.12,1.04,1.4,0.57,0.12,0.22,1.87,2.52,1.03,0.22
016CW10262,BurkeCW102,10/26/2023,10:24:30,N,1811,swim01,90,15.3,4.31,0.28,0.5,-118.4,31.4,26.7,ok,0,90,20.9,34.6,18.3,26.1,25.8,32.3,22,19.6,0.89,0.89,1.02,0.74,0.78,13.59,13.59,15.68,11.26,12.01
017CW10262,BurkeCW102,10/26/2023,10:25:45,E,1811,swim02,90,10.2,2.96,0.29,1.8,-45.8,11.8,4.6,ok,0,90,54.9,0.9,16.6,27.4,53.5,1.4,16.9,28,0.6,0.83,0.6,0.85,0.95,6.07,8.51,6.07,8.71,9.67
018CW10262,BurkeCW102,10/26/2023,10:27:16,SW,1811,swim03,90,0.1,0,0,99.9,0,100,0,ok,0,90,100,0,0,0,0,0,0,0,1.25,1.46,0.43,0.86,1.25,0.12,0.15,0.04,0.09,0.12
019CW10262,BurkeCW102,10/26/2023,10:29:17,N,1838,swim01,90,29.7,9.5,0.32,1.5,-125.8,45.5,44.9,ok,0,90,16.1,34.3,24.9,24.5,18.3,35.2,27.6,18.7,1.01,1.01,1.04,0.77,0.8,30.12,30.12,30.95,22.85,23.87
020CW10262,BurkeCW102,10/26/2023,10:30:38,E,1838,swim02,90,8.1,2.2,0.27,2.3,-119.4,28.4,24.3,ok,0,90,49.3,50.6,0,0,39.5,60.4,0,0,0.53,1.33,0.53,0.71,1.07,4.26,10.76,4.26,5.72,8.64
021CW10262,BurkeCW102,10/26/2023,10:32:07,SW,1838,swim03,90,8.9,2.69,0.3,1,25.9,23.6,21.5,ok,0,90,0,56.1,43.8,0,0,64.4,35.5,0,0.49,1.27,1.1,0.39,0.49,4.33,11.27,9.76,3.44,4.33
022CW10262,BurkeCW102,10/26/2023,10:34:22,N,1839,swim01,90,3.4,0.73,0.22,2.8,9.6,94.1,94.9,ok,0,90,0,0,0,100,0,0,0,100,0.18,0.18,1.18,1.36,1.21,0.61,0.61,4,4.61,4.11
023CW10262,BurkeCW102,10/26/2023,10:35:53,E,1839,swim02,90,2.2,0.51,0.23,4.4,-16.9,68.2,76.6,ok,0,90,100,0,0,0,99.9,0,0,0,0.18,1.31,0.18,1.02,1.34,0.39,2.88,0.39,2.24,2.94
024CW10262,BurkeCW102,10/26/2023,10:37:42,SW,1839,swim03,90,2.2,0.53,0.24,4.4,-3.9,45.5,49.8,ok,0,90,0,0,100,0,0,0,100,0,0.17,1.21,1.51,0.58,0.17,0.37,2.66,3.31,1.27,0.37
025CW10262,BurkeCW102,10/26/2023,10:39:17,N,1840,swim01,90,15.6,3.85,0.25,2.4,-116.7,46.2,39.9,ok,0,90,57.6,21.1,0,21.1,53.3,25.3,0,21.3,0.96,0.96,0.56,0.97,1.17,14.9,14.9,8.67,15.19,18.18
026CW10262,BurkeCW102,10/26/2023,10:40:41,E,1840,swim02,90,14.8,4.34,0.29,0.5,-122,27,20.4,ok,0,90,22.2,40.5,37.1,0,14.9,43.8,41.2,0,0.85,1.12,0.85,0.64,0.77,12.57,16.59,12.57,9.47,11.43
027CW10262,BurkeCW102,10/26/2023,10:42:09,SW,1840,swim03,90,4.6,1.31,0.28,2,-82.7,34.8,34.3,ok,0,90,0,0,100,0,0,0,99.9,0,0.37,0.9,1.41,0.73,0.37,1.71,4.13,6.49,3.37,1.71
028CW10262,BurkeCW102,10/26/2023,10:44:18,N,1841,swim01,90,11,4.23,0.38,2.6,-102.6,69.1,63.7,ok,0,90,21.8,27.2,26.3,24.5,24,28.1,29.4,18.3,0.94,0.94,1.12,0.83,0.81,10.31,10.31,12.27,9.12,8.96
029CW10262,BurkeCW102,10/26/2023,10:45:36,E,1841,swim02,90,2.1,0.51,0.25,9.4,0,52.4,46.9,ok,0,90,100,0,0,0,99.9,0,0,0,0.16,1.27,0.16,0.99,1.3,0.34,2.67,0.34,2.07,2.73
030CW10262,BurkeCW102,10/26/2023,10:47:24,SW,1841,swim03,90,11,3.48,0.32,1.7,-67.1,30.9,28,ok,0,90,10,44.5,37.2,8.1,11.8,42.7,33,12.4,0.56,1.18,1.11,0.51,0.56,6.21,12.97,12.24,5.6,6.21
031CW10262,BurkeCW102,10/26/2023,10:58:38,SE,1806,swim04,90,61.4,15.57,0.25,0.7,-38.8,25.4,17.2,ok,0,90,7,54.5,28,10.4,6.7,52.7,28.1,12.3,0.98,1.17,0.98,0.49,0.66,60.44,71.86,60.44,29.89,40.42
032CW10262,BurkeCW102,10/26/2023,11:00:36,NW,1806,swim05,90,10.4,2.17,0.21,5.6,-11.5,2.9,2.3,ok,0,90,37.5,17.3,6.7,38.4,32.2,14,11,42.5,0.69,0.72,0.82,0.69,0.75,7.13,7.44,8.51,7.13,7.8
033CW10262,BurkeCW102,10/26/2023,11:01:48,S,1806,swim06,90,6.1,1.71,0.28,4.8,32.5,21.3,10,ok,0,90,0,50.8,1.6,47.5,0,51.6,2.1,46.2,0.81,0.81,1.06,0.6,0.67,4.94,4.94,6.44,3.66,4.12
034CW10262,BurkeCW102,10/26/2023,11:03:29,SE,1807,swim04,90,9.5,2.79,0.29,0.9,-94.3,12.6,7.2,ok,0,90,31.5,15.7,32.6,20,28.1,12.8,34.1,24.8,0.88,0.93,0.88,0.72,0.71,8.36,8.87,8.36,6.85,6.77
035CW10262,BurkeCW102,10/26/2023,11:04:49,NW,1807,swim05,90,5.6,1.76,0.31,1.6,15.3,3.6,1.7,ok,0,90,0,19.6,48.2,32.1,0,11,53.7,35.1,0.61,0.83,1.22,0.61,0.46,3.42,4.65,6.85,3.42,2.56
036CW10262,BurkeCW102,10/26/2023,11:06:13,S,1807,swim06,90,22.4,7.89,0.35,2.1,100.2,54.5,39.1,ok,0,90,13.3,42.4,27.6,16.5,11.2,34.9,31.4,22.3,1.15,1.15,1.14,0.66,0.73,25.84,25.84,25.45,14.74,16.31
037CW10262,BurkeCW102,10/26/2023,11:08:14,SE,1808,swim04,90,12.4,4.23,0.34,0.7,-85.8,18.5,15.3,ok,0,90,20.1,12,30.6,37,18.5,13,30.7,37.6,1.03,0.8,1.03,0.8,0.71,12.75,9.94,12.75,9.87,8.82
038CW10262,BurkeCW102,10/26/2023,11:09:46,NW,1808,swim05,90,15,5.4,0.36,0.5,22.2,38,35.7,ok,0,90,23.3,37.3,21.3,18,25.2,30.5,24.7,19.5,0.69,1.05,0.87,0.69,0.82,10.29,15.8,13.12,10.29,12.36
039CW10262,BurkeCW102,10/26/2023,11:11:11,S,1808,swim06,90,7.2,2.52,0.35,1.2,57.2,12.5,3.4,ok,0,90,40.2,25,0,34.7,42.1,30.7,0,27,0.82,0.82,0.7,0.86,1.02,5.92,5.92,5.06,6.22,7.36
040CW10262,BurkeCW102,10/26/2023,11:13:02,SE,1809,swim04,90,32.9,10.61,0.32,0.2,-84,56.2,52.5,ok,0,90,38.9,37.9,13.3,9.7,34.4,37.6,16.7,11.1,0.81,1.18,0.81,0.76,0.94,26.69,38.77,26.69,25,31
041CW10262,BurkeCW102,10/26/2023,11:14:50,NW,1809,swim05,90,21.4,6.76,0.32,2.2,46.9,52.3,52.7,ok,0,90,21.9,47.6,19.6,10.7,22.4,43.1,22.4,12,0.63,1.19,1,0.63,0.78,13.5,25.36,21.31,13.5,16.76
042CW10262,BurkeCW102,10/26/2023,11:17:01,S,1809,swim06,90,60.5,17.63,0.29,3,2.3,39.5,27,ok,0,90,10.7,36.1,36.3,16.6,13.1,28,39.6,19.2,1.1,1.1,1.13,0.64,0.66,66.56,66.56,68.31,38.83,40.03
043CW10262,BurkeCW102,10/26/2023,11:18:45,SE,1810,swim04,90,7.2,2.49,0.35,1.2,-67.5,15.3,9.9,ok,0,90,37.5,19.4,22.2,20.8,32.1,17.9,26.2,23.6,0.79,0.96,0.79,0.67,0.75,5.67,6.88,5.67,4.83,5.38
044CW10262,BurkeCW102,10/26/2023,11:20:16,NW,1810,swim05,90,6.5,2.09,0.32,6,-39.7,10.8,9.5,ok,0,90,24.6,50.7,0,24.6,32.3,40.4,0,27.2,0.6,0.98,0.84,0.6,0.85,3.92,6.39,5.43,3.92,5.5
045CW10262,BurkeCW102,10/26/2023,11:21:40,S,1810,swim06,90,12.5,3.71,0.3,2.3,49,38.4,33,ok,0,90,0,65.6,16.8,17.6,0,63.2,21.6,15.1,1.19,1.19,1.07,0.56,0.74,14.87,14.87,13.33,6.96,9.29
046CW10262,BurkeCW102,10/26/2023,11:23:19,SE,1811,swim04,90,13.8,3.76,0.27,2,-71.5,25.4,18.3,ok,0,90,28.9,10.1,39.8,21,23.8,11.6,38.2,26.2,0.95,0.86,0.95,0.84,0.76,13.04,11.83,13.04,11.54,10.51
047CW10262,BurkeCW102,10/26/2023,11:25:19,NW,1811,swim05,90,4.8,1.35,0.28,10.3,16.4,12.5,7.1,ok,0,90,0,25,33.3,41.6,0,12.7,45.2,42,0.64,0.69,1.14,0.64,0.58,3.07,3.3,5.49,3.07,2.79
048CW10262,BurkeCW102,10/26/2023,11:26:26,S,1811,swim06,90,12,3.3,0.27,4,62,42.5,36,ok,0,90,0,44.1,28.3,27.5,0,40.7,36.5,22.7,1.02,1.02,1.27,0.64,0.64,12.24,12.24,15.25,7.66,7.64
049CW10262,BurkeCW102,10/26/2023,11:30:02,SE,1838,swim04,90,8.7,3.32,0.38,1,-108.3,46,41.3,ok,0,90,28.7,10.3,32.1,28.7,22.1,9.8,37.3,30.5,1.03,0.91,1.03,0.84,0.75,8.96,7.93,8.96,7.27,6.55
050CW10262,BurkeCW102,10/26/2023,11:31:18,NW,1838,swim05,90,3.2,1.07,0.33,3,-20.8,0,0,ok,0,90,0,62.5,28.1,9.3,0,49.9,41,9,0.33,1,1,0.33,0.51,1.06,3.19,3.19,1.06,1.63
051CW10262,BurkeCW102,10/26/2023,11:32:43,S,1838,swim06,90,16.2,5,0.31,0.5,48.5,43.8,37.4,ok,0,90,5.5,54.9,23.4,16,7.6,52.3,24.6,15.3,1.16,1.16,1.09,0.55,0.67,18.85,18.85,17.58,8.97,10.86
052CW10262,BurkeCW102,10/26/2023,11:35:00,SE,1839,swim04,90,54.8,14.06,0.26,0.6,-53.3,55.5,50.5,ok,0,90,11.1,54.9,26.2,7.6,9.9,52.3,28.2,9.4,1.1,1.32,1.1,0.53,0.68,60.48,72.11,60.48,28.86,37.2
053CW10262,BurkeCW102,10/26/2023,11:36:33,NW,1839,swim05,90,15.8,5.65,0.36,0.5,22.9,21.5,21,ok,0,90,25.9,20.8,19.6,33.5,23.1,17.1,20,39.5,0.86,0.8,0.94,0.86,0.84,13.56,12.61,14.84,13.56,13.3
054CW10262,BurkeCW102,10/26/2023,11:37:56,S,1839,swim06,90,13.1,3.72,0.28,0.6,-48.7,26,18.7,ok,0,90,25.9,35.1,20.6,18.3,28.8,37.9,15.7,17.4,1.11,1.11,0.92,0.62,0.77,14.49,14.49,12.1,8.15,10.09
055CW10262,BurkeCW102,10/26/2023,11:39:26,SE,1840,swim04,90,14.4,4.5,0.31,1.9,-74,57.6,50.2,ok,0,90,21.5,24.3,33.3,20.8,19,20.9,32.6,27.3,1.03,0.89,1.03,0.9,0.89,14.86,12.77,14.86,12.94,12.86
056CW10262,BurkeCW102,10/26/2023,11:40:51,NW,1840,swim05,90,8.2,2.4,0.29,2.3,-19.8,28,28.5,ok,0,90,0,13.4,47.5,39,0,6.7,49.8,43.3,0.82,0.72,1.31,0.82,0.59,6.69,5.93,10.78,6.69,4.86
057CW10262,BurkeCW102,10/26/2023,11:41:52,S,1840,swim06,90,6.8,2.2,0.32,1.3,-4.3,25,18.8,ok,0,90,11.7,11.7,39.7,36.7,12.1,11.3,41.7,34.7,0.75,0.75,1.06,0.73,0.63,5.13,5.13,7.23,4.96,4.29
058CW10262,BurkeCW102,10/26/2023,11:43:25,SE,1841,swim04,90,3.5,1.02,0.29,2.7,-5.1,20,7.8,ok,0,90,65.7,34.2,0,0,54.6,45.3,0,0,0.37,1.26,0.37,0.76,1.1,1.29,4.42,1.29,2.66,3.86
059CW10262,BurkeCW102,10/26/2023,11:44:42,NW,1841,swim05,90,5.5,1.98,0.36,1.7,45.2,29.1,25.1,ok,0,90,0,20,47.2,32.7,0,11.9,57.9,30,0.74,0.84,1.37,0.74,0.55,4.05,4.63,7.55,4.05,3.01
060CW10262,BurkeCW102,10/26/2023,11:45:40,S,1841,swim06,90,8.5,2.92,0.34,1,55.7,8.2,6.3,ok,0,90,32.9,40,0,27,37.2,41.7,0,21,1,1,0.78,0.8,1,8.48,8.48,6.63,6.82,8.49
061CW10262,BurkeCW102,10/26/2023,11:56:46,N,1812,swim01,90,11.3,3.91,0.35,0.7,-100.2,54,51.7,ok,0,90,20.3,14.1,43.3,22.1,24.5,16.2,38.8,20.3,0.89,0.89,1.16,0.8,0.68,10.04,10.04,13.13,9.05,7.68
062CW10262,BurkeCW102,10/26/2023,11:58:08,E,1812,swim02,90,16.2,4.55,0.28,1.1,-43.3,38.3,42.8,ok,0,90,38.2,16.6,20.3,24.6,32.8,15.7,20.4,30.9,0.86,0.91,0.86,0.82,0.88,13.86,14.71,13.86,13.36,14.24
063CW10262,BurkeCW102,10/26/2023,11:59:21,SW,1812,swim03,90,1.7,0.28,0.17,17.5,-103.4,0,0,ok,0,90,0,0,100,0,0,0,100,0,0.11,1.11,1.42,0.54,0.11,0.18,1.88,2.41,0.92,0.18
064CW10262,BurkeCW102,10/26/2023,12:01:58,N,1813,swim01,90,15,4.47,0.3,0.5,-50.8,40,37.4,ok,0,90,34,22,10,34,30.6,26,12.7,30.4,0.93,0.93,0.71,0.91,1.05,13.98,13.98,10.68,13.72,15.79
065CW10262,BurkeCW102,10/26/2023,12:04:45,E,1813,swim02,90,90,25.82,0.29,0.1,-106,33,27.6,ok,0,90,13.8,17.8,28.3,39.8,14.8,17.3,27.5,40.2,1.08,0.81,1.08,0.86,0.8,96.9,72.71,96.9,77.18,71.75
066CW10262,BurkeCW102,10/26/2023,12:05:59,SW,1813,swim03,90,10.9,3.31,0.3,0.8,-77.7,12.8,11.5,ok,0,90,33.9,11.9,34.8,19.2,30.3,14.4,29.1,26,0.71,0.8,0.98,0.8,0.71,7.7,8.68,10.73,8.72,7.7
067CW10262,BurkeCW102,10/26/2023,12:08:00,N,1814,swim01,90,15.1,4.53,0.3,1.2,-129.9,78.8,72.6,ok,0,90,26.4,24.5,33.7,15.2,26,27.5,32,14.3,1.04,1.04,1.13,0.88,0.86,15.69,15.69,17.06,13.35,12.93
068CW10262,BurkeCW102,10/26/2023,12:09:18,E,1814,swim02,90,20.2,5.97,0.3,0.8,-103,38.1,30.2,ok,0,90,13.3,49,37.6,0,11,51.2,37.7,0,1.03,1.31,1.03,0.48,0.6,20.82,26.46,20.82,9.67,12.14
069CW10262,BurkeCW102,10/26/2023,12:10:19,SW,1814,swim03,90,2.7,0.45,0.17,11,-1.7,37,34.9,ok,0,90,0,0,100,0,0,0,99.9,0,0.2,1.07,1.48,0.65,0.2,0.53,2.89,4.01,1.76,0.53
070CW10262,BurkeCW102,10/26/2023,12:12:03,N,1815,swim01,90,12.6,3.88,0.31,3,-129.9,63.5,55.2,ok,0,90,38,44.4,0,17.4,43.3,37.8,0,18.7,1.17,1.17,0.68,0.85,1.12,14.72,14.72,8.55,10.7,14.1
071CW10262,BurkeCW102,10/26/2023,12:13:06,E,1815,swim02,90,21.1,6.06,0.29,2.2,-118.6,48.3,37.4,ok,0,90,14.6,56.3,28.9,0,13.5,52.3,34.1,0,1.06,1.25,1.06,0.55,0.68,22.31,26.45,22.31,11.6,14.34
072CW10262,BurkeCW102,10/26/2023,12:14:07,SW,1815,swim03,90,1.4,0.26,0.19,7,22.3,14.3,11,ok,0,90,0,0,100,0,0,0,100,0,0.1,1.15,1.45,0.54,0.1,0.13,1.62,2.02,0.75,0.13
073CW10262,BurkeCW102,10/26/2023,12:15:52,N,1816,swim01,90,11.8,3.44,0.29,0.7,-107.7,0,0,ok,0,90,11.8,41.5,8.4,38.1,15.1,38.5,11.9,34.4,0.85,0.85,0.91,0.59,0.73,9.97,9.97,10.7,6.97,8.65
074CW10262,BurkeCW102,10/26/2023,12:16:54,E,1816,swim02,90,3,0.64,0.21,3.2,-5.1,33.3,25.8,ok,0,90,93.3,6.6,0,0,96.6,3.3,0,0,0.28,1.31,0.28,0.87,1.22,0.85,3.94,0.85,2.61,3.65
075CW10262,BurkeCW102,10/26/2023,12:19:27,SW,1816,swim03,90,8,1.61,0.2,7.4,25.4,68.8,68.6,ok,0,90,0,0,100,0,0,0,99.9,0,0.29,1.35,1.53,0.53,0.29,2.31,10.83,12.26,4.22,2.31
076CW10262,BurkeCW102,10/26/2023,12:21:14,N,1817,swim01,90,1.9,0.43,0.23,10.4,-46,100,100,ok,0,90,0,0,0,100,0,0,0,100,0.23,0.23,1.1,1.37,1.26,0.44,0.44,2.08,2.61,2.4
077CW10262,BurkeCW102,10/26/2023,12:22:17,E,1817,swim02,90,1.4,0.39,0.28,7,-35.1,71.4,80.6,ok,0,90,100,0,0,0,100,0,0,0,0.28,1.39,0.28,0.96,1.31,0.39,1.94,0.39,1.34,1.83
078CW10262,BurkeCW102,10/26/2023,12:23:43,SW,1817,swim03,90,3.6,1.08,0.3,2.6,-86.9,47.2,47,ok,0,90,0,0,100,0,0,0,100,0,0.42,0.91,1.5,0.82,0.42,1.5,3.27,5.41,2.96,1.5
079CW10262,BurkeCW102,10/26/2023,12:25:41,N,1842,swim01,90,14.1,4.41,0.31,0.6,-116.3,54.6,53.4,ok,0,90,26.2,31.9,24.8,17,29.2,31,26.5,13.2,1.11,1.11,0.95,0.78,0.87,15.63,15.63,13.39,11.07,12.21
080CW10262,BurkeCW102,10/26/2023,12:27:34,E,1842,swim02,90,15.4,4.15,0.27,0.5,-118.2,36.4,29,ok,0,90,14.9,37,9.7,38.3,14.7,34.5,12.6,38.1,0.97,0.89,0.97,0.78,0.87,14.92,13.68,14.92,12.01,13.47
081CW10262,BurkeCW102,10/26/2023,12:28:56,SW,1842,swim03,90,1.7,0.61,0.36,5.7,-3.2,11.8,12.6,ok,0,90,0,0,100,0,0,0,100,0,0.11,1.1,1.38,0.51,0.11,0.18,1.87,2.35,0.87,0.18
082CW10262,BurkeCW102,10/26/2023,12:31:14,N,1843,swim01,90,21.2,6.24,0.29,3.6,-133,60.8,58.5,ok,0,90,20.7,17.4,49.5,12.2,21.4,23.8,43.1,11.5,1.1,1.1,1.17,0.78,0.69,23.24,23.24,24.71,16.56,14.72
083CW10262,BurkeCW102,10/26/2023,12:32:27,E,1843,swim02,90,1.6,0.41,0.26,6.1,-5.5,100,100,ok,0,90,100,0,0,0,99.9,0,0,0,0.28,1.4,0.28,0.96,1.32,0.45,2.23,0.45,1.54,2.11
084CW10262,BurkeCW102,10/26/2023,12:35:09,SW,1843,swim03,90,2.7,0.75,0.28,7.3,-55.1,40.7,48.2,ok,0,90,0,0,100,0,0,0,100,0,0.31,1,1.53,0.76,0.31,0.85,2.71,4.12,2.05,0.85
085CW10262,BurkeCW102,10/26/2023,12:37:58,N,1844,swim01,90,34.4,10.58,0.31,5.4,-144,75,67.5,ok,0,90,29.3,29.9,33.4,7.2,28.2,29.3,36.3,6,1.13,1.13,1.07,0.82,0.86,38.74,38.74,36.66,28.13,29.42
086CW10262,BurkeCW102,10/26/2023,12:39:45,E,1844,swim02,90,2.1,0.39,0.18,14.1,-5,100,100,ok,0,90,100,0,0,0,100,0,0,0,0.22,1.36,0.22,1,1.34,0.46,2.86,0.46,2.09,2.81
087CW10262,BurkeCW102,10/26/2023,12:41:42,SW,1844,swim03,90,5.3,1.31,0.25,18.7,-48.5,18.9,16.4,ok,0,90,0,26.4,73.5,0,0,36.8,63.1,0,0.22,1.18,1.32,0.39,0.22,1.17,6.28,6.99,2.09,1.17
088CW10262,BurkeCW102,10/26/2023,12:44:17,N,1845,swim01,90,52.6,15.95,0.3,1.6,-130.7,77.6,65.5,ok,0,90,38.2,49.8,4.7,7.2,44.2,42.5,2.5,10.6,1.34,1.34,0.74,0.8,1.1,70.5,70.5,38.7,42.08,58.02
089CW10262,BurkeCW102,10/26/2023,12:46:08,E,1845,swim02,90,32,7.51,0.23,2.7,-134.7,83.1,77.5,ok,0,90,7.1,42.5,24.6,25.6,6.4,40.2,27.2,25.9,1.2,1.12,1.2,0.8,0.84,38.39,35.7,38.39,25.48,27.04
090CW10262,BurkeCW102,10/26/2023,12:48:07,SW,1845,swim03,90,21.3,6.05,0.28,12.5,125.6,52.1,62.2,ok,0,90,23,13.1,47.4,16.4,23.6,19.7,33.8,22.8,0.73,1.01,1.03,0.81,0.73,15.45,21.6,21.85,17.35,15.45
091CW10262,BurkeCW102,10/26/2023,12:53:45,SE,1812,swim04,90,7.5,2.22,0.3,1.2,-44.9,12,9.3,ok,0,90,30.6,40,22.6,6.6,37.3,27.3,26.1,9,0.86,1.13,0.86,0.44,0.64,6.48,8.48,6.48,3.3,4.81
092CW10262,BurkeCW102,10/26/2023,12:55:05,NW,1812,swim05,90,7.1,2.82,0.4,1.3,-75.8,7,14.9,ok,0,90,39.4,33.8,0,26.7,37.6,25.6,0,36.7,0.78,0.93,0.69,0.78,0.98,5.55,6.59,4.9,5.55,6.99
093CW10262,BurkeCW102,10/26/2023,12:57:15,S,1812,swim06,90,14.6,4.68,0.32,0.5,-30.5,54.1,58.4,ok,0,90,0,30.8,55.4,13.6,0,30.4,55.2,14.2,1.11,1.11,1.35,0.63,0.53,16.18,16.18,19.76,9.19,7.67
094CW10262,BurkeCW102,10/26/2023,12:59:36,SE,1813,swim04,90,14.7,4.76,0.32,0.5,-60.6,21.8,19.3,ok,0,90,14.9,10.2,53.7,21,14.9,12,47.9,24.9,1.09,0.88,1.09,0.76,0.61,16.09,12.88,16.09,11.24,9
095CW10262,BurkeCW102,10/26/2023,13:01:28,NW,1813,swim05,90,13.6,4.77,0.35,0.6,23.5,33.1,30.3,ok,0,90,13.9,21.3,30.1,34.5,16.1,16.9,33.5,33.2,0.8,0.85,1.13,0.8,0.73,10.84,11.61,15.32,10.84,9.89
096CW10262,BurkeCW102,10/26/2023,13:02:57,S,1813,swim06,90,6.8,2.25,0.33,1.3,32.9,0,0,ok,0,90,50,23.5,0,26.4,47.5,27.6,0,24.7,0.75,0.75,0.71,0.85,0.95,5.09,5.09,4.82,5.78,6.44
097CW10262,BurkeCW102,10/26/2023,13:05:02,SE,1814,swim04,90,12.2,4.09,0.34,0.7,-111.7,85.2,82,ok,0,90,20.4,15.5,31.9,31.9,20.2,13.6,31.3,34.8,1.16,0.94,1.16,0.95,0.88,14.14,11.43,14.14,11.63,10.78
098CW10262,BurkeCW102,10/26/2023,13:06:58,NW,1814,swim05,90,12.3,4.06,0.33,0.7,-83,91.1,93.7,ok,0,90,32.5,43.9,0,23.5,33.8,39.2,0,26.8,0.89,1.14,0.85,0.89,1.1,11,14.02,10.5,11,13.57
099CW10262,BurkeCW102,10/26/2023,13:08:06,S,1814,swim06,90,5.7,1.69,0.3,10.4,-28.2,35.1,22.3,ok,0,90,0,0,52.6,47.3,0,0,62,37.9,0.67,0.67,1.25,0.83,0.6,3.8,3.8,7.15,4.7,3.42
100CW10262,BurkeCW102,10/26/2023,13:10:03,SE,1815,swim04,90,2.4,1,0.42,4,-10.5,16.7,11,ok,0,90,41.6,58.3,0,0,42.9,57,0,0,0.58,1.34,0.58,0.61,0.99,1.39,3.21,1.39,1.47,2.38
101CW10262,BurkeCW102,10/26/2023,13:11:22,NW,1815,swim05,90,3.7,1.48,0.4,2.6,-21.8,21.6,15.8,ok,0,90,0,29.7,5.4,64.8,0,29,6.4,64.4,0.8,0.6,0.94,0.8,0.83,2.98,2.22,3.49,2.98,3.07
102CW10262,BurkeCW102,10/26/2023,13:12:50,S,1815,swim06,90,9.6,3.25,0.34,0.9,40,27.1,17.4,ok,0,90,20.8,50,11.4,17.7,26.4,46.9,9,17.5,1.14,1.14,0.85,0.65,0.88,10.99,10.99,8.2,6.22,8.44
103CW10262,BurkeCW102,10/26/2023,13:15:02,SE,1816,swim04,90,3.1,0.96,0.31,3.1,-3.3,25.8,20.5,ok,0,90,38.7,61.2,0,0,42.1,57.8,0,0,0.58,1.42,0.58,0.66,1.06,1.8,4.39,1.8,2.04,3.29
104CW10262,BurkeCW102,10/26/2023,13:16:39,NW,1816,swim05,90,10.3,3.3,0.32,0.8,28.3,35.9,33,ok,0,90,1.9,16.5,18.4,63.1,1.9,15.7,17.1,65.2,0.95,0.51,1.2,0.95,0.8,9.83,5.26,12.34,9.83,8.22
105CW10262,BurkeCW102,10/26/2023,13:18:20,S,1816,swim06,90,6.7,2.16,0.32,1.3,85.6,28.4,19.7,ok,0,90,25.3,52.2,0,22.3,30.4,45.4,0,24,1.09,1.09,0.86,0.61,0.86,7.28,7.28,5.74,4.07,5.74
106CW10262,BurkeCW102,10/26/2023,13:20:06,SE,1817,swim04,90,3.1,1.06,0.34,3.1,16.5,54.8,55.5,ok,0,90,38.7,61.2,0,0,37.2,62.7,0,0,0.61,1.49,0.61,0.72,1.13,1.9,4.63,1.9,2.23,3.49
107CW10262,BurkeCW102,10/26/2023,13:21:32,NW,1817,swim05,90,4.5,1.56,0.35,2.1,38.7,26.7,28.5,ok,0,90,0,15.5,60,24.4,0,9.6,64.6,25.6,0.69,0.84,1.34,0.69,0.47,3.11,3.76,6.01,3.11,2.11
108CW10262,BurkeCW102,10/26/2023,13:22:50,S,1817,swim06,90,11.1,3.14,0.28,0.8,49.8,9,7.8,ok,0,90,0,38.7,37.8,23.4,0,41.5,35.3,23.1,0.87,0.87,1.14,0.65,0.62,9.67,9.67,12.67,7.26,6.86
109CW10262,BurkeCW102,10/26/2023,13:24:34,SE,1842,swim04,90,11.7,4.03,0.34,0.7,-104.7,83.8,82.8,ok,0,90,20.5,15.3,38.4,25.6,18.6,13.1,36,32.1,1.2,0.96,1.2,0.93,0.83,14.08,11.23,14.08,10.94,9.66
110CW10262,BurkeCW102,10/26/2023,13:26:27,NW,1842,swim05,90,4.6,1.39,0.3,2,0.8,19.6,13.5,ok,0,90,0,21.7,21.7,56.5,0,19.9,24.1,55.9,0.73,0.61,1.1,0.73,0.67,3.36,2.81,5.06,3.36,3.08
111CW10262,BurkeCW102,10/26/2023,13:27:54,S,1842,swim06,90,14.2,7.54,0.53,3.4,176.6,46.5,32.2,ok,0,90,1.4,30.2,33,35.2,6,23.6,37.5,32.8,0.89,0.89,1.2,0.81,0.76,12.6,12.6,16.98,11.47,10.85
112CW10262,BurkeCW102,10/26/2023,13:29:37,SE,1843,swim04,90,3.9,1.08,0.28,2.4,-6.2,25.6,18,ok,0,90,43.5,56.4,0,0,45.2,54.7,0,0,0.55,1.36,0.55,0.63,1.02,2.16,5.29,2.16,2.47,3.98
113CW10262,BurkeCW102,10/26/2023,13:31:32,NW,1843,swim05,90,4.6,1.63,0.35,2,-29.8,19.6,15,ok,0,90,0,15.2,26,58.6,0,10.3,33.5,56.1,0.82,0.55,1.07,0.82,0.74,3.77,2.54,4.93,3.77,3.41
114CW10262,BurkeCW102,10/26/2023,13:32:40,S,1843,swim06,90,5.3,1.89,0.36,5.5,32.3,32.1,19.1,ok,0,90,0,37.7,13.2,49,0,40.3,17.1,42.5,0.78,0.78,1.09,0.67,0.72,4.14,4.14,5.8,3.57,3.8
115CW10262,BurkeCW102,10/26/2023,13:34:45,SE,1844,swim04,90,12.5,3.92,0.31,1.5,-116.2,74.4,74.8,ok,0,90,20,18.4,31.2,30.4,15.9,15.6,35.8,32.5,1.19,0.94,1.19,0.93,0.85,14.93,11.76,14.93,11.66,10.6
116CW10262,BurkeCW102,10/26/2023,13:36:17,NW,1844,swim05,90,6.3,2.35,0.37,1.4,-64.2,15.9,20.2,ok,0,90,41.2,39.6,0,19,44,31.8,0,24,0.76,1.03,0.66,0.76,1.02,4.82,6.47,4.16,4.82,6.45
117CW10262,BurkeCW102,10/26/2023,13:37:44,S,1844,swim06,90,12.2,3.89,0.32,0.7,84.4,22.1,20.6,ok,0,90,2.4,51.6,27.8,18,1.5,53.9,29.7,14.7,1.14,1.14,1.13,0.62,0.7,13.87,13.87,13.73,7.51,8.5
118CW10262,BurkeCW102,10/26/2023,13:39:34,SE,1845,swim04,90,12.1,4.01,0.33,0.7,-113.7,82.6,77.9,ok,0,90,19.8,14,33,33,17.9,13.5,35.8,32.6,1.23,0.92,1.23,0.99,0.88,14.86,11.1,14.86,12.04,10.61
119CW10262,BurkeCW102,10/26/2023,13:40:50,NW,1845,swim05,90,28.2,4.36,0.15,33.2,-81,29.4,62.7,ok,0,90,14.1,79,0,6.7,32.2,54.4,0,13.3,0.38,1.21,0.97,0.38,0.67,10.75,34.2,27.26,10.75,18.76
120CW10262,BurkeCW102,10/26/2023,13:41:52,S,1845,swim06,90,18.7,5.49,0.29,4.1,-43.5,44.9,37.7,ok,0,90,35.2,21.9,19.7,22.9,37.6,15,23.7,23.5,1.06,1.06,0.81,0.82,0.92,19.77,19.77,15.21,15.34,17.16
