test_s_1,date_s_1,time_s_1,animal,duration_s_1,ttr_dist_s_1,mean_speed_s_1,ttr_platform_mean_dist_s_1,cum_dist_s_1,trial_num_s_1,datetime_trial_s_1,test_s_2,date_s_2,time_s_2,duration_s_2,ttr_dist_s_2,mean_speed_s_2,ttr_platform_mean_dist_s_2,cum_dist_s_2,trial_num_s_2,datetime_trial_s_2,test_s_3,date_s_3,time_s_3,duration_s_3,ttr_dist_s_3,mean_speed_s_3,ttr_platform_mean_dist_s_3,cum_dist_s_3,trial_num_s_3,datetime_trial_s_3,test_s_4,date_s_4,time_s_4,duration_s_4,ttr_dist_s_4,mean_speed_s_4,ttr_platform_mean_dist_s_4,cum_dist_s_4,trial_num_s_4,datetime_trial_s_4,test_s_5,date_s_5,time_s_5,duration_s_5,ttr_dist_s_5,mean_speed_s_5,ttr_platform_mean_dist_s_5,cum_dist_s_5,trial_num_s_5,datetime_trial_s_5,test_s_6,date_s_6,time_s_6,duration_s_6,ttr_dist_s_6,mean_speed_s_6,ttr_platform_mean_dist_s_6,cum_dist_s_6,trial_num_s_6,datetime_trial_s_6,test_s_7,date_s_7,time_s_7,duration_s_7,ttr_dist_s_7,mean_speed_s_7,ttr_platform_mean_dist_s_7,cum_dist_s_7,trial_num_s_7,datetime_trial_s_7,test_s_8,date_s_8,time_s_8,duration_s_8,ttr_dist_s_8,mean_speed_s_8,ttr_platform_mean_dist_s_8,cum_dist_s_8,trial_num_s_8,datetime_trial_s_8,test_s_9,date_s_9,time_s_9,duration_s_9,ttr_dist_s_9,mean_speed_s_9,ttr_platform_mean_dist_s_9,cum_dist_s_9,trial_num_s_9,datetime_trial_s_9,test_s_10,date_s_10,time_s_10,duration_s_10,ttr_dist_s_10,mean_speed_s_10,ttr_platform_mean_dist_s_10,cum_dist_s_10,trial_num_s_10,datetime_trial_s_10,test_s_11,date_s_11,time_s_11,duration_s_11,ttr_dist_s_11,mean_speed_s_11,ttr_platform_mean_dist_s_11,cum_dist_s_11,trial_num_s_11,datetime_trial_s_11,test_s_12,date_s_12,time_s_12,duration_s_12,ttr_dist_s_12,mean_speed_s_12,ttr_platform_mean_dist_s_12,cum_dist_s_12,trial_num_s_12,datetime_trial_s_12,test_s_13,date_s_13,time_s_13,duration_s_13,ttr_dist_s_13,mean_speed_s_13,ttr_platform_mean_dist_s_13,cum_dist_s_13,trial_num_s_13,datetime_trial_s_13,test_s_14,date_s_14,time_s_14,duration_s_14,ttr_dist_s_14,mean_speed_s_14,ttr_platform_mean_dist_s_14,cum_dist_s_14,trial_num_s_14,datetime_trial_s_14,test_s_15,date_s_15,time_s_15,duration_s_15,ttr_dist_s_15,mean_speed_s_15,ttr_platform_mean_dist_s_15,cum_dist_s_15,trial_num_s_15,datetime_trial_s_15,test_s_16,date_s_16,time_s_16,duration_s_16,ttr_dist_s_16,mean_speed_s_16,ttr_platform_mean_dist_s_16,cum_dist_s_16,trial_num_s_16,datetime_trial_s_16,test_s_17,date_s_17,time_s_17,duration_s_17,ttr_dist_s_17,mean_speed_s_17,ttr_platform_mean_dist_s_17,cum_dist_s_17,trial_num_s_17,datetime_trial_s_17,test_s_18,date_s_18,time_s_18,duration_s_18,ttr_dist_s_18,mean_speed_s_18,ttr_platform_mean_dist_s_18,cum_dist_s_18,trial_num_s_18,datetime_trial_s_18,test_s_19,date_s_19,time_s_19,duration_s_19,ttr_dist_s_19,mean_speed_s_19,ttr_platform_mean_dist_s_19,cum_dist_s_19,trial_num_s_19,datetime_trial_s_19,test_s_20,date_s_20,time_s_20,duration_s_20,ttr_dist_s_20,mean_speed_s_20,ttr_platform_mean_dist_s_20,cum_dist_s_20,trial_num_s_20,datetime_trial_s_20,test_p_1,date_p_1,time_p_1,duration_p_1,ttr_dist_p_1,mean_speed_p_1,ttr_platform_mean_dist_p_1,cum_dist_p_1,trial_num_p_1,datetime_trial_p_1,test_p_2,date_p_2,time_p_2,duration_p_2,ttr_dist_p_2,mean_speed_p_2,ttr_platform_mean_dist_p_2,cum_dist_p_2,trial_num_p_2,datetime_trial_p_2,test_p_3,date_p_3,time_p_3,duration_p_3,ttr_dist_p_3,mean_speed_p_3,ttr_platform_mean_dist_p_3,cum_dist_p_3,trial_num_p_3,datetime_trial_p_3,test_p_4,date_p_4,time_p_4,duration_p_4,ttr_dist_p_4,mean_speed_p_4,ttr_platform_mean_dist_p_4,cum_dist_p_4,trial_num_p_4,datetime_trial_p_4,test_c_1,date_c_1,time_c_1,duration_c_1,ttr_dist_c_1,mean_speed_c_1,ttr_platform_mean_dist_c_1,cum_dist_c_1,trial_num_c_1,datetime_trial_c_1,test_c_2,date_c_2,time_c_2,duration_c_2,ttr_dist_c_2,mean_speed_c_2,ttr_platform_mean_dist_c_2,cum_dist_c_2,trial_num_c_2,datetime_trial_c_2,test_c_3,date_c_3,time_c_3,duration_c_3,ttr_dist_c_3,mean_speed_c_3,ttr_platform_mean_dist_c_3,cum_dist_c_3,trial_num_c_3,datetime_trial_c_3,test_c_4,date_c_4,time_c_4,duration_c_4,ttr_dist_c_4,mean_speed_c_4,ttr_platform_mean_dist_c_4,cum_dist_c_4,trial_num_c_4,datetime_trial_c_4,test_c_5,date_c_5,time_c_5,duration_c_5,ttr_dist_c_5,mean_speed_c_5,ttr_platform_mean_dist_c_5,cum_dist_c_5,trial_num_c_5,datetime_trial_c_5,test_c_6,date_c_6,time_c_6,duration_c_6,ttr_dist_c_6,mean_speed_c_6,ttr_platform_mean_dist_c_6,cum_dist_c_6,trial_num_c_6,datetime_trial_c_6,genotype,treatment,cumulative_time_s1,cumulative_time_s2,cumulative_time_s3,cumulative_time_s4,cumulative_time_s5,cumulative_time_s6,cumulative_time_s7,cumulative_time_s8,cumulative_time_s9,cumulative_time_s10,cumulative_time_s11,cumulative_time_s12,cumulative_time_s13,cumulative_time_s14,cumulative_time_s15,cumulative_time_s16,cumulative_time_s17,cumulative_time_s18,cumulative_time_s19,cumulative_time_s20,cumulative_time_p1,cumulative_time_p2,cumulative_time_p3,cumulative_time_p4,cumulative_time_c1,cumulative_time_c2,cumulative_time_c3,cumulative_time_c4,cumulative_time_c5,cumulative_time_c6,pi_name,species,protocol_id,lights_on,lights_off,index_calc_type,tracking_system,pool_diam,rat_source,sex
001CWAPOE_,10/18/2023,12:17,1806.SB,41.6,9.66,0.23,0.85,35.17,1,2023-10-18 12:17:00,002CWAPOE_,10/18/2023,12:24,38.9,7.49,0.19,0.81,31.58,2,2023-10-18 12:24:00,003CWAPOE_,10/18/2023,12:27,90.0,10.24,0.11,0.89,79.67,3,2023-10-18 12:27:00,001CW10192,10/19/2023,09:49,38.5,10.49,0.27,1.01,38.83,4,2023-10-19 09:49:00,002CW10192,10/19/2023,09:52,90.0,17.31,0.19,0.85,76.63,5,2023-10-19 09:52:00,001102023D,10/20/2023,09:13,7.4,1.9,0.26,0.32,2.34,7,2023-10-20 09:13:00,002102023D,10/20/2023,09:15,22.9,7.58,0.33,0.86,19.77,8,2023-10-20 09:15:00,003102023D,10/20/2023,09:16,25.9,6.89,0.27,0.7,18.08,9,2023-10-20 09:16:00,0011021D4,10/21/2023,11:35,20.6,5.82,0.28,1.03,21.18,10,2023-10-21 11:35:00,0021021D4,10/21/2023,11:36,36.0,10.68,0.3,0.54,19.57,11,2023-10-21 11:36:00,0011022D5,10/22/2023,09:52,18.1,5.32,0.29,0.61,11.07,13,2023-10-22 09:52:00,0021022D5,10/22/2023,09:53,4.5,1.07,0.24,0.42,1.89,14,2023-10-22 09:53:00,0031022D5,10/22/2023,09:55,33.5,9.33,0.28,0.58,19.43,15,2023-10-22 09:55:00,001CW10232,10/23/2023,10:09,29.6,8.39,0.28,0.72,21.29,16,2023-10-23 10:09:00,002CW10232,10/23/2023,10:17,25.7,6.6,0.26,0.79,20.42,17,2023-10-23 10:17:00,001CW1024D,10/24/2023,11:27,6.9,1.6,0.23,0.44,3.01,19,2023-10-24 11:27:00,002CW1024D,10/24/2023,11:28,13.7,4.48,0.33,0.53,7.3,20,2023-10-24 11:28:00,003CW1024D,10/24/2023,11:28,4.9,1.43,0.29,0.64,3.15,21,2023-10-24 11:28:00,001CW1025D,10/25/2023,10:44,6.1,1.84,0.3,0.89,5.4,22,2023-10-25 10:44:00,002CW1025D,10/25/2023,10:45,19.0,5.7,0.3,0.48,9.15,23,2023-10-25 10:45:00,003CW10192,10/19/2023,10:01,90.0,17.95,0.2,-1.0,-1.0,6,2023-10-19 10:01:00,0031021D4,10/21/2023,11:39,90.0,20.49,0.23,-1.0,-1.0,12,2023-10-21 11:39:00,003CW10232,10/23/2023,10:22,90.0,22.15,0.25,-1.0,-1.0,18,2023-10-23 10:22:00,003CW1025D,10/25/2023,10:48,90.0,22.31,0.25,-1.0,-1.0,24,2023-10-25 10:48:00,001CW10262,10/26/2023,09:51,31.2,8.78,0.28,0.94,29.34,25,2023-10-26 09:51:00,002CW10262,10/26/2023,09:53,45.2,11.71,0.26,1.04,46.81,26,2023-10-26 09:53:00,003CW10262,10/26/2023,09:55,3.1,0.55,0.18,0.13,0.41,27,2023-10-26 09:55:00,031CW10262,10/26/2023,10:58,61.4,15.57,0.25,0.98,60.44,28,2023-10-26 10:58:00,032CW10262,10/26/2023,11:00,10.4,2.17,0.21,0.69,7.13,29,2023-10-26 11:00:00,033CW10262,10/26/2023,11:01,6.1,1.71,0.28,0.81,4.94,30,2023-10-26 11:01:00,APOE4,Mash,0.0,420,600,77520,77700,161760,161880,161940,256680,256740,336900,336960,337080,424320,424800,515400,515460,515460,599220,599280,78240,256920,425100,599460,682440,682560,682680,686460,686580,686640,Burke,rat,Burke_WM_1,7:00,19:00,Gall_SearchError,Watermaze,184,NIA,M
004CWAPOE_,10/18/2023,12:30,1807.SB,37.4,10.36,0.28,0.62,23.15,1,2023-10-18 12:30:00,005CWAPOE_,10/18/2023,12:32,90.0,17.64,0.2,0.99,89.04,2,2023-10-18 12:32:00,006CWAPOE_,10/18/2023,12:35,90.0,14.8,0.16,0.65,58.9,3,2023-10-18 12:35:00,004CW10192,10/19/2023,10:07,38.3,10.36,0.27,1.0,38.29,4,2023-10-19 10:07:00,005CW10192,10/19/2023,10:09,18.5,5.07,0.27,0.71,13.07,5,2023-10-19 10:09:00,004102023D,10/20/2023,09:18,6.7,1.27,0.19,0.39,2.64,7,2023-10-20 09:18:00,005102023D,10/20/2023,09:19,3.6,1.2,0.33,0.54,1.93,8,2023-10-20 09:19:00,006102023D,10/20/2023,09:20,7.9,2.0,0.25,0.54,4.25,9,2023-10-20 09:20:00,0041021D4,10/21/2023,11:52,12.4,3.28,0.26,0.47,5.79,10,2023-10-21 11:52:00,0051021D4,10/21/2023,11:53,3.1,0.51,0.16,0.17,0.54,11,2023-10-21 11:53:00,0041022D5,10/22/2023,09:58,90.0,25.13,0.28,0.83,74.94,13,2023-10-22 09:58:00,0051022D5,10/22/2023,10:00,45.8,10.77,0.24,0.75,34.27,14,2023-10-22 10:00:00,0061022D5,10/22/2023,10:01,3.3,0.76,0.23,0.32,1.07,15,2023-10-22 10:01:00,004CW10232,10/23/2023,10:33,5.0,1.7,0.34,0.63,3.15,16,2023-10-23 10:33:00,005CW10232,10/23/2023,10:34,28.1,8.73,0.31,0.8,22.36,17,2023-10-23 10:34:00,004CW1024D,10/24/2023,11:30,38.2,11.24,0.29,0.67,25.63,19,2023-10-24 11:30:00,005CW1024D,10/24/2023,11:31,9.3,2.38,0.26,0.81,7.52,20,2023-10-24 11:31:00,006CW1024D,10/24/2023,11:33,64.1,13.54,0.21,0.63,40.3,21,2023-10-24 11:33:00,004CW1025D,10/25/2023,10:53,4.2,1.36,0.32,0.68,2.86,22,2023-10-25 10:53:00,005CW1025D,10/25/2023,10:54,25.3,6.82,0.27,0.63,15.94,23,2023-10-25 10:54:00,006CW10192,10/19/2023,10:12,90.0,21.7,0.24,-1.0,-1.0,6,2023-10-19 10:12:00,0061021D4,10/21/2023,11:55,90.0,21.61,0.24,-1.0,-1.0,12,2023-10-21 11:55:00,006CW10232,10/23/2023,10:38,90.0,22.16,0.25,-1.0,-1.0,18,2023-10-23 10:38:00,006CW1025D,10/25/2023,10:57,90.0,18.32,0.2,-1.0,-1.0,24,2023-10-25 10:57:00,004CW10262,10/26/2023,09:58,9.3,2.38,0.26,0.52,4.88,25,2023-10-26 09:58:00,005CW10262,10/26/2023,09:59,10.4,2.53,0.24,0.67,6.96,26,2023-10-26 09:59:00,006CW10262,10/26/2023,10:01,2.8,0.54,0.19,0.11,0.3,27,2023-10-26 10:01:00,034CW10262,10/26/2023,11:03,9.5,2.79,0.29,0.88,8.36,28,2023-10-26 11:03:00,035CW10262,10/26/2023,11:04,5.6,1.76,0.31,0.61,3.42,29,2023-10-26 11:04:00,036CW10262,10/26/2023,11:06,22.4,7.89,0.35,1.15,25.84,30,2023-10-26 11:06:00,APOE4,Mash,0.0,120,300,77820,77940,161280,161340,161400,256920,256980,336480,336600,336660,424980,425040,514800,514860,514980,598980,599040,78120,257100,425280,599220,682080,682140,682260,685980,686040,686160,Burke,rat,Burke_WM_1,7:00,19:00,Gall_SearchError,Watermaze,184,NIA,M
007CWAPOE_,10/18/2023,12:40,1808.SB,32.4,8.96,0.28,0.74,24.06,1,2023-10-18 12:40:00,008CWAPOE_,10/18/2023,12:42,90.0,13.96,0.16,0.93,84.08,2,2023-10-18 12:42:00,009CWAPOE_,10/18/2023,12:45,90.0,16.02,0.18,0.95,85.83,3,2023-10-18 12:45:00,007CW10192,10/19/2023,10:16,90.0,20.84,0.23,1.02,91.39,4,2023-10-19 10:16:00,008CW10192,10/19/2023,10:18,90.0,19.06,0.21,0.97,87.68,5,2023-10-19 10:18:00,007102023D,10/20/2023,09:26,90.0,24.63,0.27,0.9,80.74,7,2023-10-20 09:26:00,008102023D,10/20/2023,09:28,77.0,15.49,0.2,0.78,60.27,8,2023-10-20 09:28:00,009102023D,10/20/2023,09:31,90.0,16.42,0.18,0.81,73.28,9,2023-10-20 09:31:00,0071021D4,10/21/2023,11:59,90.0,20.76,0.23,0.95,85.93,10,2023-10-21 11:59:00,0081021D4,10/21/2023,12:01,90.0,20.67,0.23,0.91,82.01,11,2023-10-21 12:01:00,0071022D5,10/22/2023,10:03,32.6,10.83,0.33,0.91,29.54,13,2023-10-22 10:03:00,0081022D5,10/22/2023,10:05,19.3,5.89,0.3,0.86,16.6,14,2023-10-22 10:05:00,0091022D5,10/22/2023,10:06,20.1,5.17,0.26,0.82,16.42,15,2023-10-22 10:06:00,007CW10232,10/23/2023,10:48,9.4,2.93,0.31,0.55,5.17,16,2023-10-23 10:48:00,008CW10232,10/23/2023,10:50,5.0,1.37,0.27,0.64,3.2,17,2023-10-23 10:50:00,007CW1024D,10/24/2023,11:36,90.0,29.48,0.33,0.79,71.05,19,2023-10-24 11:36:00,008CW1024D,10/24/2023,11:38,43.8,11.6,0.26,0.77,33.61,20,2023-10-24 11:38:00,009CW1024D,10/24/2023,11:39,42.8,9.97,0.23,0.73,31.17,21,2023-10-24 11:39:00,007CW1025D,10/25/2023,10:59,14.1,4.82,0.34,0.49,6.97,22,2023-10-25 10:59:00,008CW1025D,10/25/2023,11:00,14.6,4.47,0.31,0.67,9.8,23,2023-10-25 11:00:00,009CW10192,10/19/2023,10:21,90.0,17.71,0.2,-1.0,-1.0,6,2023-10-19 10:21:00,0091021D4,10/21/2023,12:03,90.0,17.73,0.2,-1.0,-1.0,12,2023-10-21 12:03:00,009CW10232,10/23/2023,10:54,90.0,22.18,0.25,-1.0,-1.0,18,2023-10-23 10:54:00,009CW1025D,10/25/2023,11:05,90.0,23.87,0.27,-1.0,-1.0,24,2023-10-25 11:05:00,007CW10262,10/26/2023,10:03,17.3,5.29,0.31,0.96,16.67,25,2023-10-26 10:03:00,008CW10262,10/26/2023,10:06,12.1,3.75,0.31,0.77,9.35,26,2023-10-26 10:06:00,009CW10262,10/26/2023,10:07,2.0,0.4,0.2,0.14,0.27,27,2023-10-26 10:07:00,037CW10262,10/26/2023,11:08,12.4,4.23,0.34,1.03,12.75,28,2023-10-26 11:08:00,038CW10262,10/26/2023,11:09,15.0,5.4,0.36,0.69,10.29,29,2023-10-26 11:09:00,039CW10262,10/26/2023,11:11,7.2,2.52,0.35,0.82,5.92,30,2023-10-26 11:11:00,APOE4,Mash,0.0,120,300,77760,77880,161160,161280,161460,256740,256860,336180,336300,336360,425280,425400,514560,514680,514740,598740,598800,78060,256980,425640,599100,681780,681960,682020,685680,685740,685860,Burke,rat,Burke_WM_1,7:00,19:00,Gall_SearchError,Watermaze,184,NIA,M
010CWAPOE_,10/18/2023,12:50,1809.SB,90.0,23.64,0.26,0.83,74.64,1,2023-10-18 12:50:00,011CWAPOE_,10/18/2023,12:52,88.0,15.32,0.17,0.57,49.83,2,2023-10-18 12:52:00,012CWAPOE_,10/18/2023,12:53,13.7,2.42,0.18,0.34,4.62,3,2023-10-18 12:53:00,010CW10192,10/19/2023,10:24,16.9,4.68,0.28,0.94,15.91,4,2023-10-19 10:24:00,011CW10192,10/19/2023,10:25,26.4,7.64,0.29,0.6,15.74,5,2023-10-19 10:25:00,010102023D,10/20/2023,09:36,50.7,4.71,0.09,0.6,30.27,7,2023-10-20 09:36:00,011102023D,10/20/2023,09:43,48.8,14.44,0.3,0.81,39.33,8,2023-10-20 09:43:00,012102023D,10/20/2023,09:45,6.5,1.88,0.29,0.57,3.68,9,2023-10-20 09:45:00,0101021D4,10/21/2023,12:06,34.4,11.01,0.32,0.84,28.98,10,2023-10-21 12:06:00,0111021D4,10/21/2023,12:07,12.8,3.11,0.24,0.3,3.88,11,2023-10-21 12:07:00,0101022D5,10/22/2023,10:10,86.6,21.15,0.24,0.8,68.99,13,2023-10-22 10:10:00,0111022D5,10/22/2023,10:13,90.0,23.06,0.26,0.97,87.38,14,2023-10-22 10:13:00,0121022D5,10/22/2023,10:16,90.0,18.51,0.21,0.9,81.17,15,2023-10-22 10:16:00,010CW10232,10/23/2023,10:59,38.6,11.43,0.3,0.83,31.87,16,2023-10-23 10:59:00,011CW10232,10/23/2023,11:01,90.0,20.09,0.22,0.87,78.64,17,2023-10-23 11:01:00,010CW1024D,10/24/2023,11:42,90.0,18.6,0.21,0.84,75.33,19,2023-10-24 11:42:00,011CW1024D,10/24/2023,11:45,90.0,15.08,0.17,0.84,75.68,20,2023-10-24 11:45:00,012CW1024D,10/24/2023,11:47,90.0,15.93,0.18,0.89,80.38,21,2023-10-24 11:47:00,010CW1025D,10/25/2023,11:10,31.4,8.53,0.27,0.86,27.14,22,2023-10-25 11:10:00,011CW1025D,10/25/2023,11:11,11.5,2.14,0.19,0.34,3.88,23,2023-10-25 11:11:00,012CW10192,10/19/2023,10:28,90.0,18.0,0.2,-1.0,-1.0,6,2023-10-19 10:28:00,0121021D4,10/21/2023,12:10,90.0,20.72,0.23,-1.0,-1.0,12,2023-10-21 12:10:00,012CW10232,10/23/2023,11:05,90.0,17.53,0.19,-1.0,-1.0,18,2023-10-23 11:05:00,012CW1025D,10/25/2023,11:14,90.0,20.57,0.23,-1.0,-1.0,24,2023-10-25 11:14:00,010CW10262,10/26/2023,10:10,12.8,4.56,0.36,1.08,13.84,25,2023-10-26 10:10:00,011CW10262,10/26/2023,10:12,8.3,1.86,0.22,0.38,3.18,26,2023-10-26 10:12:00,012CW10262,10/26/2023,10:14,32.1,10.88,0.34,0.65,20.96,27,2023-10-26 10:14:00,040CW10262,10/26/2023,11:13,32.9,10.61,0.32,0.81,26.69,28,2023-10-26 11:13:00,041CW10262,10/26/2023,11:14,21.4,6.76,0.32,0.63,13.5,29,2023-10-26 11:14:00,042CW10262,10/26/2023,11:17,60.5,17.63,0.29,1.1,66.56,30,2023-10-26 11:17:00,APOE4,Mash,0.0,120,180,77640,77700,161160,161580,161700,256560,256620,336000,336180,336360,425340,425460,514320,514500,514620,598800,598860,77880,256800,425700,599040,681600,681720,681840,685380,685440,685620,Burke,rat,Burke_WM_1,7:00,19:00,Gall_SearchError,Watermaze,184,NIA,M
013CWAPOE_,10/18/2023,12:56,1810.SB,90.0,22.92,0.25,0.91,82.3,1,2023-10-18 12:56:00,014CWAPOE_,10/18/2023,12:58,47.1,12.2,0.26,0.94,44.19,2,2023-10-18 12:58:00,015CWAPOE_,10/18/2023,13:00,90.0,12.76,0.14,0.75,67.64,3,2023-10-18 13:00:00,013CW10192,10/19/2023,10:30,90.0,24.67,0.27,1.04,94.04,4,2023-10-19 10:30:00,015CW10192,10/19/2023,10:36,19.6,4.42,0.23,0.66,12.99,5,2023-10-19 10:36:00,013102023D,10/20/2023,09:48,14.3,3.77,0.26,0.54,7.77,7,2023-10-20 09:48:00,014102023D,10/20/2023,09:49,5.1,1.46,0.29,0.65,3.33,8,2023-10-20 09:49:00,015102023D,10/20/2023,09:50,9.6,2.03,0.21,0.79,7.54,9,2023-10-20 09:50:00,0131021D4,10/21/2023,12:13,53.5,14.8,0.28,0.71,38.23,10,2023-10-21 12:13:00,0141021D4,10/21/2023,12:14,4.2,0.49,0.12,0.23,0.95,11,2023-10-21 12:14:00,0131022D5,10/22/2023,10:21,90.0,23.46,0.26,0.62,55.4,13,2023-10-22 10:21:00,0141022D5,10/22/2023,10:23,52.3,10.82,0.21,0.55,28.75,14,2023-10-22 10:23:00,0151022D5,10/22/2023,10:24,2.9,0.64,0.22,0.3,0.88,15,2023-10-22 10:24:00,013CW10232,10/23/2023,11:12,12.8,4.38,0.34,0.57,7.29,16,2023-10-23 11:12:00,014CW10232,10/23/2023,11:13,4.6,1.1,0.24,0.46,2.12,17,2023-10-23 11:13:00,013CW1024D,10/24/2023,11:49,11.6,3.37,0.29,0.47,5.43,19,2023-10-24 11:49:00,014CW1024D,10/24/2023,11:50,3.8,0.66,0.17,0.2,0.77,20,2023-10-24 11:50:00,015CW1024D,10/24/2023,11:51,22.4,6.7,0.3,0.7,15.68,21,2023-10-24 11:51:00,013CW1025D,10/25/2023,11:16,60.0,18.87,0.31,0.69,41.18,22,2023-10-25 11:16:00,014CW1025D,10/25/2023,11:17,12.1,2.86,0.24,0.32,3.88,23,2023-10-25 11:17:00,016CW10192,10/19/2023,10:39,90.0,13.75,0.15,-1.0,-1.0,6,2023-10-19 10:39:00,0151021D4,10/21/2023,12:17,90.0,17.13,0.19,-1.0,-1.0,12,2023-10-21 12:17:00,015CW10232,10/23/2023,11:16,90.0,21.03,0.23,-1.0,-1.0,18,2023-10-23 11:16:00,015CW1025D,10/25/2023,11:20,90.0,21.09,0.23,-1.0,-1.0,24,2023-10-25 11:20:00,013CW10262,10/26/2023,10:19,51.3,17.53,0.34,1.08,55.3,25,2023-10-26 10:19:00,014CW10262,10/26/2023,10:20,14.5,4.28,0.3,0.92,13.29,26,2023-10-26 10:20:00,015CW10262,10/26/2023,10:22,1.8,0.3,0.17,0.12,0.22,27,2023-10-26 10:22:00,043CW10262,10/26/2023,11:18,7.2,2.49,0.35,0.79,5.67,28,2023-10-26 11:18:00,044CW10262,10/26/2023,11:20,6.5,2.09,0.32,0.6,3.92,29,2023-10-26 11:20:00,045CW10262,10/26/2023,11:21,12.5,3.71,0.3,1.19,14.87,30,2023-10-26 11:21:00,APOE4,Mash,0.0,120,240,77640,78000,161520,161580,161640,256620,256680,336300,336420,336480,425760,425820,514380,514440,514500,598800,598860,78180,256860,426000,599040,681780,681840,681960,685320,685440,685500,Burke,rat,Burke_WM_1,7:00,19:00,Gall_SearchError,Watermaze,184,NIA,M
013CWAPOE_,10/18/2023,12:56,1810.SB,90.0,22.92,0.25,0.91,82.3,1,2023-10-18 12:56:00,014CWAPOE_,10/18/2023,12:58,47.1,12.2,0.26,0.94,44.19,2,2023-10-18 12:58:00,015CWAPOE_,10/18/2023,13:00,90.0,12.76,0.14,0.75,67.64,3,2023-10-18 13:00:00,014CW10192,10/19/2023,10:35,24.4,5.57,0.23,0.63,15.42,4,2023-10-19 10:35:00,015CW10192,10/19/2023,10:36,19.6,4.42,0.23,0.66,12.99,5,2023-10-19 10:36:00,013102023D,10/20/2023,09:48,14.3,3.77,0.26,0.54,7.77,7,2023-10-20 09:48:00,014102023D,10/20/2023,09:49,5.1,1.46,0.29,0.65,3.33,8,2023-10-20 09:49:00,015102023D,10/20/2023,09:50,9.6,2.03,0.21,0.79,7.54,9,2023-10-20 09:50:00,0131021D4,10/21/2023,12:13,53.5,14.8,0.28,0.71,38.23,10,2023-10-21 12:13:00,0141021D4,10/21/2023,12:14,4.2,0.49,0.12,0.23,0.95,11,2023-10-21 12:14:00,0131022D5,10/22/2023,10:21,90.0,23.46,0.26,0.62,55.4,13,2023-10-22 10:21:00,0141022D5,10/22/2023,10:23,52.3,10.82,0.21,0.55,28.75,14,2023-10-22 10:23:00,0151022D5,10/22/2023,10:24,2.9,0.64,0.22,0.3,0.88,15,2023-10-22 10:24:00,013CW10232,10/23/2023,11:12,12.8,4.38,0.34,0.57,7.29,16,2023-10-23 11:12:00,014CW10232,10/23/2023,11:13,4.6,1.1,0.24,0.46,2.12,17,2023-10-23 11:13:00,013CW1024D,10/24/2023,11:49,11.6,3.37,0.29,0.47,5.43,19,2023-10-24 11:49:00,014CW1024D,10/24/2023,11:50,3.8,0.66,0.17,0.2,0.77,20,2023-10-24 11:50:00,015CW1024D,10/24/2023,11:51,22.4,6.7,0.3,0.7,15.68,21,2023-10-24 11:51:00,013CW1025D,10/25/2023,11:16,60.0,18.87,0.31,0.69,41.18,22,2023-10-25 11:16:00,014CW1025D,10/25/2023,11:17,12.1,2.86,0.24,0.32,3.88,23,2023-10-25 11:17:00,016CW10192,10/19/2023,10:39,90.0,13.75,0.15,-1.0,-1.0,6,2023-10-19 10:39:00,0151021D4,10/21/2023,12:17,90.0,17.13,0.19,-1.0,-1.0,12,2023-10-21 12:17:00,015CW10232,10/23/2023,11:16,90.0,21.03,0.23,-1.0,-1.0,18,2023-10-23 11:16:00,015CW1025D,10/25/2023,11:20,90.0,21.09,0.23,-1.0,-1.0,24,2023-10-25 11:20:00,013CW10262,10/26/2023,10:19,51.3,17.53,0.34,1.08,55.3,25,2023-10-26 10:19:00,014CW10262,10/26/2023,10:20,14.5,4.28,0.3,0.92,13.29,26,2023-10-26 10:20:00,015CW10262,10/26/2023,10:22,1.8,0.3,0.17,0.12,0.22,27,2023-10-26 10:22:00,043CW10262,10/26/2023,11:18,7.2,2.49,0.35,0.79,5.67,28,2023-10-26 11:18:00,044CW10262,10/26/2023,11:20,6.5,2.09,0.32,0.6,3.92,29,2023-10-26 11:20:00,045CW10262,10/26/2023,11:21,12.5,3.71,0.3,1.19,14.87,30,2023-10-26 11:21:00,APOE4,Mash,0.0,120,240,77940,78000,161520,161580,161640,256620,256680,336300,336420,336480,425760,425820,514380,514440,514500,598800,598860,78180,256860,426000,599040,681780,681840,681960,685320,685440,685500,Burke,rat,Burke_WM_1,7:00,19:00,Gall_SearchError,Watermaze,184,NIA,M
016CWAPOE_,10/18/2023,13:03,1811.SB,67.5,18.82,0.28,0.92,61.93,1,2023-10-18 13:03:00,017CWAPOE_,10/18/2023,13:05,46.7,9.68,0.21,0.75,35.23,2,2023-10-18 13:05:00,018CWAPOE_,10/18/2023,13:07,90.0,19.95,0.22,0.85,76.19,3,2023-10-18 13:07:00,017CW10192,10/19/2023,10:42,64.2,16.16,0.25,0.66,42.09,4,2023-10-19 10:42:00,018CW10192,10/19/2023,10:43,29.9,7.37,0.25,1.06,31.69,5,2023-10-19 10:43:00,016102023D,10/20/2023,09:53,49.7,14.67,0.3,0.83,41.47,7,2023-10-20 09:53:00,017102023D,10/20/2023,09:54,51.6,13.2,0.26,0.9,46.42,8,2023-10-20 09:54:00,018102023D,10/20/2023,09:56,8.6,1.97,0.23,1.02,8.75,9,2023-10-20 09:56:00,0161021D4,10/21/2023,12:19,22.5,6.09,0.27,0.79,17.86,10,2023-10-21 12:19:00,0171021D4,10/21/2023,12:20,2.1,0.32,0.15,0.09,0.19,11,2023-10-21 12:20:00,0161022D5,10/22/2023,10:29,3.0,0.59,0.2,0.21,0.64,13,2023-10-22 10:29:00,0171022D5,10/22/2023,10:31,21.8,6.0,0.28,0.71,15.45,14,2023-10-22 10:31:00,0181022D5,10/22/2023,10:32,30.0,6.75,0.23,0.64,19.1,15,2023-10-22 10:32:00,016CW10232,10/23/2023,11:20,18.5,5.49,0.3,0.58,10.69,16,2023-10-23 11:20:00,017CW10232,10/23/2023,11:22,7.5,1.76,0.23,0.48,3.62,17,2023-10-23 11:22:00,016CW1024D,10/24/2023,11:53,4.0,1.04,0.26,0.27,1.08,19,2023-10-24 11:53:00,017CW1024D,10/24/2023,11:54,8.5,1.15,0.14,0.17,1.43,20,2023-10-24 11:54:00,018CW1024D,10/24/2023,11:55,21.4,5.85,0.27,0.52,11.07,21,2023-10-24 11:55:00,016CW1025D,10/25/2023,11:22,20.0,5.8,0.29,0.69,13.7,22,2023-10-25 11:22:00,017CW1025D,10/25/2023,11:23,3.0,0.64,0.21,0.24,0.73,23,2023-10-25 11:23:00,019CW10192,10/19/2023,10:46,90.0,19.87,0.22,-1.0,-1.0,6,2023-10-19 10:46:00,0181021D4,10/21/2023,12:23,90.0,19.66,0.22,-1.0,-1.0,12,2023-10-21 12:23:00,018CW10232,10/23/2023,11:25,90.0,19.76,0.22,-1.0,-1.0,18,2023-10-23 11:25:00,018CW1025D,10/25/2023,11:26,90.0,21.18,0.24,-1.0,-1.0,24,2023-10-25 11:26:00,016CW10262,10/26/2023,10:24,15.3,4.31,0.28,0.89,13.59,25,2023-10-26 10:24:00,017CW10262,10/26/2023,10:25,10.2,2.96,0.29,0.6,6.07,26,2023-10-26 10:25:00,018CW10262,10/26/2023,10:27,0.1,0.0,0.0,1.25,0.12,27,2023-10-26 10:27:00,046CW10262,10/26/2023,11:23,13.8,3.76,0.27,0.95,13.04,28,2023-10-26 11:23:00,047CW10262,10/26/2023,11:25,4.8,1.35,0.28,0.64,3.07,29,2023-10-26 11:25:00,048CW10262,10/26/2023,11:26,12.0,3.3,0.27,1.02,12.24,30,2023-10-26 11:26:00,APOE4,Mash,0.0,120,240,77940,78000,161400,161460,161580,256560,256620,336360,336480,336540,425820,425940,514200,514260,514320,598740,598800,78180,256800,426120,598980,681660,681720,681840,685200,685320,685380,Burke,rat,Burke_WM_1,7:00,19:00,Gall_SearchError,Watermaze,184,NIA,M
031CWAPOE_,10/18/2023,13:47,1812.SB,31.4,7.29,0.23,0.76,23.9,1,2023-10-18 13:47:00,032CWAPOE_,10/18/2023,13:50,90.0,23.19,0.26,0.98,88.09,2,2023-10-18 13:50:00,033CWAPOE_,10/18/2023,13:53,90.0,9.72,0.11,0.59,52.71,3,2023-10-18 13:53:00,032CW10192,10/19/2023,11:26,60.3,17.15,0.28,0.87,52.33,4,2023-10-19 11:26:00,033CW10192,10/19/2023,11:28,90.0,19.19,0.21,0.72,65.11,5,2023-10-19 11:28:00,031102023D,10/20/2023,10:31,90.0,27.71,0.31,0.89,80.44,7,2023-10-20 10:31:00,032102023D,10/20/2023,10:33,81.4,18.94,0.23,0.88,71.96,8,2023-10-20 10:33:00,033102023D,10/20/2023,10:35,21.8,5.59,0.26,0.93,20.31,9,2023-10-20 10:35:00,0311021D4,10/21/2023,13:04,69.2,22.61,0.33,0.77,53.29,10,2023-10-21 13:04:00,0321021D4,10/21/2023,13:05,26.7,7.19,0.27,0.42,11.27,11,2023-10-21 13:05:00,0311022D5,10/22/2023,11:09,90.0,25.38,0.28,0.81,72.58,13,2023-10-22 11:09:00,0321022D5,10/22/2023,11:11,29.0,6.13,0.21,0.63,18.34,14,2023-10-22 11:11:00,0331022D5,10/22/2023,11:12,4.1,0.9,0.22,0.38,1.55,15,2023-10-22 11:12:00,031CW10232,10/23/2023,12:39,5.8,1.63,0.28,0.48,2.8,16,2023-10-23 12:39:00,032CW10232,10/23/2023,12:40,4.6,1.3,0.28,0.53,2.43,17,2023-10-23 12:40:00,031CW1024D,10/24/2023,12:21,6.2,2.0,0.32,0.65,4.05,19,2023-10-24 12:21:00,032CW1024D,10/24/2023,12:22,12.0,3.97,0.33,0.64,7.63,20,2023-10-24 12:22:00,033CW1024D,10/24/2023,12:23,4.6,1.25,0.27,0.6,2.75,21,2023-10-24 12:23:00,031CW1025D,10/25/2023,12:15,90.0,8.26,0.09,1.03,92.68,22,2023-10-25 12:15:00,032CW1025D,10/25/2023,12:19,8.9,2.11,0.24,0.33,2.97,23,2023-10-25 12:19:00,034CW10192,10/19/2023,11:31,90.0,15.6,0.17,-1.0,-1.0,6,2023-10-19 11:31:00,0331021D4,10/21/2023,13:08,90.0,19.0,0.21,-1.0,-1.0,12,2023-10-21 13:08:00,033CW10232,10/23/2023,12:44,90.0,20.98,0.23,-1.0,-1.0,18,2023-10-23 12:44:00,033CW1025D,10/25/2023,12:21,90.0,15.32,0.17,-1.0,-1.0,24,2023-10-25 12:21:00,061CW10262,10/26/2023,11:56,11.3,3.91,0.35,0.89,10.04,25,2023-10-26 11:56:00,062CW10262,10/26/2023,11:58,16.2,4.55,0.28,0.86,13.86,26,2023-10-26 11:58:00,063CW10262,10/26/2023,11:59,1.7,0.28,0.17,0.11,0.18,27,2023-10-26 11:59:00,091CW10262,10/26/2023,12:53,7.5,2.22,0.3,0.86,6.48,28,2023-10-26 12:53:00,092CW10262,10/26/2023,12:55,7.1,2.82,0.4,0.78,5.55,29,2023-10-26 12:55:00,093CW10262,10/26/2023,12:57,14.6,4.68,0.32,1.11,16.18,30,2023-10-26 12:57:00,APOE4,Keto,0.0,180,360,77940,78060,161040,161160,161280,256620,256680,336120,336240,336300,427920,427980,513240,513300,513360,599280,599520,78240,256860,428220,599640,684540,684660,684720,687960,688080,688200,Burke,rat,Burke_WM_1,7:00,19:00,Gall_SearchError,Watermaze,184,NIA,M
034CWAPOE_,10/18/2023,13:59,1813.SB,90.0,24.56,0.27,0.88,79.31,1,2023-10-18 13:59:00,035CWAPOE_,10/18/2023,14:02,90.0,13.62,0.15,0.97,87.47,2,2023-10-18 14:02:00,036CWAPOE_,10/18/2023,14:05,90.0,12.61,0.14,0.62,56.16,3,2023-10-18 14:05:00,035CW10192,10/19/2023,11:35,71.1,19.1,0.27,1.0,70.79,4,2023-10-19 11:35:00,036CW10192,10/19/2023,11:36,42.3,8.79,0.21,0.86,36.32,5,2023-10-19 11:36:00,034102023D,10/20/2023,10:37,42.7,12.76,0.3,0.81,34.37,7,2023-10-20 10:37:00,035102023D,10/20/2023,10:40,90.0,22.48,0.25,0.97,87.69,8,2023-10-20 10:40:00,036102023D,10/20/2023,10:42,41.3,8.52,0.21,0.92,38.08,9,2023-10-20 10:42:00,0341021D4,10/21/2023,13:10,14.1,2.06,0.15,0.73,10.35,10,2023-10-21 13:10:00,0351021D4,10/21/2023,13:12,9.6,3.01,0.31,0.44,4.22,11,2023-10-21 13:12:00,0341022D5,10/22/2023,11:14,10.8,3.43,0.32,0.73,7.85,13,2023-10-22 11:14:00,0351022D5,10/22/2023,11:15,19.3,6.41,0.33,0.61,11.74,14,2023-10-22 11:15:00,0361022D5,10/22/2023,11:16,17.6,4.52,0.26,0.45,8.0,15,2023-10-22 11:16:00,034CW10232,10/23/2023,12:52,14.0,4.16,0.3,0.66,9.26,16,2023-10-23 12:52:00,035CW10232,10/23/2023,12:53,12.1,3.63,0.3,0.68,8.25,17,2023-10-23 12:53:00,034CW1024D,10/24/2023,12:26,89.3,27.86,0.31,0.73,65.3,19,2023-10-24 12:26:00,035CW1024D,10/24/2023,12:28,90.0,26.08,0.29,0.72,64.51,20,2023-10-24 12:28:00,036CW1024D,10/24/2023,12:29,6.8,1.78,0.26,0.74,5.02,21,2023-10-24 12:29:00,034CW1025D,10/25/2023,12:29,68.9,19.36,0.28,0.63,43.64,22,2023-10-25 12:29:00,035CW1025D,10/25/2023,12:31,23.0,7.02,0.31,0.72,16.6,23,2023-10-25 12:31:00,037CW10192,10/19/2023,11:39,90.0,18.01,0.2,-1.0,-1.0,6,2023-10-19 11:39:00,0361021D4,10/21/2023,13:14,90.0,23.26,0.26,-1.0,-1.0,12,2023-10-21 13:14:00,036CW10232,10/23/2023,12:55,90.0,25.79,0.29,-1.0,-1.0,18,2023-10-23 12:55:00,036CW1025D,10/25/2023,12:34,90.0,21.71,0.24,-1.0,-1.0,24,2023-10-25 12:34:00,064CW10262,10/26/2023,12:01,15.0,4.47,0.3,0.93,13.98,25,2023-10-26 12:01:00,065CW10262,10/26/2023,12:04,90.0,25.82,0.29,1.08,96.9,26,2023-10-26 12:04:00,066CW10262,10/26/2023,12:05,10.9,3.31,0.3,0.71,7.7,27,2023-10-26 12:05:00,094CW10262,10/26/2023,12:59,14.7,4.76,0.32,1.09,16.09,28,2023-10-26 12:59:00,095CW10262,10/26/2023,13:01,13.6,4.77,0.35,0.8,10.84,29,2023-10-26 13:01:00,096CW10262,10/26/2023,13:02,6.8,2.25,0.33,0.75,5.09,30,2023-10-26 13:02:00,APOE4,Keto,0.0,180,360,77760,77820,160680,160860,160980,256260,256380,335700,335760,335820,427980,428040,512820,512940,513000,599400,599520,78000,256500,428160,599700,684120,684300,684360,687600,687720,687780,Burke,rat,Burke_WM_1,7:00,19:00,Gall_SearchError,Watermaze,184,NIA,M
037CWAPOE_,10/18/2023,14:08,1814.SB,38.0,11.77,0.31,0.8,30.24,1,2023-10-18 14:08:00,038CWAPOE_,10/18/2023,14:11,90.0,24.19,0.27,0.86,77.27,2,2023-10-18 14:11:00,039CWAPOE_,10/18/2023,14:13,90.0,19.56,0.22,0.85,76.81,3,2023-10-18 14:13:00,038CW10192,10/19/2023,11:42,52.5,14.42,0.27,0.99,51.96,4,2023-10-19 11:42:00,039CW10192,10/19/2023,11:45,90.0,20.98,0.23,0.9,81.11,5,2023-10-19 11:45:00,037102023D,10/20/2023,10:44,14.3,5.39,0.38,0.68,9.75,7,2023-10-20 10:44:00,038102023D,10/20/2023,10:47,60.6,15.38,0.25,0.78,47.04,8,2023-10-20 10:47:00,039102023D,10/20/2023,10:49,90.0,17.49,0.19,0.66,59.26,9,2023-10-20 10:49:00,0371021D4,10/21/2023,13:17,38.9,12.34,0.32,0.79,30.61,10,2023-10-21 13:17:00,0381021D4,10/21/2023,13:18,17.8,4.71,0.26,0.43,7.6,11,2023-10-21 13:18:00,0371022D5,10/22/2023,11:19,39.3,11.61,0.3,0.82,32.14,13,2023-10-22 11:19:00,0381022D5,10/22/2023,11:20,11.0,1.99,0.18,0.5,5.47,14,2023-10-22 11:20:00,0391022D5,10/22/2023,11:21,5.6,0.93,0.17,0.41,2.31,15,2023-10-22 11:21:00,037CW10232,10/23/2023,13:00,67.7,17.44,0.26,0.88,59.54,16,2023-10-23 13:00:00,038CW10232,10/23/2023,13:02,45.3,9.86,0.22,0.72,32.65,17,2023-10-23 13:02:00,037CW1024D,10/24/2023,12:32,57.8,17.27,0.3,0.8,46.12,19,2023-10-24 12:32:00,038CW1024D,10/24/2023,12:33,7.3,1.94,0.27,0.77,5.59,20,2023-10-24 12:33:00,039CW1024D,10/24/2023,12:35,65.2,16.19,0.25,0.71,46.42,21,2023-10-24 12:35:00,037CW1025D,10/25/2023,12:36,28.1,9.18,0.33,0.71,19.87,22,2023-10-25 12:36:00,038CW1025D,10/25/2023,12:38,8.1,2.13,0.26,0.43,3.5,23,2023-10-25 12:38:00,040CW10192,10/19/2023,11:47,90.0,18.43,0.2,-1.0,-1.0,6,2023-10-19 11:47:00,0391021D4,10/21/2023,13:21,90.0,19.54,0.22,-1.0,-1.0,12,2023-10-21 13:21:00,039CW10232,10/23/2023,13:05,90.0,18.93,0.21,-1.0,-1.0,18,2023-10-23 13:05:00,039CW1025D,10/25/2023,12:40,90.0,18.82,0.21,-1.0,-1.0,24,2023-10-25 12:40:00,067CW10262,10/26/2023,12:08,15.1,4.53,0.3,1.04,15.69,25,2023-10-26 12:08:00,068CW10262,10/26/2023,12:09,20.2,5.97,0.3,1.03,20.82,26,2023-10-26 12:09:00,069CW10262,10/26/2023,12:10,2.7,0.45,0.17,0.2,0.53,27,2023-10-26 12:10:00,097CW10262,10/26/2023,13:05,12.2,4.09,0.34,1.16,14.14,28,2023-10-26 13:05:00,098CW10262,10/26/2023,13:06,12.3,4.06,0.33,0.89,11.0,29,2023-10-26 13:06:00,099CW10262,10/26/2023,13:08,5.7,1.69,0.3,0.67,3.8,30,2023-10-26 13:08:00,APOE4,Keto,0.0,180,300,77640,77820,160560,160740,160860,256140,256200,335460,335520,335580,427920,428040,512640,512700,512820,599280,599400,77940,256380,428220,599520,684000,684060,684120,687420,687480,687600,Burke,rat,Burke_WM_1,7:00,19:00,Gall_SearchError,Watermaze,184,NIA,M
040CWAPOE_,10/18/2023,14:16,1815.SB,23.1,4.6,0.2,0.75,17.36,1,2023-10-18 14:16:00,041CWAPOE_,10/18/2023,14:18,90.0,19.06,0.21,0.89,80.24,2,2023-10-18 14:18:00,042CWAPOE_,10/18/2023,14:19,11.8,1.76,0.15,0.32,3.82,3,2023-10-18 14:19:00,041CW10192,10/19/2023,11:51,6.5,0.97,0.15,0.23,1.51,4,2023-10-19 11:51:00,042CW10192,10/19/2023,11:52,26.6,7.88,0.3,0.65,17.4,5,2023-10-19 11:52:00,040102023D,10/20/2023,11:04,90.0,28.0,0.31,1.11,100.3,7,2023-10-20 11:04:00,041102023D,10/20/2023,11:06,90.0,18.8,0.21,1.02,91.93,8,2023-10-20 11:06:00,042102023D,10/20/2023,11:09,62.1,10.13,0.16,1.26,78.3,9,2023-10-20 11:09:00,0401021D4,10/21/2023,13:24,90.0,25.02,0.28,0.92,82.68,10,2023-10-21 13:24:00,0411021D4,10/21/2023,13:26,90.0,17.97,0.2,1.09,98.37,11,2023-10-21 13:26:00,0401022D5,10/22/2023,11:24,90.0,27.57,0.31,1.03,92.85,13,2023-10-22 11:24:00,0411022D5,10/22/2023,11:25,12.7,3.55,0.28,1.0,12.75,14,2023-10-22 11:25:00,0421022D5,10/22/2023,11:26,18.8,5.51,0.29,0.73,13.73,15,2023-10-22 11:26:00,040CW10232,10/23/2023,13:13,90.0,28.15,0.31,0.86,77.01,16,2023-10-23 13:13:00,041CW10232,10/23/2023,13:15,37.8,9.29,0.25,0.88,33.3,17,2023-10-23 13:15:00,040CW1024D,10/24/2023,12:37,52.0,17.14,0.33,0.91,47.15,19,2023-10-24 12:37:00,041CW1024D,10/24/2023,12:39,21.6,6.56,0.3,0.62,13.34,20,2023-10-24 12:39:00,042CW1024D,10/24/2023,12:40,35.7,9.07,0.25,0.62,22.14,21,2023-10-24 12:40:00,040CW1025D,10/25/2023,12:45,4.9,1.53,0.31,0.52,2.56,22,2023-10-25 12:45:00,041CW1025D,10/25/2023,12:47,90.0,22.82,0.25,0.57,50.92,23,2023-10-25 12:47:00,043CW10192,10/19/2023,11:55,90.0,24.04,0.27,-1.0,-1.0,6,2023-10-19 11:55:00,0421021D4,10/21/2023,13:29,90.0,15.57,0.17,-1.0,-1.0,12,2023-10-21 13:29:00,042CW10232,10/23/2023,13:18,90.0,21.88,0.24,-1.0,-1.0,18,2023-10-23 13:18:00,042CW1025D,10/25/2023,12:49,90.0,19.25,0.21,-1.0,-1.0,24,2023-10-25 12:49:00,070CW10262,10/26/2023,12:12,12.6,3.88,0.31,1.17,14.72,25,2023-10-26 12:12:00,071CW10262,10/26/2023,12:13,21.1,6.06,0.29,1.06,22.31,26,2023-10-26 12:13:00,072CW10262,10/26/2023,12:14,1.4,0.26,0.19,0.1,0.13,27,2023-10-26 12:14:00,100CW10262,10/26/2023,13:10,2.4,1.0,0.42,0.58,1.39,28,2023-10-26 13:10:00,101CW10262,10/26/2023,13:11,3.7,1.48,0.4,0.8,2.98,29,2023-10-26 13:11:00,102CW10262,10/26/2023,13:12,9.6,3.25,0.34,1.14,10.99,30,2023-10-26 13:12:00,APOE4,Keto,0.0,120,180,77700,77760,161280,161400,161580,256080,256200,335280,335340,335400,428220,428340,512460,512580,512640,599340,599460,77940,256380,428520,599580,683760,683820,683880,687240,687300,687360,Burke,rat,Burke_WM_1,7:00,19:00,Gall_SearchError,Watermaze,184,NIA,M
043CWAPOE_,10/18/2023,14:24,1816.SB,90.0,20.97,0.23,0.81,73.13,1,2023-10-18 14:24:00,044CWAPOE_,10/18/2023,14:26,90.0,12.32,0.14,0.92,83.07,2,2023-10-18 14:26:00,045CWAPOE_,10/18/2023,14:29,90.0,18.48,0.21,0.95,85.8,3,2023-10-18 14:29:00,044CW10192,10/19/2023,11:59,90.0,22.98,0.26,1.01,91.18,4,2023-10-19 11:59:00,045CW10192,10/19/2023,12:00,19.8,4.47,0.23,0.83,16.46,5,2023-10-19 12:00:00,043102023D,10/20/2023,11:12,74.2,1.7,0.02,0.45,33.02,7,2023-10-20 11:12:00,044102023D,10/20/2023,11:15,12.8,3.5,0.27,0.46,5.85,8,2023-10-20 11:15:00,045102023D,10/20/2023,11:17,27.4,7.15,0.26,0.67,18.49,9,2023-10-20 11:17:00,0431021D4,10/21/2023,13:32,90.0,4.86,0.05,0.68,61.21,10,2023-10-21 13:32:00,0441021D4,10/21/2023,13:33,6.6,0.74,0.11,0.26,1.69,11,2023-10-21 13:33:00,0431022D5,10/22/2023,11:28,3.4,0.71,0.21,0.23,0.78,13,2023-10-22 11:28:00,0441022D5,10/22/2023,11:30,24.8,7.18,0.29,0.77,19.09,14,2023-10-22 11:30:00,0451022D5,10/22/2023,11:31,35.9,8.2,0.23,0.44,15.84,15,2023-10-22 11:31:00,043CW10232,10/23/2023,13:22,13.6,3.68,0.27,0.82,11.12,16,2023-10-23 13:22:00,044CW10232,10/23/2023,13:25,10.8,2.57,0.24,0.37,4.01,17,2023-10-23 13:25:00,043CW1024D,10/24/2023,12:43,30.3,9.08,0.3,0.74,22.3,19,2023-10-24 12:43:00,044CW1024D,10/24/2023,12:44,3.1,0.6,0.19,0.27,0.83,20,2023-10-24 12:44:00,045CW1024D,10/24/2023,12:46,79.8,18.93,0.24,0.57,45.44,21,2023-10-24 12:46:00,043CW1025D,10/25/2023,12:52,4.9,1.58,0.32,0.52,2.57,22,2023-10-25 12:52:00,044CW1025D,10/25/2023,12:53,3.8,0.84,0.22,0.25,0.94,23,2023-10-25 12:53:00,046CW10192,10/19/2023,12:03,90.0,18.39,0.2,-1.0,-1.0,6,2023-10-19 12:03:00,0451021D4,10/21/2023,13:36,90.0,15.65,0.17,-1.0,-1.0,12,2023-10-21 13:36:00,045CW10232,10/23/2023,13:28,90.0,20.02,0.22,-1.0,-1.0,18,2023-10-23 13:28:00,045CW1025D,10/25/2023,12:56,90.0,20.83,0.23,-1.0,-1.0,24,2023-10-25 12:56:00,073CW10262,10/26/2023,12:15,11.8,3.44,0.29,0.85,9.97,25,2023-10-26 12:15:00,074CW10262,10/26/2023,12:16,3.0,0.64,0.21,0.28,0.85,26,2023-10-26 12:16:00,075CW10262,10/26/2023,12:19,8.0,1.61,0.2,0.29,2.31,27,2023-10-26 12:19:00,103CW10262,10/26/2023,13:15,3.1,0.96,0.31,0.58,1.8,28,2023-10-26 13:15:00,104CW10262,10/26/2023,13:16,10.3,3.3,0.32,0.95,9.83,29,2023-10-26 13:16:00,105CW10262,10/26/2023,13:18,6.7,2.16,0.32,1.09,7.28,30,2023-10-26 13:18:00,APOE4,Keto,0.0,120,300,77700,77760,161280,161460,161580,256080,256140,335040,335160,335220,428280,428460,512340,512400,512520,599280,599340,77940,256320,428640,599520,683460,683520,683700,687060,687120,687240,Burke,rat,Burke_WM_1,7:00,19:00,Gall_SearchError,Watermaze,184,NIA,M
046CWAPOE_,10/18/2023,14:34,1817.SB,66.0,17.38,0.26,0.76,50.48,1,2023-10-18 14:34:00,047CWAPOE_,10/18/2023,14:36,70.7,17.0,0.24,0.75,52.7,2,2023-10-18 14:36:00,048CWAPOE_,10/18/2023,14:37,3.2,0.28,0.09,0.09,0.29,3,2023-10-18 14:37:00,047CW10192,10/19/2023,12:05,59.7,14.44,0.24,0.91,54.56,4,2023-10-19 12:05:00,048CW10192,10/19/2023,12:06,20.0,5.33,0.27,0.92,18.32,5,2023-10-19 12:06:00,046102023D,10/20/2023,11:19,12.9,3.93,0.3,0.58,7.54,7,2023-10-20 11:19:00,047102023D,10/20/2023,11:21,61.3,14.61,0.24,0.77,47.12,8,2023-10-20 11:21:00,048102023D,10/20/2023,11:23,90.0,17.3,0.19,0.98,88.03,9,2023-10-20 11:23:00,0461021D4,10/21/2023,13:43,90.0,21.1,0.23,1.03,92.52,10,2023-10-21 13:43:00,0471021D4,10/21/2023,13:44,9.2,1.38,0.15,0.26,2.43,11,2023-10-21 13:44:00,0461022D5,10/22/2023,11:35,68.3,19.1,0.28,0.93,63.3,13,2023-10-22 11:35:00,0471022D5,10/22/2023,11:36,7.5,1.45,0.19,0.67,5.05,14,2023-10-22 11:36:00,0481022D5,10/22/2023,11:37,7.7,1.41,0.18,0.33,2.53,15,2023-10-22 11:37:00,046CW10232,10/23/2023,13:33,67.7,20.75,0.31,0.92,62.62,16,2023-10-23 13:33:00,047CW10232,10/23/2023,13:35,17.2,4.33,0.25,0.39,6.75,17,2023-10-23 13:35:00,046CW1024D,10/24/2023,12:48,44.8,13.38,0.3,0.91,40.71,19,2023-10-24 12:48:00,047CW1024D,10/24/2023,12:49,12.8,3.59,0.28,0.94,12.04,20,2023-10-24 12:49:00,048CW1024D,10/24/2023,12:50,10.9,3.28,0.3,1.04,11.39,21,2023-10-24 12:50:00,046CW1025D,10/25/2023,12:58,9.7,3.07,0.32,0.97,9.42,22,2023-10-25 12:58:00,047CW1025D,10/25/2023,12:59,4.4,1.17,0.27,0.51,2.23,23,2023-10-25 12:59:00,049CW10192,10/19/2023,12:08,90.0,21.25,0.24,-1.0,-1.0,6,2023-10-19 12:08:00,0481021D4,10/21/2023,13:46,90.0,18.61,0.21,-1.0,-1.0,12,2023-10-21 13:46:00,048CW10232,10/23/2023,13:40,90.0,21.69,0.24,-1.0,-1.0,18,2023-10-23 13:40:00,048CW1025D,10/25/2023,13:02,90.0,23.17,0.26,-1.0,-1.0,24,2023-10-25 13:02:00,076CW10262,10/26/2023,12:21,1.9,0.43,0.23,0.23,0.44,25,2023-10-26 12:21:00,077CW10262,10/26/2023,12:22,1.4,0.39,0.28,0.28,0.39,26,2023-10-26 12:22:00,078CW10262,10/26/2023,12:23,3.6,1.08,0.3,0.42,1.5,27,2023-10-26 12:23:00,106CW10262,10/26/2023,13:20,3.1,1.06,0.34,0.61,1.9,28,2023-10-26 13:20:00,107CW10262,10/26/2023,13:21,4.5,1.56,0.35,0.69,3.11,29,2023-10-26 13:21:00,108CW10262,10/26/2023,13:22,11.1,3.14,0.28,0.87,9.67,30,2023-10-26 13:22:00,APOE4,Keto,0.0,120,180,77460,77520,161100,161220,161340,256140,256200,334860,334920,334980,428340,428460,512040,512100,512160,599040,599100,77640,256320,428760,599280,683220,683280,683340,686760,686820,686880,Burke,rat,Burke_WM_1,7:00,19:00,Gall_SearchError,Watermaze,184,NIA,M
019CWAPOE_,10/18/2023,13:11,1838.SB,90.0,26.42,0.29,0.96,85.97,1,2023-10-18 13:11:00,020CWAPOE_,10/18/2023,13:12,12.2,3.46,0.28,0.78,9.55,2,2023-10-18 13:12:00,021CWAPOE_,10/18/2023,13:14,19.3,5.39,0.28,0.61,11.7,3,2023-10-18 13:14:00,020CW10192,10/19/2023,10:49,7.4,1.45,0.2,0.49,3.59,4,2023-10-19 10:49:00,021CW10192,10/19/2023,10:51,59.0,20.16,0.34,0.99,58.63,5,2023-10-19 10:51:00,019102023D,10/20/2023,09:58,3.2,0.77,0.24,0.35,1.13,7,2023-10-20 09:58:00,020102023D,10/20/2023,10:00,77.5,26.75,0.35,0.79,61.34,8,2023-10-20 10:00:00,021102023D,10/20/2023,10:02,32.3,9.29,0.29,0.74,23.81,9,2023-10-20 10:02:00,0191021D4,10/21/2023,12:25,16.6,4.35,0.26,0.71,11.75,10,2023-10-21 12:25:00,0201021D4,10/21/2023,12:26,35.9,10.91,0.3,0.6,21.69,11,2023-10-21 12:26:00,0191022D5,10/22/2023,10:35,41.1,11.78,0.29,0.71,29.25,13,2023-10-22 10:35:00,0201022D5,10/22/2023,10:36,43.2,0.53,0.01,0.98,42.23,14,2023-10-22 10:36:00,0211022D5,10/22/2023,10:38,2.6,0.71,0.27,0.29,0.77,15,2023-10-22 10:38:00,019CW10232,10/23/2023,11:29,5.2,1.42,0.27,0.43,2.23,16,2023-10-23 11:29:00,020CW10232,10/23/2023,11:31,4.1,0.96,0.23,0.39,1.58,17,2023-10-23 11:31:00,019CW1024D,10/24/2023,11:57,8.5,2.37,0.28,0.61,5.19,19,2023-10-24 11:57:00,020CW1024D,10/24/2023,11:59,90.0,23.45,0.26,0.63,56.35,20,2023-10-24 11:59:00,021CW1024D,10/24/2023,12:00,16.9,4.82,0.29,0.79,13.34,21,2023-10-24 12:00:00,019CW1025D,10/25/2023,11:28,54.5,16.63,0.31,0.84,45.7,22,2023-10-25 11:28:00,020CW1025D,10/25/2023,11:30,25.0,7.02,0.28,0.53,13.17,23,2023-10-25 11:30:00,022CW10192,10/19/2023,10:54,90.0,26.46,0.29,-1.0,-1.0,6,2023-10-19 10:54:00,0211021D4,10/21/2023,12:29,90.0,10.09,0.11,-1.0,-1.0,12,2023-10-21 12:29:00,021CW10232,10/23/2023,11:34,90.0,24.25,0.27,-1.0,-1.0,18,2023-10-23 11:34:00,021CW1025D,10/25/2023,11:33,90.0,22.36,0.25,-1.0,-1.0,24,2023-10-25 11:33:00,019CW10262,10/26/2023,10:29,29.7,9.5,0.32,1.01,30.12,25,2023-10-26 10:29:00,020CW10262,10/26/2023,10:30,8.1,2.2,0.27,0.53,4.26,26,2023-10-26 10:30:00,021CW10262,10/26/2023,10:32,8.9,2.69,0.3,0.49,4.33,27,2023-10-26 10:32:00,049CW10262,10/26/2023,11:30,8.7,3.32,0.38,1.03,8.96,28,2023-10-26 11:30:00,050CW10262,10/26/2023,11:31,3.2,1.07,0.33,0.33,1.06,29,2023-10-26 11:31:00,051CW10262,10/26/2023,11:32,16.2,5.0,0.31,1.16,18.85,30,2023-10-26 11:32:00,Wt,Mash,0.0,60,180,77880,78000,161220,161340,161460,256440,256500,336240,336300,336420,425880,426000,513960,514080,514140,598620,598740,78180,256680,426180,598920,681480,681540,681660,685140,685200,685260,Burke,rat,Burke_WM_1,7:00,19:00,Gall_SearchError,Watermaze,184,NIA,M
022CWAPOE_,10/18/2023,13:25,1839.SB,17.7,5.1,0.29,0.46,8.1,1,2023-10-18 13:25:00,023CWAPOE_,10/18/2023,13:27,35.7,5.89,0.16,0.37,13.35,2,2023-10-18 13:27:00,024CWAPOE_,10/18/2023,13:29,24.3,3.83,0.16,0.48,11.65,3,2023-10-18 13:29:00,023CW10192,10/19/2023,10:56,7.3,1.51,0.21,0.41,2.97,4,2023-10-19 10:56:00,024CW10192,10/19/2023,10:57,15.8,5.01,0.32,0.79,12.41,5,2023-10-19 10:57:00,022102023D,10/20/2023,10:04,17.4,4.87,0.28,0.75,12.97,7,2023-10-20 10:04:00,023102023D,10/20/2023,10:09,69.6,14.79,0.21,0.79,54.9,8,2023-10-20 10:09:00,024102023D,10/20/2023,10:12,51.6,10.93,0.21,0.91,47.2,9,2023-10-20 10:12:00,0221021D4,10/21/2023,12:32,49.1,14.13,0.29,0.95,46.84,10,2023-10-21 12:32:00,0231021D4,10/21/2023,12:33,35.0,9.63,0.28,0.57,19.78,11,2023-10-21 12:33:00,0221022D5,10/22/2023,10:40,19.6,5.38,0.27,0.75,14.67,13,2023-10-22 10:40:00,0231022D5,10/22/2023,10:42,61.8,18.48,0.3,0.74,45.45,14,2023-10-22 10:42:00,0241022D5,10/22/2023,10:44,36.3,11.13,0.31,0.75,27.32,15,2023-10-22 10:44:00,022CW10232,10/23/2023,11:39,47.4,14.03,0.3,0.71,33.7,16,2023-10-23 11:39:00,023CW10232,10/23/2023,11:48,26.0,6.91,0.27,0.65,16.99,17,2023-10-23 11:48:00,022CW1024D,10/24/2023,12:02,13.2,4.45,0.34,0.97,12.84,19,2023-10-24 12:02:00,023CW1024D,10/24/2023,12:03,2.4,0.82,0.34,0.39,0.93,20,2023-10-24 12:03:00,024CW1024D,10/24/2023,12:04,4.1,1.55,0.38,0.68,2.77,21,2023-10-24 12:04:00,022CW1025D,10/25/2023,11:36,9.6,2.92,0.3,0.59,5.64,22,2023-10-25 11:36:00,023CW1025D,10/25/2023,11:40,31.2,8.73,0.28,0.65,20.19,23,2023-10-25 11:40:00,025CW10192,10/19/2023,11:00,90.0,24.2,0.27,-1.0,-1.0,6,2023-10-19 11:00:00,0241021D4,10/21/2023,12:36,90.0,2.78,0.03,-1.0,-1.0,12,2023-10-21 12:36:00,024CW10232,10/23/2023,11:54,90.0,17.27,0.19,-1.0,-1.0,18,2023-10-23 11:54:00,024CW1025D,10/25/2023,11:42,90.0,19.15,0.21,-1.0,-1.0,24,2023-10-25 11:42:00,022CW10262,10/26/2023,10:34,3.4,0.73,0.22,0.18,0.61,25,2023-10-26 10:34:00,023CW10262,10/26/2023,10:35,2.2,0.51,0.23,0.18,0.39,26,2023-10-26 10:35:00,024CW10262,10/26/2023,10:37,2.2,0.53,0.24,0.17,0.37,27,2023-10-26 10:37:00,052CW10262,10/26/2023,11:35,54.8,14.06,0.26,1.1,60.48,28,2023-10-26 11:35:00,053CW10262,10/26/2023,11:36,15.8,5.65,0.36,0.86,13.56,29,2023-10-26 11:36:00,054CW10262,10/26/2023,11:37,13.1,3.72,0.28,1.11,14.49,30,2023-10-26 11:37:00,Wt,Mash,0.0,120,240,77460,77520,160740,161040,161220,256020,256080,335700,335820,335940,425640,426180,513420,513480,513540,598260,598500,77700,256260,426540,598620,680940,681000,681120,684600,684660,684720,Burke,rat,Burke_WM_1,7:00,19:00,Gall_SearchError,Watermaze,184,NIA,M
025CWAPOE_,10/18/2023,13:33,1840.SB,90.0,2.42,0.03,0.69,61.87,1,2023-10-18 13:33:00,026CWAPOE_,10/18/2023,13:36,29.0,7.4,0.26,0.73,21.17,2,2023-10-18 13:36:00,027CWAPOE_,10/18/2023,13:37,2.9,0.49,0.17,0.15,0.44,3,2023-10-18 13:37:00,026CW10192,10/19/2023,11:04,90.0,27.36,0.3,0.98,88.29,4,2023-10-19 11:04:00,027CW10192,10/19/2023,11:06,90.0,21.07,0.23,0.87,78.19,5,2023-10-19 11:06:00,025102023D,10/20/2023,10:16,90.0,23.94,0.27,0.95,85.56,7,2023-10-20 10:16:00,026102023D,10/20/2023,10:19,90.0,22.36,0.25,0.91,82.17,8,2023-10-20 10:19:00,027102023D,10/20/2023,10:20,14.8,3.85,0.26,0.55,8.17,9,2023-10-20 10:20:00,0251021D4,10/21/2023,12:39,7.4,1.67,0.23,0.66,4.91,10,2023-10-21 12:39:00,0261021D4,10/21/2023,12:40,11.3,3.66,0.32,0.64,7.21,11,2023-10-21 12:40:00,0251022D5,10/22/2023,10:49,90.0,27.02,0.3,0.96,86.77,13,2023-10-22 10:49:00,0261022D5,10/22/2023,10:52,90.0,20.53,0.23,0.96,86.09,14,2023-10-22 10:52:00,0271022D5,10/22/2023,10:53,52.9,9.88,0.19,0.62,33.03,15,2023-10-22 10:53:00,025CW10232,10/23/2023,12:05,11.9,3.44,0.29,0.81,9.66,16,2023-10-23 12:05:00,026CW10232,10/23/2023,12:07,28.4,8.03,0.28,0.75,21.23,17,2023-10-23 12:07:00,025CW1024D,10/24/2023,12:06,24.9,7.42,0.3,0.81,20.19,19,2023-10-24 12:06:00,026CW1024D,10/24/2023,12:07,21.6,6.69,0.31,0.45,9.79,20,2023-10-24 12:07:00,027CW1024D,10/24/2023,12:08,30.9,9.27,0.3,0.81,25.13,21,2023-10-24 12:08:00,025CW1025D,10/25/2023,11:45,47.2,14.67,0.31,0.91,43.07,22,2023-10-25 11:45:00,026CW1025D,10/25/2023,11:46,9.8,2.53,0.26,0.42,4.09,23,2023-10-25 11:46:00,028CW10192,10/19/2023,11:09,90.0,19.63,0.22,-1.0,-1.0,6,2023-10-19 11:09:00,0271021D4,10/21/2023,12:43,90.0,25.19,0.28,-1.0,-1.0,12,2023-10-21 12:43:00,027CW10232,10/23/2023,12:09,90.0,12.7,0.14,-1.0,-1.0,18,2023-10-23 12:09:00,027CW1025D,10/25/2023,11:49,90.0,21.81,0.24,-1.0,-1.0,24,2023-10-25 11:49:00,025CW10262,10/26/2023,10:39,15.6,3.85,0.25,0.96,14.9,25,2023-10-26 10:39:00,026CW10262,10/26/2023,10:40,14.8,4.34,0.29,0.85,12.57,26,2023-10-26 10:40:00,027CW10262,10/26/2023,10:42,4.6,1.31,0.28,0.37,1.71,27,2023-10-26 10:42:00,055CW10262,10/26/2023,11:39,14.4,4.5,0.31,1.03,14.86,28,2023-10-26 11:39:00,056CW10262,10/26/2023,11:40,8.2,2.4,0.29,0.82,6.69,29,2023-10-26 11:40:00,057CW10262,10/26/2023,11:41,6.8,2.2,0.32,0.75,5.13,30,2023-10-26 11:41:00,Wt,Mash,0.0,180,240,77460,77580,160980,161160,161220,255960,256020,335760,335940,336000,426720,426840,513180,513240,513300,598320,598380,77760,256200,426960,598560,680760,680820,680940,684360,684420,684480,Burke,rat,Burke_WM_1,7:00,19:00,Gall_SearchError,Watermaze,184,NIA,M
028CWAPOE_,10/18/2023,13:40,1841.SB,5.5,1.1,0.2,0.52,2.87,1,2023-10-18 13:40:00,029CWAPOE_,10/18/2023,13:42,30.9,9.46,0.31,0.92,28.4,2,2023-10-18 13:42:00,030CWAPOE_,10/18/2023,13:44,90.0,20.14,0.22,0.93,84.08,3,2023-10-18 13:44:00,029CW10192,10/19/2023,11:13,33.1,9.56,0.29,0.76,25.0,4,2023-10-19 11:13:00,030CW10192,10/19/2023,11:14,19.5,4.87,0.25,0.49,9.51,5,2023-10-19 11:14:00,028102023D,10/20/2023,10:23,5.4,1.29,0.24,0.31,1.66,7,2023-10-20 10:23:00,029102023D,10/20/2023,10:25,90.0,24.69,0.27,0.95,85.92,8,2023-10-20 10:25:00,030102023D,10/20/2023,10:27,33.3,8.05,0.24,0.9,30.07,9,2023-10-20 10:27:00,0281021D4,10/21/2023,12:46,60.0,19.15,0.32,0.83,49.81,10,2023-10-21 12:46:00,0291021D4,10/21/2023,12:48,35.6,11.23,0.32,0.69,24.5,11,2023-10-21 12:48:00,0281022D5,10/22/2023,10:57,71.5,20.4,0.29,0.68,48.84,13,2023-10-22 10:57:00,0291022D5,10/22/2023,10:59,65.6,14.18,0.22,0.49,31.97,14,2023-10-22 10:59:00,0301022D5,10/22/2023,11:00,28.9,7.18,0.25,0.57,16.37,15,2023-10-22 11:00:00,028CW10232,10/23/2023,12:16,27.1,8.93,0.33,0.84,22.89,16,2023-10-23 12:16:00,029CW10232,10/23/2023,12:18,8.2,1.94,0.24,0.56,4.58,17,2023-10-23 12:18:00,028CW1024D,10/24/2023,12:10,35.1,10.56,0.3,1.03,35.99,19,2023-10-24 12:10:00,029CW1024D,10/24/2023,12:11,7.3,1.84,0.25,0.24,1.78,20,2023-10-24 12:11:00,030CW1024D,10/24/2023,12:13,58.1,16.16,0.28,0.69,40.36,21,2023-10-24 12:13:00,028CW1025D,10/25/2023,11:51,10.9,3.87,0.36,0.6,6.59,22,2023-10-25 11:51:00,029CW1025D,10/25/2023,11:52,1.9,0.51,0.27,0.18,0.35,23,2023-10-25 11:52:00,031CW10192,10/19/2023,11:17,90.0,20.76,0.23,-1.0,-1.0,6,2023-10-19 11:17:00,0301021D4,10/21/2023,12:50,90.0,23.82,0.26,-1.0,-1.0,12,2023-10-21 12:50:00,030CW10232,10/23/2023,12:21,90.0,20.71,0.23,-1.0,-1.0,18,2023-10-23 12:21:00,030CW1025D,10/25/2023,11:54,90.0,27.28,0.3,-1.0,-1.0,24,2023-10-25 11:54:00,028CW10262,10/26/2023,10:44,11.0,4.23,0.38,0.94,10.31,25,2023-10-26 10:44:00,029CW10262,10/26/2023,10:45,2.1,0.51,0.25,0.16,0.34,26,2023-10-26 10:45:00,030CW10262,10/26/2023,10:47,11.0,3.48,0.32,0.56,6.21,27,2023-10-26 10:47:00,058CW10262,10/26/2023,11:43,3.5,1.02,0.29,0.37,1.29,28,2023-10-26 11:43:00,059CW10262,10/26/2023,11:44,5.5,1.98,0.36,0.74,4.05,29,2023-10-26 11:44:00,060CW10262,10/26/2023,11:45,8.5,2.92,0.34,1.0,8.48,30,2023-10-26 11:45:00,Wt,Mash,0.0,120,240,77580,77640,160980,161100,161220,255960,256080,335820,335940,336000,426960,427080,513000,513060,513180,598260,598320,77820,256200,427260,598440,680640,680700,680820,684180,684240,684300,Burke,rat,Burke_WM_1,7:00,19:00,Gall_SearchError,Watermaze,184,NIA,M
049CWAPOE_,10/18/2023,14:41,1842.SB,90.0,22.39,0.25,0.89,80.5,1,2023-10-18 14:41:00,050CWAPOE_,10/18/2023,14:44,90.0,11.42,0.13,0.94,84.98,2,2023-10-18 14:44:00,051CWAPOE_,10/18/2023,14:47,90.0,11.03,0.12,0.8,71.76,3,2023-10-18 14:47:00,050CW10192,10/19/2023,12:12,90.0,28.36,0.32,0.94,84.34,4,2023-10-19 12:12:00,051CW10192,10/19/2023,12:13,10.8,1.33,0.12,0.17,1.86,5,2023-10-19 12:13:00,049102023D,10/20/2023,11:27,77.9,25.5,0.33,0.97,75.3,7,2023-10-20 11:27:00,050102023D,10/20/2023,11:28,18.1,5.36,0.3,0.87,15.73,8,2023-10-20 11:28:00,051102023D,10/20/2023,11:30,23.4,5.59,0.24,0.58,13.68,9,2023-10-20 11:30:00,0491021D4,10/21/2023,13:50,50.2,16.21,0.32,0.8,40.15,10,2023-10-21 13:50:00,0501021D4,10/21/2023,13:51,20.2,5.74,0.28,0.63,12.77,11,2023-10-21 13:51:00,0491022D5,10/22/2023,11:40,90.0,25.64,0.28,0.81,72.81,13,2023-10-22 11:40:00,0501022D5,10/22/2023,11:41,29.0,7.25,0.25,0.89,25.68,14,2023-10-22 11:41:00,0511022D5,10/22/2023,11:42,16.9,4.52,0.27,0.84,14.27,15,2023-10-22 11:42:00,049CW10232,10/23/2023,13:45,28.2,8.33,0.3,0.75,21.11,16,2023-10-23 13:45:00,050CW10232,10/23/2023,13:47,11.3,3.38,0.3,0.85,9.64,17,2023-10-23 13:47:00,049CW1024D,10/24/2023,12:52,47.2,13.29,0.28,0.66,31.21,19,2023-10-24 12:52:00,050CW1024D,10/24/2023,12:53,25.5,6.58,0.26,0.64,16.24,20,2023-10-24 12:53:00,051CW1024D,10/24/2023,12:55,23.3,5.97,0.26,0.82,19.13,21,2023-10-24 12:55:00,049CW1025D,10/25/2023,13:07,8.2,2.15,0.26,0.86,7.03,22,2023-10-25 13:07:00,050CW1025D,10/25/2023,13:08,24.3,5.89,0.24,0.42,10.22,23,2023-10-25 13:08:00,052CW10192,10/19/2023,12:15,90.0,22.75,0.25,-1.0,-1.0,6,2023-10-19 12:15:00,0511021D4,10/21/2023,13:54,90.0,21.21,0.24,-1.0,-1.0,12,2023-10-21 13:54:00,051CW10232,10/23/2023,13:51,90.0,23.35,0.26,-1.0,-1.0,18,2023-10-23 13:51:00,051CW1025D,10/25/2023,13:11,90.0,22.74,0.25,-1.0,-1.0,24,2023-10-25 13:11:00,079CW10262,10/26/2023,12:25,14.1,4.41,0.31,1.11,15.63,25,2023-10-26 12:25:00,080CW10262,10/26/2023,12:27,15.4,4.15,0.27,0.97,14.92,26,2023-10-26 12:27:00,081CW10262,10/26/2023,12:28,1.7,0.61,0.36,0.11,0.18,27,2023-10-26 12:28:00,109CW10262,10/26/2023,13:24,11.7,4.03,0.34,1.2,14.08,28,2023-10-26 13:24:00,110CW10262,10/26/2023,13:26,4.6,1.39,0.3,0.73,3.36,29,2023-10-26 13:26:00,111CW10262,10/26/2023,13:27,14.2,7.54,0.53,0.89,12.6,30,2023-10-26 13:27:00,Wt,Keto,0.0,180,360,77460,77520,161160,161220,161340,256140,256200,334740,334800,334860,428640,428760,511860,511920,512040,599160,599220,77640,256380,429000,599400,683040,683160,683220,686580,686700,686760,Burke,rat,Burke_WM_1,7:00,19:00,Gall_SearchError,Watermaze,184,NIA,M
052CWAPOE_,10/18/2023,14:53,1843.SB,90.0,22.24,0.25,0.77,69.39,1,2023-10-18 14:53:00,053CWAPOE_,10/18/2023,14:55,31.1,11.55,0.37,0.81,25.07,2,2023-10-18 14:55:00,054CWAPOE_,10/18/2023,14:57,90.0,29.83,0.33,0.87,78.2,3,2023-10-18 14:57:00,053CW10192,10/19/2023,12:20,77.7,29.58,0.38,0.88,68.67,4,2023-10-19 12:20:00,054CW10192,10/19/2023,12:21,9.8,3.15,0.32,0.64,6.23,5,2023-10-19 12:21:00,052102023D,10/20/2023,11:32,1.9,0.55,0.29,0.18,0.34,7,2023-10-20 11:32:00,053102023D,10/20/2023,11:33,35.0,13.4,0.38,0.89,31.12,8,2023-10-20 11:33:00,054102023D,10/20/2023,11:34,3.6,1.43,0.4,0.62,2.25,9,2023-10-20 11:34:00,0521021D4,10/21/2023,13:57,81.0,27.37,0.34,0.84,68.31,10,2023-10-21 13:57:00,0531021D4,10/21/2023,13:57,4.9,1.11,0.23,0.36,1.78,11,2023-10-21 13:57:00,0521022D5,10/22/2023,11:45,90.0,33.21,0.37,0.94,84.62,13,2023-10-22 11:45:00,0531022D5,10/22/2023,11:47,29.4,9.96,0.34,0.57,16.78,14,2023-10-22 11:47:00,0541022D5,10/22/2023,11:49,32.3,11.26,0.35,0.63,20.47,15,2023-10-22 11:49:00,052CW10232,10/23/2023,13:55,26.2,9.68,0.37,0.7,18.25,16,2023-10-23 13:55:00,053CW10232,10/23/2023,13:56,5.3,1.35,0.26,0.44,2.32,17,2023-10-23 13:56:00,052CW1024D,10/24/2023,12:56,24.7,6.82,0.28,0.85,21.02,19,2023-10-24 12:56:00,053CW1024D,10/24/2023,12:57,4.6,1.81,0.39,0.43,1.97,20,2023-10-24 12:57:00,054CW1024D,10/24/2023,12:58,8.5,2.44,0.29,0.42,3.54,21,2023-10-24 12:58:00,052CW1025D,10/25/2023,13:13,40.8,11.83,0.29,0.82,33.29,22,2023-10-25 13:13:00,053CW1025D,10/25/2023,13:14,2.6,0.69,0.26,0.18,0.47,23,2023-10-25 13:14:00,055CW10192,10/19/2023,12:23,90.0,29.34,0.33,-1.0,-1.0,6,2023-10-19 12:23:00,0541021D4,10/21/2023,14:00,90.0,27.94,0.31,-1.0,-1.0,12,2023-10-21 14:00:00,054CW10232,10/23/2023,14:00,90.0,28.35,0.31,-1.0,-1.0,18,2023-10-23 14:00:00,054CW1025D,10/25/2023,13:17,90.0,27.21,0.3,-1.0,-1.0,24,2023-10-25 13:17:00,082CW10262,10/26/2023,12:31,21.2,6.24,0.29,1.1,23.24,25,2023-10-26 12:31:00,083CW10262,10/26/2023,12:32,1.6,0.41,0.26,0.28,0.45,26,2023-10-26 12:32:00,084CW10262,10/26/2023,12:35,2.7,0.75,0.28,0.31,0.85,27,2023-10-26 12:35:00,112CW10262,10/26/2023,13:29,3.9,1.08,0.28,0.55,2.16,28,2023-10-26 13:29:00,113CW10262,10/26/2023,13:31,4.6,1.63,0.35,0.82,3.77,29,2023-10-26 13:31:00,114CW10262,10/26/2023,13:32,5.3,1.89,0.36,0.78,4.14,30,2023-10-26 13:32:00,Wt,Keto,0.0,120,240,77220,77280,160740,160800,160860,255840,255840,334320,334440,334560,428520,428580,511380,511440,511500,598800,598860,77400,256020,428820,599040,682680,682740,682920,686160,686280,686340,Burke,rat,Burke_WM_1,7:00,19:00,Gall_SearchError,Watermaze,184,NIA,M
055CWAPOE_,10/18/2023,15:02,1844.SB,90.0,24.01,0.27,0.9,81.37,1,2023-10-18 15:02:00,056CWAPOE_,10/18/2023,15:05,90.0,17.45,0.19,0.91,81.61,2,2023-10-18 15:05:00,057CWAPOE_,10/18/2023,15:08,90.0,14.88,0.17,0.67,60.68,3,2023-10-18 15:08:00,056CW10192,10/19/2023,12:27,90.0,24.09,0.27,0.98,88.19,4,2023-10-19 12:27:00,057CW10192,10/19/2023,12:29,90.0,23.0,0.26,1.01,90.7,5,2023-10-19 12:29:00,055102023D,10/20/2023,11:38,90.0,25.84,0.29,0.97,87.21,7,2023-10-20 11:38:00,056102023D,10/20/2023,11:40,90.0,24.58,0.27,0.97,87.57,8,2023-10-20 11:40:00,057102023D,10/20/2023,11:42,70.5,14.0,0.2,0.83,58.17,9,2023-10-20 11:42:00,0551021D4,10/21/2023,14:03,90.0,23.82,0.26,0.93,84.05,10,2023-10-21 14:03:00,0561021D4,10/21/2023,14:06,89.5,22.2,0.25,0.83,74.58,11,2023-10-21 14:06:00,0551022D5,10/22/2023,11:51,64.0,17.43,0.27,0.92,58.79,13,2023-10-22 11:51:00,0561022D5,10/22/2023,11:52,26.8,6.63,0.25,0.65,17.48,14,2023-10-22 11:52:00,0571022D5,10/22/2023,11:55,85.1,19.83,0.23,0.6,50.79,15,2023-10-22 11:55:00,055CW10232,10/23/2023,14:04,38.0,9.15,0.24,0.71,27.09,16,2023-10-23 14:04:00,056CW10232,10/23/2023,14:06,11.8,2.74,0.23,0.51,6.05,17,2023-10-23 14:06:00,055CW1024D,10/24/2023,13:01,39.7,11.28,0.28,0.95,37.82,19,2023-10-24 13:01:00,056CW1024D,10/24/2023,13:03,78.3,20.99,0.27,0.82,64.47,20,2023-10-24 13:03:00,057CW1024D,10/24/2023,13:04,15.4,3.72,0.24,0.74,11.47,21,2023-10-24 13:04:00,055CW1025D,10/25/2023,13:19,30.8,10.08,0.33,0.71,21.88,22,2023-10-25 13:19:00,056CW1025D,10/25/2023,13:20,14.2,4.23,0.3,0.88,12.49,23,2023-10-25 13:20:00,058CW10192,10/19/2023,12:32,90.0,20.21,0.22,-1.0,-1.0,6,2023-10-19 12:32:00,0571021D4,10/21/2023,14:09,90.0,16.79,0.19,-1.0,-1.0,12,2023-10-21 14:09:00,057CW10232,10/23/2023,14:10,90.0,21.43,0.24,-1.0,-1.0,18,2023-10-23 14:10:00,057CW1025D,10/25/2023,13:23,90.0,23.05,0.26,-1.0,-1.0,24,2023-10-25 13:23:00,085CW10262,10/26/2023,12:37,34.4,10.58,0.31,1.13,38.74,25,2023-10-26 12:37:00,086CW10262,10/26/2023,12:39,2.1,0.39,0.18,0.22,0.46,26,2023-10-26 12:39:00,087CW10262,10/26/2023,12:41,5.3,1.31,0.25,0.22,1.17,27,2023-10-26 12:41:00,115CW10262,10/26/2023,13:34,12.5,3.92,0.31,1.19,14.93,28,2023-10-26 13:34:00,116CW10262,10/26/2023,13:36,6.3,2.35,0.37,0.76,4.82,29,2023-10-26 13:36:00,117CW10262,10/26/2023,13:37,12.2,3.89,0.32,1.14,13.87,30,2023-10-26 13:37:00,Wt,Keto,0.0,180,360,77100,77220,160560,160680,160800,255660,255840,334140,334200,334380,428520,428640,511140,511260,511320,598620,598680,77400,256020,428880,598860,682500,682620,682740,685920,686040,686100,Burke,rat,Burke_WM_1,7:00,19:00,Gall_SearchError,Watermaze,184,NIA,M
058CWAPOE_,10/18/2023,15:13,1845.SB,90.0,24.71,0.27,0.93,83.41,1,2023-10-18 15:13:00,059CWAPOE_,10/18/2023,15:15,4.7,1.32,0.28,0.52,2.42,2,2023-10-18 15:15:00,060CWAPOE_,10/18/2023,15:17,90.0,22.77,0.25,1.01,90.64,3,2023-10-18 15:17:00,059CW10192,10/19/2023,12:36,90.0,24.67,0.27,0.95,85.53,4,2023-10-19 12:36:00,060CW10192,10/19/2023,12:38,90.0,21.97,0.24,0.96,86.38,5,2023-10-19 12:38:00,058102023D,10/20/2023,11:46,90.0,24.86,0.28,1.06,95.47,7,2023-10-20 11:46:00,059102023D,10/20/2023,11:48,90.0,20.68,0.23,0.94,84.95,8,2023-10-20 11:48:00,060102023D,10/20/2023,11:49,5.8,0.8,0.14,0.16,0.91,9,2023-10-20 11:49:00,0581021D4,10/21/2023,14:21,76.9,20.16,0.26,0.94,72.41,10,2023-10-21 14:21:00,0591021D4,10/21/2023,14:22,8.9,1.5,0.17,0.35,3.14,11,2023-10-21 14:22:00,0581022D5,10/22/2023,11:57,90.0,23.05,0.26,0.99,88.98,13,2023-10-22 11:57:00,0591022D5,10/22/2023,12:01,90.0,20.09,0.22,0.9,81.03,14,2023-10-22 12:01:00,0601022D5,10/22/2023,12:03,90.0,19.37,0.22,0.84,75.59,15,2023-10-22 12:03:00,058CW10232,10/23/2023,14:14,28.7,9.09,0.32,0.8,22.99,16,2023-10-23 14:14:00,059CW10232,10/23/2023,14:16,90.0,22.65,0.25,0.86,77.73,17,2023-10-23 14:16:00,058CW1024D,10/24/2023,13:06,34.0,10.07,0.3,1.05,35.65,19,2023-10-24 13:06:00,059CW1024D,10/24/2023,13:08,88.1,20.14,0.23,0.97,85.06,20,2023-10-24 13:08:00,060CW1024D,10/24/2023,13:09,21.2,4.15,0.2,0.98,20.85,21,2023-10-24 13:09:00,058CW1025D,10/25/2023,13:26,12.5,3.32,0.27,0.62,7.7,22,2023-10-25 13:26:00,059CW1025D,10/25/2023,13:27,19.3,5.97,0.31,0.66,12.67,23,2023-10-25 13:27:00,061CW10192,10/19/2023,12:41,90.0,22.19,0.25,-1.0,-1.0,6,2023-10-19 12:41:00,0601021D4,10/21/2023,14:25,90.0,22.28,0.25,-1.0,-1.0,12,2023-10-21 14:25:00,060CW10232,10/23/2023,14:20,90.0,7.08,0.08,-1.0,-1.0,18,2023-10-23 14:20:00,060CW1025D,10/25/2023,13:30,90.0,20.3,0.23,-1.0,-1.0,24,2023-10-25 13:30:00,088CW10262,10/26/2023,12:44,52.6,15.95,0.3,1.34,70.5,25,2023-10-26 12:44:00,089CW10262,10/26/2023,12:46,32.0,7.51,0.23,1.2,38.39,26,2023-10-26 12:46:00,090CW10262,10/26/2023,12:48,21.3,6.05,0.28,0.73,15.45,27,2023-10-26 12:48:00,118CW10262,10/26/2023,13:39,12.1,4.01,0.33,1.23,14.86,28,2023-10-26 13:39:00,119CW10262,10/26/2023,13:40,28.2,4.36,0.15,0.38,10.75,29,2023-10-26 13:40:00,120CW10262,10/26/2023,13:41,18.7,5.49,0.29,1.06,19.77,30,2023-10-26 13:41:00,Wt,Keto,0.0,120,240,76980,77100,160380,160500,160560,256080,256140,333840,334080,334200,428460,428580,510780,510900,510960,598380,598440,77280,256320,428820,598620,682260,682380,682500,685560,685620,685680,Burke,rat,Burke_WM_1,7:00,19:00,Gall_SearchError,Watermaze,184,NIA,M
